{
  "properties": {
    "connectionReferences": {
      "shared_office365": {
        "api": {
          "name": "shared_office365"
        },
        "connection": {
          "connectionReferenceLogicalName": "new_sharedoffice365_337dc"
        },
        "runtimeSource": "embedded"
      }
    },
    "definition": {
      "$schema": "https://schema.management.azure.com/providers/Microsoft.Logic/schemas/2016-06-01/workflowdefinition.json#",
      "contentVersion": "1.0.0.0",
      "parameters": {
        "$authentication": {
          "defaultValue": {},
          "type": "SecureObject"
        },
        "$connections": {
          "defaultValue": {},
          "type": "Object"
        },
        "PpacReportsEmailAdmins (ptricks_PpacReportsEmailAdmins)": {
          "defaultValue": "ValAdmin@powertricks.onmicrosoft.com",
          "type": "String",
          "metadata": {
            "schemaName": "ptricks_PpacReportsEmailAdmins",
            "description": "Email to send alerts in case of failure"
          }
        },
        "PpacReportsNumberSoonestReport (ptricks_PpacReportsNumberSoonestReport)": {
          "defaultValue": 3,
          "type": "Int",
          "metadata": {
            "schemaName": "ptricks_PpacReportsNumberSoonestReport",
            "description": "Number of days before today that we can get the report for. Default is 3, meaning that each day the reports will be extracted related to 3 days ago. 3 is the latest confirmed number, if less than 3 the reports might come out empty"
          }
        },
        "PpacReportsNumberCopsLookbackDays (ptricks_PpacReportsNumberCopsLookbackDays)": {
          "defaultValue": 3,
          "type": "Int",
          "metadata": {
            "schemaName": "ptricks_PpacReportsNumberCopsLookbackDays"
          }
        }
      },
      "triggers": {
        "Recurrence": {
          "type": "Recurrence",
          "recurrence": {
            "frequency": "Day",
            "interval": 1,
            "schedule": {
              "hours": [
                "1"
              ]
            }
          },
          "metadata": {
            "operationMetadataId": "3941fb4f-5563-4a1f-86d1-b0c44730c3d1"
          }
        }
      },
      "actions": {
        "Request_extraction_for_each_Report_Type": {
          "type": "Foreach",
          "foreach": "@outputs('Compose_ReportTypes')",
          "actions": {
            "Extract_Report": {
              "type": "Workflow",
              "inputs": {
                "host": {
                  "workflowReferenceName": "a2dafcd4-9d78-ee11-8179-000d3a4eedfe"
                },
                "body": {
                  "text": "@outputs('Compose_StartDate')",
                  "text_1": "@outputs('Compose_EndDate')",
                  "text_3": "@item()",
                  "text_2": "Auto"
                }
              },
              "runAfter": {
                "Compose_EndDate": [
                  "SUCCEEDED"
                ]
              },
              "metadata": {
                "operationMetadataId": "e59aab38-250f-48f7-8e1e-a9ab3233bcf8"
              }
            },
            "Compose_StartDate": {
              "type": "Compose",
              "inputs": "@If(\r\n    Equals(item(),'MCSMessages'),\r\n    startOfDay(addDays(getPastTime(parameters('PpacReportsNumberCopsLookbackDays (ptricks_PpacReportsNumberCopsLookbackDays)'),'Day'),1)),\r\n    If(Equals(item(),'MCSMessagesPerEnvironment'),\r\n      addDays(utcNow(),-1,'yyyy-MM-dd'),\r\n      startOfDay(getPastTime(parameters('PpacReportsNumberSoonestReport (ptricks_PpacReportsNumberSoonestReport)'),'Day'))\r\n    )\r\n)"
            },
            "Compose_EndDate": {
              "type": "Compose",
              "inputs": "@If(\r\n    Equals(item(),'MCSMessages'),\r\n    startOfDay(addDays(getPastTime(parameters('PpacReportsNumberCopsLookbackDays (ptricks_PpacReportsNumberCopsLookbackDays)'),'Day'),2)),\r\n    If(Equals(item(),'MCSMessagesPerEnvironment'),\r\n      utcNow('yyyy-MM-dd'),\r\n      startOfDay(getPastTime(sub(parameters('PpacReportsNumberSoonestReport (ptricks_PpacReportsNumberSoonestReport)'),1),'Day'))\r\n    )\r\n)",
              "runAfter": {
                "Compose_StartDate": [
                  "SUCCEEDED"
                ]
              }
            }
          },
          "runAfter": {
            "Compose_ReportTypes": [
              "Succeeded"
            ]
          },
          "runtimeConfiguration": {
            "concurrency": {
              "repetitions": 20
            }
          },
          "metadata": {
            "operationMetadataId": "c3d1a5f6-1e8a-4e0c-be60-b95b33ba266f"
          }
        },
        "Send_an_email_(V2)": {
          "type": "OpenApiConnection",
          "inputs": {
            "parameters": {
              "emailMessage/To": "@parameters('PpacReportsEmailAdmins (ptricks_PpacReportsEmailAdmins)')",
              "emailMessage/Subject": "Ppac Reports Extraction Failure",
              "emailMessage/Body": "<p>This is an automated alert information you that some Power Platform Reports couldn't be extracted.<br>\n<a href=\"@{concat('https://make.powerautomate.com/environments/',workflow()?['tags']['environmentName'],'/flows/',workflow()?['name'],'/runs/', workflow()?['run']['name'])}\">Link to flow run</a></p>",
              "emailMessage/Importance": "Normal"
            },
            "host": {
              "apiId": "/providers/Microsoft.PowerApps/apis/shared_office365",
              "operationId": "SendEmailV2",
              "connectionName": "shared_office365"
            }
          },
          "runAfter": {
            "Request_extraction_for_each_Report_Type": [
              "Failed",
              "TimedOut"
            ]
          },
          "metadata": {
            "operationMetadataId": "2cb3b182-483f-4b98-8aaf-e8624db15fa6"
          }
        },
        "Terminate": {
          "type": "Terminate",
          "inputs": {
            "runStatus": "Failed"
          },
          "runAfter": {
            "Send_an_email_(V2)": [
              "Succeeded"
            ]
          },
          "metadata": {
            "operationMetadataId": "1ff68f28-c696-4ee1-8e11-17b3c7c3a60d"
          }
        },
        "Compose_ReportTypes": {
          "type": "Compose",
          "inputs": [
            "AIByUserAndEnvironment",
            "ApiByLicensedUser",
            "ApiByNonLicensedUser",
            "ApiByFlow",
            "PowerPagesAnonymous",
            "PowerPagesAuthenticated",
            "CopilotStudioDetailedUsage",
            "MCSMessages",
            "MCSMessagesPerEnvironment"
          ],
          "runAfter": {}
        }
      },
      "outputs": {},
      "description": "This Flows runs every day to trigger the child Flow for each report type. It will result in having all the consumptions reports extracted and saved to their appropriate SharePoint folder."
    },
    "templateName": null
  },
  "schemaVersion": "1.0.0.0"
}