<environmentvariabledefinition schemaname="ptricks_PpacReportsSPSite">
  <apiid>/providers/microsoft.powerapps/apis/shared_sharepointonline</apiid>
  <description default="SharePoint site where the reports are uploaded">
    <label description="SharePoint site where the reports are uploaded" languagecode="1033" />
  </description>
  <displayname default="PpacReportsSPSite">
    <label description="PpacReportsSPSite" languagecode="1033" />
  </displayname>
  <introducedversion>1.0.0.0</introducedversion>
  <iscustomizable>1</iscustomizable>
  <isrequired>0</isrequired>
  <parameterkey>dataset</parameterkey>
  <secretstore>0</secretstore>
  <type>100000004</type>
</environmentvariabledefinition>