<environmentvariabledefinition schemaname="ptricks_EndpointFullInventory">
  <defaultvalue>yes</defaultvalue>
  <description default="Set to yes for first run to run against all flows. Then set to No to only look at flows modified in the last week">
    <label description="Set to yes for first run to run against all flows. Then set to No to only look at flows modified in the last week" languagecode="1033" />
  </description>
  <displayname default="Endpoint Full Inventory">
    <label description="Endpoint Full Inventory" languagecode="1033" />
  </displayname>
  <introducedversion>2025.03.14.0</introducedversion>
  <iscustomizable>1</iscustomizable>
  <isrequired>0</isrequired>
  <secretstore>0</secretstore>
  <type>100000002</type>
</environmentvariabledefinition>