{
  "properties": {
    "connectionReferences": {
      "shared_commondataserviceforapps_1": {
        "runtimeSource": "embedded",
        "connection": {
          "connectionReferenceLogicalName": "ptricks_sharedcommondataserviceforapps_62b99"
        },
        "api": {
          "name": "shared_commondataserviceforapps"
        }
      },
      "shared_flowmanagement_1": {
        "runtimeSource": "embedded",
        "connection": {
          "connectionReferenceLogicalName": "ptricks_sharedflowmanagement_0aba8"
        },
        "api": {
          "name": "shared_flowmanagement"
        }
      },
      "shared_commondataserviceforapps": {
        "runtimeSource": "embedded",
        "connection": {
          "connectionReferenceLogicalName": "ptricks_sharedcommondataserviceforapps_62b99"
        },
        "api": {
          "name": "shared_commondataserviceforapps"
        }
      },
      "shared_office365_2": {
        "runtimeSource": "embedded",
        "connection": {
          "connectionReferenceLogicalName": "ptricks_sharedoffice365_4060f"
        },
        "api": {
          "name": "shared_office365"
        }
      }
    },
    "definition": {
      "$schema": "https://schema.management.azure.com/providers/Microsoft.Logic/schemas/2016-06-01/workflowdefinition.json#",
      "contentVersion": "1.0.0.0",
      "parameters": {
        "$connections": {
          "defaultValue": {},
          "type": "Object"
        },
        "$authentication": {
          "defaultValue": {},
          "type": "SecureObject"
        },
        "Endpoint Full Inventory (ptricks_EndpointFullInventory)": {
          "defaultValue": false,
          "type": "Bool",
          "metadata": {
            "schemaName": "ptricks_EndpointFullInventory",
            "description": "Set to yes for first run to run against all flows. Then set to No to only look at flows modified in the last week"
          }
        },
        "Endpoint Email To (ptricks_EndpointEmailTo)": {
          "defaultValue": "valadmin@powertricks.onmicrosoft.com",
          "type": "String",
          "metadata": {
            "schemaName": "ptricks_EndpointEmailTo",
            "description": "Email address receiving flow errors"
          }
        }
      },
      "triggers": {
        "Recurrence": {
          "recurrence": {
            "frequency": "Week",
            "interval": 1,
            "schedule": {
              "weekDays": [
                "Monday"
              ]
            }
          },
          "metadata": {
            "operationMetadataId": "b875a523-ae5f-4ca6-a2b1-71aaa015b9b7"
          },
          "type": "Recurrence"
        }
      },
      "actions": {
        "Initialize_currentEndpoints": {
          "runAfter": {},
          "metadata": {
            "operationMetadataId": "ead88f38-6df0-46a7-b029-73e3dcb1d464"
          },
          "type": "InitializeVariable",
          "inputs": {
            "variables": [
              {
                "name": "currentEndpoints",
                "type": "array"
              }
            ]
          }
        },
        "Initialize_storedEndpoints": {
          "runAfter": {
            "Initialize_currentEndpoints": [
              "Succeeded"
            ]
          },
          "metadata": {
            "operationMetadataId": "9aca88df-88ed-4bb9-8c71-b8559f1b4c58"
          },
          "type": "InitializeVariable",
          "inputs": {
            "variables": [
              {
                "name": "storedEndpoints",
                "type": "array"
              }
            ]
          }
        },
        "Scope_Main": {
          "actions": {
            "Scope_get_all_Current_Endpoints": {
              "actions": {
                "List_rows_-_Flows_to_analyze": {
                  "runAfter": {},
                  "metadata": {
                    "operationMetadataId": "acdb8bee-8f6e-40a1-9050-401f5f350a93"
                  },
                  "type": "OpenApiConnection",
                  "inputs": {
                    "host": {
                      "connectionName": "shared_commondataserviceforapps_1",
                      "operationId": "ListRecords",
                      "apiId": "/providers/Microsoft.PowerApps/apis/shared_commondataserviceforapps"
                    },
                    "parameters": {
                      "entityName": "admin_flows",
                      "$select": "admin_flowid, _admin_flowenvironment_value, admin_flowmodifiedon, admin_flowconnections",
                      "$filter": "admin_flowdeleted ne true and admin_flowmodifiedon gt @{outputs('Sync_Flows_From_Date')} and (contains(admin_flowconnections,'http') or contains(admin_flowconnections,'webcontents'))",
                      "$expand": "admin_FlowEnvironment($select=admin_environmentname)"
                    },
                    "authentication": "@parameters('$authentication')"
                  },
                  "runtimeConfiguration": {
                    "paginationPolicy": {
                      "minimumItemCount": 5000
                    }
                  }
                },
                "Apply_to_each_Flow": {
                  "foreach": "@outputs('List_rows_-_Flows_to_analyze')?['body/value']",
                  "actions": {
                    "Get_Flow_as_Admin": {
                      "runAfter": {},
                      "metadata": {
                        "operationMetadataId": "8a72b254-7262-47e2-848d-22dcf7b85a11"
                      },
                      "type": "OpenApiConnection",
                      "inputs": {
                        "host": {
                          "connectionName": "shared_flowmanagement_1",
                          "operationId": "AdminGetFlow",
                          "apiId": "/providers/Microsoft.PowerApps/apis/shared_flowmanagement"
                        },
                        "parameters": {
                          "environmentName": "@item()?['admin_FlowEnvironment']?['admin_environmentname']",
                          "flowName": "@items('Apply_to_each_Flow')?['admin_flowid']",
                          "includeFlowDefinition": true
                        },
                        "authentication": "@parameters('$authentication')"
                      },
                      "runtimeConfiguration": {
                        "secureData": {
                          "properties": [
                            "outputs"
                          ]
                        }
                      }
                    },
                    "Compose_Actions_XML": {
                      "runAfter": {
                        "Get_Flow_as_Admin": [
                          "Succeeded"
                        ]
                      },
                      "metadata": {
                        "operationMetadataId": "71b1d20e-d508-4520-9ace-181e622c3d82"
                      },
                      "type": "Compose",
                      "inputs": "@XML(\r\n    json(\r\n        concat('{Actions:',replace(string(outputs('Get_Flow_as_Admin')?['body']?['properties']?['definition']?['actions']),'@@','_'),'}')\r\n    )\r\n)",
                      "runtimeConfiguration": {
                        "secureData": {
                          "properties": [
                            "inputs"
                          ]
                        }
                      }
                    },
                    "Condition_If_contains_Http_get_HTTP_Endpoints": {
                      "actions": {
                        "Select_Http_Inputs_as_Json": {
                          "runAfter": {},
                          "metadata": {
                            "operationMetadataId": "01a6f809-813c-4ca9-ac55-3f31c09f3efc"
                          },
                          "type": "Select",
                          "inputs": {
                            "from": "@xpath(outputs('Compose_Actions_XML'), '//inputs[uri]')",
                            "select": "@json(XML(item()))"
                          },
                          "runtimeConfiguration": {
                            "secureData": {
                              "properties": [
                                "outputs"
                              ]
                            }
                          }
                        },
                        "Apply_to_each_HTTP_Action": {
                          "foreach": "@body('Select_Http_Inputs_as_Json')",
                          "actions": {
                            "Condition_has_Auth": {
                              "actions": {
                                "Compose_secret_or_password": {
                                  "runAfter": {},
                                  "metadata": {
                                    "operationMetadataId": "debfe240-ee1e-49da-a177-0bb81e7c0a3a"
                                  },
                                  "type": "Compose",
                                  "inputs": "@coalesce(items('Apply_to_each_HTTP_Action')?['inputs']?['authentication']?['password'], items('Apply_to_each_HTTP_Action')?['inputs']?['authentication']?['secret'])",
                                  "runtimeConfiguration": {
                                    "secureData": {
                                      "properties": [
                                        "inputs"
                                      ]
                                    }
                                  }
                                },
                                "Compose_isDynamic": {
                                  "runAfter": {
                                    "Compose_secret_or_password": [
                                      "Succeeded"
                                    ]
                                  },
                                  "metadata": {
                                    "operationMetadataId": "0afa04d6-ece8-4264-946f-fc72bda9e089"
                                  },
                                  "type": "Compose",
                                  "inputs": "@Or(contains(outputs('Compose_secret_or_password'), 'variables('), contains(outputs('Compose_secret_or_password'), 'outputs('), contains(outputs('Compose_secret_or_password'), 'item('), contains(outputs('Compose_secret_or_password'), 'triggerBody('), contains(outputs('Compose_secret_or_password'), 'triggerOutputs('), contains(outputs('Compose_secret_or_password'), string('@{')), contains(outputs('Compose_secret_or_password'), 'parameters('))"
                                }
                              },
                              "runAfter": {},
                              "else": {
                                "actions": {
                                  "Compose_body": {
                                    "runAfter": {},
                                    "metadata": {
                                      "operationMetadataId": "10d85d04-d147-4d29-bb93-20be30a169b2"
                                    },
                                    "type": "Compose",
                                    "inputs": "@coalesce(items('Apply_to_each_HTTP_Action')?['inputs']?['body'],'')",
                                    "runtimeConfiguration": {
                                      "secureData": {
                                        "properties": [
                                          "inputs"
                                        ]
                                      }
                                    }
                                  },
                                  "Compose_isDynamic2": {
                                    "runAfter": {
                                      "Compose_body": [
                                        "Succeeded"
                                      ]
                                    },
                                    "metadata": {
                                      "operationMetadataId": "f5e83cdf-9e1d-4218-b420-69c90455e757"
                                    },
                                    "type": "Compose",
                                    "inputs": "@Not(\r\n    And(\r\n        Or(\r\n            contains(outputs('Compose_body'),'password'),\r\n            contains(outputs('Compose_body'),'client_secret')\r\n        ),\r\n        Not(contains(outputs('Compose_body'),'variables(')),\r\n        Not(contains(outputs('Compose_body'),'outputs(')),\r\n        Not(contains(outputs('Compose_body'),'item(')),\r\n        Not(contains(outputs('Compose_body'),'triggerBody(')),\r\n        Not(contains(outputs('Compose_body'),'triggerOutputs(')),\r\n        Not(contains(outputs('Compose_body'), string('@{'))),\r\n        Not(contains(outputs('Compose_body'), 'parameters('))\r\n    )\r\n)"
                                  }
                                }
                              },
                              "expression": {
                                "or": [
                                  {
                                    "equals": [
                                      "@items('Apply_to_each_HTTP_Action')?['inputs']?['authentication']?['type']",
                                      "ClientCertificate"
                                    ]
                                  },
                                  {
                                    "equals": [
                                      "@items('Apply_to_each_HTTP_Action')?['inputs']?['authentication']?['type']",
                                      "ActiveDirectoryOAuth"
                                    ]
                                  },
                                  {
                                    "equals": [
                                      "@items('Apply_to_each_HTTP_Action')?['inputs']?['authentication']?['type']",
                                      "Basic"
                                    ]
                                  }
                                ]
                              },
                              "metadata": {
                                "operationMetadataId": "d3b2bd81-e632-43b8-99f0-b022d8315b09"
                              },
                              "type": "If"
                            },
                            "Append_to_currentEndpoints": {
                              "runAfter": {
                                "Condition_has_Auth": [
                                  "Succeeded"
                                ]
                              },
                              "metadata": {
                                "operationMetadataId": "ed14a194-65f8-4aa3-9027-c0043d7210d7"
                              },
                              "type": "AppendToArrayVariable",
                              "inputs": {
                                "name": "currentEndpoints",
                                "value": {
                                  "flowid": "@items('Apply_to_each_Flow')?['admin_flowid']",
                                  "connector": "HTTP",
                                  "method": "@items('Apply_to_each_HTTP_Action')?['inputs']?['method']",
                                  "uri": "@replace(items('Apply_to_each_HTTP_Action')?['inputs']?['uri'],outputs('Compose_special_character'),'\"')",
                                  "isuridynamic": "@Or(\n      contains(items('Apply_to_each_HTTP_Action')?['inputs']?['uri'],'variables('),\n      contains(items('Apply_to_each_HTTP_Action')?['inputs']?['uri'],'outputs('),\n      contains(items('Apply_to_each_HTTP_Action')?['inputs']?['uri'],'item('),\n      contains(items('Apply_to_each_HTTP_Action')?['inputs']?['uri'],'triggerBody('),\n      contains(items('Apply_to_each_HTTP_Action')?['inputs']?['uri'],'triggerOutputs('),\n      contains(items('Apply_to_each_HTTP_Action')?['inputs']?['uri'], string('@{'))\n  )",
                                  "ishttponly": "@contains(toLower(items('Apply_to_each_HTTP_Action')?['inputs']?['uri']),'http://')",
                                  "authtype": "@coalesce(items('Apply_to_each_HTTP_Action')?['inputs']?['authentication']?['type'],'None')",
                                  "issecretstatic": "@Equals(coalesce(outputs('Compose_isDynamic'),outputs('Compose_isDynamic2')),false)"
                                }
                              }
                            }
                          },
                          "runAfter": {
                            "Select_Http_Inputs_as_Json": [
                              "Succeeded"
                            ]
                          },
                          "metadata": {
                            "operationMetadataId": "d458b182-cc02-452c-b825-de1079fa9080"
                          },
                          "type": "Foreach"
                        }
                      },
                      "runAfter": {
                        "Compose_Actions_XML": [
                          "Succeeded"
                        ]
                      },
                      "expression": {
                        "equals": [
                          "@contains(tolower(item()?['admin_flowconnections']), 'http')",
                          "@true"
                        ]
                      },
                      "metadata": {
                        "operationMetadataId": "59d219de-fc0c-4b76-88d8-ce3c231be2e8"
                      },
                      "type": "If"
                    },
                    "Condition_If_contains_Http_with_Entra_Id_get_Endpoints": {
                      "actions": {
                        "Select_Parameters_as_Json": {
                          "runAfter": {},
                          "metadata": {
                            "operationMetadataId": "01a6f809-813c-4ca9-ac55-3f31c09f3efc"
                          },
                          "type": "Select",
                          "inputs": {
                            "from": "@xpath(outputs('Compose_Actions_XML'), '//parameters[request_x002F_method]')",
                            "select": "@json(XML(item()))"
                          },
                          "runtimeConfiguration": {
                            "secureData": {
                              "properties": [
                                "outputs"
                              ]
                            }
                          }
                        },
                        "Apply_to_each_Webcontents_request": {
                          "foreach": "@body('Select_Parameters_as_Json')",
                          "actions": {
                            "Compose_body_2": {
                              "runAfter": {},
                              "metadata": {
                                "operationMetadataId": "10d85d04-d147-4d29-bb93-20be30a169b2"
                              },
                              "type": "Compose",
                              "inputs": "@coalesce(item()?['parameters']?['request/body'],'')",
                              "runtimeConfiguration": {
                                "secureData": {
                                  "properties": [
                                    "inputs"
                                  ]
                                }
                              }
                            },
                            "Append_to_currentEndpoints_2": {
                              "runAfter": {
                                "Compose_body_2": [
                                  "Succeeded"
                                ]
                              },
                              "metadata": {
                                "operationMetadataId": "ed14a194-65f8-4aa3-9027-c0043d7210d7"
                              },
                              "type": "AppendToArrayVariable",
                              "inputs": {
                                "name": "currentEndpoints",
                                "value": {
                                  "flowid": "@items('Apply_to_each_Flow')?['admin_flowid']",
                                  "connector": "HTTP With Entra ID",
                                  "method": "@items('Apply_to_each_Webcontents_request')?['parameters']?['request/method']",
                                  "uri": "@replace(items('Apply_to_each_Webcontents_request')?['parameters']?['request/url'],outputs('Compose_special_character'),'\"')",
                                  "isuridynamic": "@Or(contains(items('Apply_to_each_Webcontents_request')?['parameters']?['request/url'], 'variables('), contains(items('Apply_to_each_Webcontents_request')?['parameters']?['request/url'], 'outputs('), contains(items('Apply_to_each_Webcontents_request')?['parameters']?['request/url'], 'item('), contains(items('Apply_to_each_Webcontents_request')?['parameters']?['request/url'], 'triggerBody('), contains(items('Apply_to_each_Webcontents_request')?['parameters']?['request/url'], 'triggerOutputs('), contains(items('Apply_to_each_Webcontents_request')?['parameters']?['request/url'], string('@{')))",
                                  "ishttponly": "@contains(toLower(items('Apply_to_each_Webcontents_request')?['parameters']?['request/url']), 'http://')",
                                  "authtype": "N/A",
                                  "issecretstatic": "@And(\n    Or(\n        contains(outputs('Compose_body_2'),'password'),\n        contains(outputs('Compose_body_2'),'client_secret')\n    ),\n    Not(contains(outputs('Compose_body_2'),'variables(')),\n    Not(contains(outputs('Compose_body_2'),'outputs(')),\n    Not(contains(outputs('Compose_body_2'),'item(')),\n    Not(contains(outputs('Compose_body_2'),'triggerBody(')),\n    Not(contains(outputs('Compose_body_2'),'triggerOutputs(')),\n    Not(contains(outputs('Compose_body_2'), string('@{'))),\n    Not(contains(outputs('Compose_body_2'), 'parameters('))\n)"
                                }
                              }
                            }
                          },
                          "runAfter": {
                            "Select_Parameters_as_Json": [
                              "Succeeded"
                            ]
                          },
                          "metadata": {
                            "operationMetadataId": "d458b182-cc02-452c-b825-de1079fa9080"
                          },
                          "type": "Foreach"
                        }
                      },
                      "runAfter": {
                        "Compose_Actions_XML": [
                          "Succeeded"
                        ]
                      },
                      "expression": {
                        "equals": [
                          "@contains(tolower(item()?['admin_flowconnections']), 'webcontents')",
                          "@true"
                        ]
                      },
                      "metadata": {
                        "operationMetadataId": "da7ca807-bbd3-4d88-8d80-4134cfddf7c5"
                      },
                      "type": "If"
                    }
                  },
                  "runAfter": {
                    "List_rows_-_Flows_to_analyze": [
                      "Succeeded"
                    ]
                  },
                  "metadata": {
                    "operationMetadataId": "b0676087-da49-4bba-9920-b837b1ba22bf"
                  },
                  "type": "Foreach",
                  "runtimeConfiguration": {
                    "concurrency": {
                      "repetitions": 20
                    }
                  }
                }
              },
              "runAfter": {
                "Sync_Flows_From_Date": [
                  "Succeeded"
                ]
              },
              "metadata": {
                "operationMetadataId": "3bbb8a55-ac66-468f-90f8-f3c4bcec5fa0"
              },
              "type": "Scope"
            },
            "Scope_get_all_Stored_Endpoints": {
              "actions": {
                "List_rows_-_Endpoints_already_in_DV": {
                  "runAfter": {},
                  "metadata": {
                    "operationMetadataId": "010636e7-1302-4566-850b-7339b2065055"
                  },
                  "type": "OpenApiConnection",
                  "inputs": {
                    "host": {
                      "connectionName": "shared_commondataserviceforapps_1",
                      "operationId": "ListRecords",
                      "apiId": "/providers/Microsoft.PowerApps/apis/shared_commondataserviceforapps"
                    },
                    "parameters": {
                      "entityName": "ptricks_httpendpoints",
                      "$select": "_ptricks_flow_value, ptricks_connector, ptricks_method, ptricks_uri, ptricks_isuridynamic, ptricks_ishttponly, ptricks_authenticationtype, ptricks_issecretstatic, ptricks_isendpointremoved, ptricks_httpendpointid",
                      "$filter": "ptricks_isendpointremoved eq false",
                      "$expand": "ptricks_Flow"
                    },
                    "authentication": "@parameters('$authentication')"
                  },
                  "runtimeConfiguration": {
                    "paginationPolicy": {
                      "minimumItemCount": 5000
                    }
                  }
                },
                "Select_rows_already_in_DV": {
                  "runAfter": {
                    "List_rows_-_Endpoints_already_in_DV": [
                      "Succeeded"
                    ]
                  },
                  "metadata": {
                    "operationMetadataId": "542fa730-4f94-49fb-9129-0f5b251c2de6"
                  },
                  "type": "Select",
                  "inputs": {
                    "from": "@outputs('List_rows_-_Endpoints_already_in_DV')?['body/value']",
                    "select": {
                      "flowid": "@item()?['_ptricks_flow_value']",
                      "connector": "@item()?['ptricks_connector']",
                      "method": "@item()?['ptricks_method']",
                      "uri": "@item()?['ptricks_uri']",
                      "isuridynamic": "@item()?['ptricks_isuridynamic']",
                      "ishttponly": "@item()?['ptricks_ishttponly']",
                      "authtype": "@item()?['ptricks_authenticationtype']",
                      "issecretstatic": "@item()?['ptricks_issecretstatic']"
                    }
                  }
                },
                "Set_storedEndpoints": {
                  "runAfter": {
                    "Select_rows_already_in_DV": [
                      "Succeeded"
                    ]
                  },
                  "metadata": {
                    "operationMetadataId": "7f0d6acf-5635-45ad-8535-4639ea0756b4"
                  },
                  "type": "SetVariable",
                  "inputs": {
                    "name": "storedEndpoints",
                    "value": "@body('Select_rows_already_in_DV')"
                  }
                }
              },
              "runAfter": {
                "Scope_get_all_Current_Endpoints": [
                  "Succeeded",
                  "Failed"
                ]
              },
              "metadata": {
                "operationMetadataId": "eb0af06d-aaee-455a-8a9a-fba58cb532f6"
              },
              "type": "Scope"
            },
            "Scope_mark_as_deleted": {
              "actions": {
                "Scope_delete_endpoints_from_deleted_flows": {
                  "actions": {
                    "List_rows_-_Flows_deleted": {
                      "runAfter": {},
                      "metadata": {
                        "operationMetadataId": "acdb8bee-8f6e-40a1-9050-401f5f350a93"
                      },
                      "type": "OpenApiConnection",
                      "inputs": {
                        "host": {
                          "connectionName": "shared_commondataserviceforapps_1",
                          "operationId": "ListRecords",
                          "apiId": "/providers/Microsoft.PowerApps/apis/shared_commondataserviceforapps"
                        },
                        "parameters": {
                          "entityName": "admin_flows",
                          "$select": "admin_flowid, admin_flowdeletedon, admin_flowdeleted",
                          "$filter": "admin_flowdeleted eq true and admin_flowdeletedon gt @{outputs('Sync_Flows_From_Date')} and (contains(admin_flowconnections,'http') or contains(admin_flowconnections,'webcontents'))"
                        },
                        "authentication": "@parameters('$authentication')"
                      },
                      "runtimeConfiguration": {
                        "paginationPolicy": {
                          "minimumItemCount": 5000
                        }
                      }
                    },
                    "Select_Deleted_Flow_Ids": {
                      "runAfter": {
                        "List_rows_-_Flows_deleted": [
                          "Succeeded"
                        ]
                      },
                      "metadata": {
                        "operationMetadataId": "8a3093b0-57c7-47cd-8e9a-3d427761a609"
                      },
                      "type": "Select",
                      "inputs": {
                        "from": "@outputs('List_rows_-_Flows_deleted')?['body/value']",
                        "select": "@item()?['admin_flowid']"
                      }
                    },
                    "Filter_array_Endpoints_related_to_deleted_flows": {
                      "runAfter": {
                        "Select_Deleted_Flow_Ids": [
                          "Succeeded"
                        ]
                      },
                      "metadata": {
                        "operationMetadataId": "087b0c63-d529-46e3-b5b7-1745ddc984b2"
                      },
                      "type": "Query",
                      "inputs": {
                        "from": "@outputs('List_rows_-_Endpoints_already_in_DV')?['body/value']",
                        "where": "@and(contains(body('Select_Deleted_Flow_Ids'), item()?['_ptricks_flow_value']),equals(item()?['ptricks_isendpointremoved'],false))"
                      }
                    },
                    "Apply_to_each_Endpoint_to_delete": {
                      "foreach": "@body('Filter_array_Endpoints_related_to_deleted_flows')",
                      "actions": {
                        "Update_a_row_-_Mark_as_removed": {
                          "runAfter": {},
                          "metadata": {
                            "operationMetadataId": "e91f5c6b-1864-42de-a4e9-63acb17ad2de"
                          },
                          "type": "OpenApiConnection",
                          "inputs": {
                            "host": {
                              "connectionName": "shared_commondataserviceforapps_1",
                              "operationId": "UpdateOnlyRecord",
                              "apiId": "/providers/Microsoft.PowerApps/apis/shared_commondataserviceforapps"
                            },
                            "parameters": {
                              "entityName": "ptricks_httpendpoints",
                              "recordId": "@item()?['ptricks_httpendpointid']",
                              "item/ptricks_removedon": "@utcNow()",
                              "item/ptricks_isendpointremoved": true
                            },
                            "authentication": "@parameters('$authentication')"
                          }
                        }
                      },
                      "runAfter": {
                        "Filter_array_Endpoints_related_to_deleted_flows": [
                          "Succeeded"
                        ]
                      },
                      "metadata": {
                        "operationMetadataId": "0c259947-5e8a-400a-ba1c-079097569d52"
                      },
                      "type": "Foreach",
                      "runtimeConfiguration": {
                        "concurrency": {
                          "repetitions": 20
                        }
                      }
                    }
                  },
                  "runAfter": {},
                  "metadata": {
                    "operationMetadataId": "da12baf3-030f-4208-8782-e514246dd374"
                  },
                  "type": "Scope"
                },
                "Scope_delete_removed_endpoints_from_active_flows": {
                  "actions": {
                    "Filter_array_Stored_Endpoints_from_Flows_in_scope": {
                      "runAfter": {},
                      "metadata": {
                        "operationMetadataId": "31a4e791-60c2-481a-a378-f58e1bf645ee"
                      },
                      "type": "Query",
                      "inputs": {
                        "from": "@outputs('List_rows_-_Endpoints_already_in_DV')?['body/value']",
                        "where": "@greater(item()?['ptricks_Flow']?['admin_flowmodifiedon'], outputs('Sync_Flows_From_Date'))"
                      }
                    },
                    "Filter_array_Stored_Endpoints_no_longer_active": {
                      "runAfter": {
                        "Select_stored_endpoints": [
                          "Succeeded"
                        ]
                      },
                      "metadata": {
                        "operationMetadataId": "305fdda8-105e-4fc6-9117-4c82a617dd26"
                      },
                      "type": "Query",
                      "inputs": {
                        "from": "@body('Select_stored_endpoints')",
                        "where": "@not(contains(variables('currentEndpoints'), item()))"
                      }
                    },
                    "Select_stored_endpoints": {
                      "runAfter": {
                        "Filter_array_Stored_Endpoints_from_Flows_in_scope": [
                          "Succeeded"
                        ]
                      },
                      "metadata": {
                        "operationMetadataId": "61098547-ade4-4489-9c5e-14dedc8f7f1c"
                      },
                      "type": "Select",
                      "inputs": {
                        "from": "@body('Filter_array_Stored_Endpoints_from_Flows_in_scope')",
                        "select": {
                          "flowid": "@item()?['_ptricks_flow_value']",
                          "connector": "@item()?['ptricks_connector']",
                          "method": "@item()?['ptricks_method']",
                          "uri": "@item()?['ptricks_uri']",
                          "isuridynamic": "@item()?['ptricks_isuridynamic']",
                          "ishttponly": "@item()?['ptricks_ishttponly']",
                          "authtype": "@item()?['ptricks_authenticationtype']",
                          "issecretstatic": "@item()?['ptricks_issecretstatic']"
                        }
                      }
                    },
                    "Apply_to_each_Endpoint_to_remove": {
                      "foreach": "@body('Filter_array_Stored_Endpoints_no_longer_active')",
                      "actions": {
                        "Apply_to_each_found_Endpoint": {
                          "foreach": "@outputs('List_rows_-_find_Endpoints_to_remove')?['body/value']",
                          "actions": {
                            "Update_a_row_-_Mark_as_removed_2": {
                              "runAfter": {},
                              "metadata": {
                                "operationMetadataId": "e91f5c6b-1864-42de-a4e9-63acb17ad2de"
                              },
                              "type": "OpenApiConnection",
                              "inputs": {
                                "host": {
                                  "connectionName": "shared_commondataserviceforapps_1",
                                  "operationId": "UpdateOnlyRecord",
                                  "apiId": "/providers/Microsoft.PowerApps/apis/shared_commondataserviceforapps"
                                },
                                "parameters": {
                                  "entityName": "ptricks_httpendpoints",
                                  "recordId": "@item()?['ptricks_httpendpointid']",
                                  "item/ptricks_removedon": "@utcNow()",
                                  "item/ptricks_isendpointremoved": true
                                },
                                "authentication": "@parameters('$authentication')"
                              }
                            }
                          },
                          "runAfter": {
                            "List_rows_-_find_Endpoints_to_remove": [
                              "Succeeded"
                            ]
                          },
                          "metadata": {
                            "operationMetadataId": "017d5f61-93bd-4694-ba9e-4481621a099f"
                          },
                          "type": "Foreach"
                        },
                        "List_rows_-_find_Endpoints_to_remove": {
                          "runAfter": {},
                          "metadata": {
                            "operationMetadataId": "64ce1814-8e11-45e2-ae43-656018d1ddc4"
                          },
                          "type": "OpenApiConnection",
                          "inputs": {
                            "host": {
                              "connectionName": "shared_commondataserviceforapps_1",
                              "operationId": "ListRecords",
                              "apiId": "/providers/Microsoft.PowerApps/apis/shared_commondataserviceforapps"
                            },
                            "parameters": {
                              "entityName": "ptricks_httpendpoints",
                              "$filter": "_ptricks_flow_value eq '@{items('Apply_to_each_Endpoint_to_remove')?['flowid']}' and ptricks_connector eq '@{items('Apply_to_each_Endpoint_to_remove')?['connector']}' and ptricks_method eq '@{items('Apply_to_each_Endpoint_to_remove')?['method']}' and ptricks_uri eq '@{item()?['uri']}' and ptricks_isuridynamic eq @{toLower(string(items('Apply_to_each_Endpoint_to_remove')?['isuridynamic']))} and ptricks_ishttponly eq @{toLower(string(items('Apply_to_each_Endpoint_to_remove')?['ishttponly']))} and ptricks_authenticationtype eq '@{items('Apply_to_each_Endpoint_to_remove')?['authtype']}' and ptricks_issecretstatic eq @{toLower(string(items('Apply_to_each_Endpoint_to_remove')?['issecretstatic']))} and ptricks_isendpointremoved eq false"
                            },
                            "authentication": "@parameters('$authentication')"
                          }
                        }
                      },
                      "runAfter": {
                        "Filter_array_Stored_Endpoints_no_longer_active": [
                          "Succeeded"
                        ]
                      },
                      "metadata": {
                        "operationMetadataId": "44a1f8cc-c3ac-4c77-9250-4650442f8066"
                      },
                      "type": "Foreach",
                      "runtimeConfiguration": {
                        "concurrency": {
                          "repetitions": 20
                        }
                      }
                    }
                  },
                  "runAfter": {
                    "Scope_delete_endpoints_from_deleted_flows": [
                      "Succeeded"
                    ]
                  },
                  "metadata": {
                    "operationMetadataId": "2da1ffa5-e9e5-43aa-805c-b40bd103bf58"
                  },
                  "type": "Scope"
                }
              },
              "runAfter": {
                "Scope_get_all_Stored_Endpoints": [
                  "Succeeded"
                ]
              },
              "metadata": {
                "operationMetadataId": "897bf975-5edc-4614-a76a-9e8b74a0d77e"
              },
              "type": "Scope"
            },
            "Scope_create_new_endpoints": {
              "actions": {
                "Apply_to_each_endpoint_to_create": {
                  "foreach": "@body('Filter_array_-_get_endpoints_not_yet_in_DV')",
                  "actions": {
                    "Add_a_new_row_-_endpoint": {
                      "runAfter": {},
                      "metadata": {
                        "operationMetadataId": "fc047320-23ab-443a-963a-3d4c235dc9f3"
                      },
                      "type": "OpenApiConnection",
                      "inputs": {
                        "host": {
                          "connectionName": "shared_commondataserviceforapps_1",
                          "operationId": "CreateRecord",
                          "apiId": "/providers/Microsoft.PowerApps/apis/shared_commondataserviceforapps"
                        },
                        "parameters": {
                          "entityName": "ptricks_httpendpoints",
                          "item/ptricks_connector": "@item()?['connector']",
                          "item/ptricks_Flow@odata.bind": "admin_flows(@{item()?['flowid']})",
                          "item/ptricks_name": "@{items('Apply_to_each_endpoint_to_create')?['connector']} - @{items('Apply_to_each_endpoint_to_create')?['method']}",
                          "item/ptricks_uri": "@item()?['uri']",
                          "item/ptricks_authenticationtype": "@item()?['authType']",
                          "item/ptricks_isendpointremoved": false,
                          "item/ptricks_ishttponly": "@item()?['ishttponly']",
                          "item/ptricks_issecretstatic": "@item()?['issecretstatic']",
                          "item/ptricks_isuridynamic": "@item()?['isuridynamic']",
                          "item/ptricks_method": "@items('Apply_to_each_endpoint_to_create')?['method']"
                        },
                        "authentication": "@parameters('$authentication')"
                      }
                    }
                  },
                  "runAfter": {
                    "Filter_array_-_get_endpoints_not_yet_in_DV": [
                      "Succeeded"
                    ]
                  },
                  "metadata": {
                    "operationMetadataId": "1a0db38c-009c-4680-89db-422a226c68c5"
                  },
                  "type": "Foreach",
                  "runtimeConfiguration": {
                    "concurrency": {
                      "repetitions": 20
                    }
                  }
                },
                "Compose_currentEndpoint": {
                  "runAfter": {},
                  "metadata": {
                    "operationMetadataId": "41548cdc-d54a-498f-a82b-d13868a6d1b3"
                  },
                  "type": "Compose",
                  "inputs": "@variables('currentEndpoints')"
                },
                "Filter_array_-_get_endpoints_not_yet_in_DV": {
                  "runAfter": {
                    "Compose_storedEndpoint": [
                      "Succeeded"
                    ]
                  },
                  "metadata": {
                    "operationMetadataId": "2debba2b-e621-40e9-8910-7dea3ffcee82"
                  },
                  "type": "Query",
                  "inputs": {
                    "from": "@variables('currentEndpoints')",
                    "where": "@not(contains(variables('storedEndpoints'), item()))"
                  }
                },
                "Compose_storedEndpoint": {
                  "runAfter": {
                    "Compose_currentEndpoint": [
                      "Succeeded"
                    ]
                  },
                  "metadata": {
                    "operationMetadataId": "dd6b3396-ff59-48c2-a9b4-16836037989d"
                  },
                  "type": "Compose",
                  "inputs": "@variables('storedEndpoints')"
                }
              },
              "runAfter": {
                "Scope_mark_as_deleted": [
                  "Succeeded"
                ]
              },
              "metadata": {
                "operationMetadataId": "1d8ab8b1-3cc5-48c8-89b1-d42c444be136"
              },
              "type": "Scope"
            },
            "Sync_Flows_From_Date": {
              "runAfter": {
                "Compose_special_character": [
                  "Succeeded"
                ]
              },
              "metadata": {
                "operationMetadataId": "0d7bda16-b777-44d9-a288-8f87ce40e92c"
              },
              "type": "Compose",
              "inputs": "@if(equals(parameters('Endpoint Full Inventory (ptricks_EndpointFullInventory)'), true), getPastTime(10, 'Year'), getPastTime(1, 'Week'))"
            },
            "Compose_special_character": {
              "runAfter": {},
              "metadata": {
                "operationMetadataId": "79af3127-46d4-4086-bc0c-10050d7317ce"
              },
              "type": "Compose",
              "inputs": "'"
            },
            "Scope_update_EndpointFullInventory_to_No": {
              "actions": {
                "Condition_set_Variable_to_False_if_True": {
                  "actions": {
                    "Perform_an_unbound_action": {
                      "runAfter": {},
                      "metadata": {
                        "operationMetadataId": "bf44fc6e-7517-4967-b606-8d6269b122a3"
                      },
                      "type": "OpenApiConnection",
                      "inputs": {
                        "host": {
                          "connectionName": "shared_commondataserviceforapps",
                          "operationId": "PerformUnboundAction",
                          "apiId": "/providers/Microsoft.PowerApps/apis/shared_commondataserviceforapps"
                        },
                        "parameters": {
                          "actionName": "UpsertEnvironmentVariable",
                          "item/DisplayName": "Endpoint Full Inventory",
                          "item/SchemaName": "ptricks_EndpointFullInventory",
                          "item/Type": 100000002,
                          "item/DefaultValue": "yes",
                          "item/Value": "no"
                        },
                        "authentication": "@parameters('$authentication')"
                      }
                    }
                  },
                  "runAfter": {},
                  "expression": {
                    "equals": [
                      "@parameters('Endpoint Full Inventory (ptricks_EndpointFullInventory)')",
                      "@true"
                    ]
                  },
                  "metadata": {
                    "operationMetadataId": "11b89d2d-f106-4a2e-bcca-6549e1650db9"
                  },
                  "type": "If"
                }
              },
              "runAfter": {
                "Scope_create_new_endpoints": [
                  "Succeeded"
                ]
              },
              "metadata": {
                "operationMetadataId": "c4e1e445-dbcb-410b-90cd-ff9bbb90c785"
              },
              "type": "Scope"
            }
          },
          "runAfter": {
            "Initialize_storedEndpoints": [
              "Succeeded"
            ]
          },
          "metadata": {
            "operationMetadataId": "c2dd4635-e7b9-4573-a9f6-1c84f79df5a5"
          },
          "type": "Scope"
        },
        "Scope_if_Error": {
          "actions": {
            "Send_an_email_(V2)": {
              "runAfter": {},
              "metadata": {
                "operationMetadataId": "20451b14-a682-41fe-98d7-96377587c46c"
              },
              "type": "OpenApiConnection",
              "inputs": {
                "host": {
                  "connectionName": "shared_office365_2",
                  "operationId": "SendEmailV2",
                  "apiId": "/providers/Microsoft.PowerApps/apis/shared_office365"
                },
                "parameters": {
                  "emailMessage/To": "@parameters('Endpoint Email To (ptricks_EndpointEmailTo)')",
                  "emailMessage/Subject": "Endpoint Collection Flow Failure",
                  "emailMessage/Body": "<p>The Flow \"Collect Flow HTTP Endpoints\" just failed.<br>\nFlow run: @{concat('https://make.powerautomate.com/manage/environments/',workflow()['tags']['environmentName'],'/flows/',workflow()['name'],'/runs/',workflow()['run']['name'])}</p>",
                  "emailMessage/From": "@parameters('Endpoint Email To (ptricks_EndpointEmailTo)')",
                  "emailMessage/Importance": "Normal"
                },
                "authentication": "@parameters('$authentication')"
              }
            },
            "Terminate": {
              "runAfter": {
                "Send_an_email_(V2)": [
                  "Succeeded"
                ]
              },
              "metadata": {
                "operationMetadataId": "f6d5c4a4-b9f5-4713-9f19-566735485910"
              },
              "type": "Terminate",
              "inputs": {
                "runStatus": "Failed"
              }
            }
          },
          "runAfter": {
            "Scope_Main": [
              "Failed",
              "Skipped",
              "TimedOut"
            ]
          },
          "metadata": {
            "operationMetadataId": "cbd15ffa-563f-47db-a28a-222013ed9576"
          },
          "type": "Scope"
        }
      },
      "outputs": {}
    },
    "templateName": ""
  },
  "schemaVersion": "1.0.0.0"
}