{
  "properties": {
    "connectionReferences": {
      "shared_commondataserviceforapps_1": {
        "runtimeSource": "embedded",
        "connection": {
          "connectionReferenceLogicalName": "ptricks_sharedcommondataserviceforapps_a0ecc"
        },
        "api": {
          "name": "shared_commondataserviceforapps"
        }
      }
    },
    "definition": {
      "$schema": "https://schema.management.azure.com/providers/Microsoft.Logic/schemas/2016-06-01/workflowdefinition.json#",
      "contentVersion": "1.0.0.0",
      "parameters": {
        "$connections": {
          "defaultValue": {},
          "type": "Object"
        },
        "$authentication": {
          "defaultValue": {},
          "type": "SecureObject"
        }
      },
      "triggers": {
        "When_a_row_is_added,_modified_or_deleted": {
          "metadata": {
            "operationMetadataId": "5922a48b-b91a-4436-b3fa-ed0a6fd50e7a"
          },
          "type": "OpenApiConnectionWebhook",
          "inputs": {
            "host": {
              "connectionName": "shared_commondataserviceforapps_1",
              "operationId": "SubscribeWebhookTrigger",
              "apiId": "/providers/Microsoft.PowerApps/apis/shared_commondataserviceforapps"
            },
            "parameters": {
              "subscriptionRequest/message": 1,
              "subscriptionRequest/entityname": "ptricks_settingdeployment",
              "subscriptionRequest/scope": 4
            },
            "authentication": "@parameters('$authentication')"
          }
        }
      },
      "actions": {
        "Scope_Main": {
          "actions": {
            "Update_Setting_Deployment_to_In_Progress": {
              "runAfter": {},
              "metadata": {
                "operationMetadataId": "028aefeb-c6df-4aa2-b073-3923834b88ae"
              },
              "type": "OpenApiConnection",
              "inputs": {
                "host": {
                  "connectionName": "shared_commondataserviceforapps_1",
                  "operationId": "UpdateRecord",
                  "apiId": "/providers/Microsoft.PowerApps/apis/shared_commondataserviceforapps"
                },
                "parameters": {
                  "entityName": "ptricks_settingdeployments",
                  "recordId": "@triggerOutputs()?['body/ptricks_settingdeploymentid']",
                  "item/ptricks_flowrunurl": "@concat('https://make.powerautomate.com/manage/environments/',workflow()['tags']['environmentName'],'/flows/',workflow()['name'],'/runs/',workflow()['run']['name'])\r\n",
                  "item/statuscode": 493920001
                },
                "authentication": "@parameters('$authentication')"
              }
            },
            "Find_Organization_in_Target_Environment": {
              "runAfter": {
                "Get_Environment": [
                  "Succeeded"
                ]
              },
              "metadata": {
                "operationMetadataId": "c4a5f790-7905-4ac7-807e-a5cbedfddc04"
              },
              "type": "OpenApiConnection",
              "inputs": {
                "host": {
                  "connectionName": "shared_commondataserviceforapps_1",
                  "operationId": "ListRecordsWithOrganization",
                  "apiId": "/providers/Microsoft.PowerApps/apis/shared_commondataserviceforapps"
                },
                "parameters": {
                  "organization": "@outputs('Get_Environment')?['body/admin_environmentcdsinstanceurl']",
                  "entityName": "organizations"
                },
                "authentication": "@parameters('$authentication')"
              }
            },
            "Get_Environment": {
              "runAfter": {
                "Update_Setting_Deployment_to_In_Progress": [
                  "Succeeded"
                ]
              },
              "metadata": {
                "operationMetadataId": "8f771165-c5cd-407e-8d9d-b33bf4849839"
              },
              "type": "OpenApiConnection",
              "inputs": {
                "host": {
                  "connectionName": "shared_commondataserviceforapps_1",
                  "operationId": "GetItem",
                  "apiId": "/providers/Microsoft.PowerApps/apis/shared_commondataserviceforapps"
                },
                "parameters": {
                  "entityName": "admin_environments",
                  "recordId": "@triggerOutputs()?['body/_ptricks_environment_value']"
                },
                "authentication": "@parameters('$authentication')"
              }
            },
            "Update_organization_with_required_settings": {
              "runAfter": {
                "Find_Organization_in_Target_Environment": [
                  "Succeeded"
                ]
              },
              "metadata": {
                "operationMetadataId": "54edbe21-3baa-499e-9a0c-a30ec87b4d5d"
              },
              "type": "OpenApiConnection",
              "inputs": {
                "host": {
                  "connectionName": "shared_commondataserviceforapps_1",
                  "operationId": "UpdateRecordWithOrganization",
                  "apiId": "/providers/Microsoft.PowerApps/apis/shared_commondataserviceforapps"
                },
                "parameters": {
                  "organization": "@outputs('Get_Environment')?['body/admin_environmentcdsinstanceurl']",
                  "entityName": "organizations",
                  "recordId": "@First(outputs('Find_Organization_in_Target_Environment')?['body/value'])?['organizationid']",
                  "item": "@json(triggerOutputs()?['body/ptricks_deployedconfiguration'])"
                },
                "authentication": "@parameters('$authentication')"
              }
            },
            "Update_Setting_Deployment_to_Succeeded": {
              "runAfter": {
                "Update_organization_with_required_settings": [
                  "Succeeded"
                ]
              },
              "metadata": {
                "operationMetadataId": "ca7be9b9-e5cd-47f6-a7ba-94f0ce9ec467"
              },
              "type": "OpenApiConnection",
              "inputs": {
                "host": {
                  "connectionName": "shared_commondataserviceforapps_1",
                  "operationId": "UpdateRecord",
                  "apiId": "/providers/Microsoft.PowerApps/apis/shared_commondataserviceforapps"
                },
                "parameters": {
                  "entityName": "ptricks_settingdeployments",
                  "recordId": "@triggerOutputs()?['body/ptricks_settingdeploymentid']",
                  "item/statuscode": 493920002
                },
                "authentication": "@parameters('$authentication')"
              }
            }
          },
          "runAfter": {},
          "metadata": {
            "operationMetadataId": "28824c52-4b1a-4a8f-8250-650fe0c96af6"
          },
          "type": "Scope"
        },
        "Scope_Exception": {
          "actions": {
            "Update_Setting_Deployment_to_Failed": {
              "runAfter": {},
              "metadata": {
                "operationMetadataId": "ca7be9b9-e5cd-47f6-a7ba-94f0ce9ec467"
              },
              "type": "OpenApiConnection",
              "inputs": {
                "host": {
                  "connectionName": "shared_commondataserviceforapps_1",
                  "operationId": "UpdateRecord",
                  "apiId": "/providers/Microsoft.PowerApps/apis/shared_commondataserviceforapps"
                },
                "parameters": {
                  "entityName": "ptricks_settingdeployments",
                  "recordId": "@triggerOutputs()?['body/ptricks_settingdeploymentid']",
                  "item/statuscode": 493920003
                },
                "authentication": "@parameters('$authentication')"
              }
            },
            "Terminate": {
              "runAfter": {
                "Update_Setting_Deployment_to_Failed": [
                  "Succeeded"
                ]
              },
              "metadata": {
                "operationMetadataId": "e74ffe47-9baf-458c-97c6-0daa8945b695"
              },
              "type": "Terminate",
              "inputs": {
                "runStatus": "Failed"
              }
            }
          },
          "runAfter": {
            "Scope_Main": [
              "Failed",
              "Skipped",
              "TimedOut"
            ]
          },
          "metadata": {
            "operationMetadataId": "4e4a558d-d4f5-4c3d-aa37-e02662ba5d9e"
          },
          "type": "Scope"
        }
      },
      "outputs": {}
    },
    "templateName": ""
  },
  "schemaVersion": "1.0.0.0"
}