{
  "properties": {
    "connectionReferences": {
      "shared_powerplatformforadmins": {
        "runtimeSource": "embedded",
        "connection": {
          "connectionReferenceLogicalName": "ptricks_sharedpowerplatformforadmins_47290"
        },
        "api": {
          "name": "shared_powerplatformforadmins"
        }
      },
      "shared_commondataserviceforapps": {
        "runtimeSource": "embedded",
        "connection": {
          "connectionReferenceLogicalName": "ptricks_sharedcommondataserviceforapps_1b9ef"
        },
        "api": {
          "name": "shared_commondataserviceforapps"
        }
      }
    },
    "definition": {
      "$schema": "https://schema.management.azure.com/providers/Microsoft.Logic/schemas/2016-06-01/workflowdefinition.json#",
      "contentVersion": "1.0.0.0",
      "parameters": {
        "$connections": {
          "defaultValue": {},
          "type": "Object"
        },
        "$authentication": {
          "defaultValue": {},
          "type": "SecureObject"
        }
      },
      "triggers": {
        "manual": {
          "metadata": {
            "operationMetadataId": "33652a6a-8e56-4c84-a61f-bf3c2e1ec66c"
          },
          "type": "Request",
          "kind": "Button",
          "inputs": {
            "schema": {
              "type": "object",
              "properties": {
                "text": {
                  "title": "AccountSignInEmail",
                  "type": "string",
                  "x-ms-dynamically-added": true,
                  "description": "Please enter your input",
                  "x-ms-content-hint": "TEXT"
                },
                "text_1": {
                  "title": "EnvironmentId",
                  "type": "string",
                  "x-ms-dynamically-added": true,
                  "description": "Please enter your input",
                  "x-ms-content-hint": "TEXT"
                },
                "text_2": {
                  "title": "SolutionName",
                  "type": "string",
                  "x-ms-dynamically-added": true,
                  "description": "Please enter your input",
                  "x-ms-content-hint": "TEXT"
                },
                "text_3": {
                  "title": "connref",
                  "type": "string",
                  "x-ms-dynamically-added": true,
                  "description": "Please enter your input",
                  "x-ms-content-hint": "TEXT"
                }
              },
              "required": [
                "text",
                "text_1",
                "text_2",
                "text_3"
              ]
            }
          }
        }
      },
      "actions": {
        "Scope_Main": {
          "actions": {
            "Condition_If_there_is_at_least_one_connection_reference_": {
              "actions": {
                "Get_Environment_as_Admin": {
                  "runAfter": {},
                  "metadata": {
                    "operationMetadataId": "51619432-9279-4a85-80e5-11d5b07ba8f2"
                  },
                  "type": "OpenApiConnection",
                  "inputs": {
                    "host": {
                      "connectionName": "shared_powerplatformforadmins",
                      "operationId": "GetSingleEnvironment",
                      "apiId": "/providers/Microsoft.PowerApps/apis/shared_powerplatformforadmins"
                    },
                    "parameters": {
                      "environment": "@triggerBody()['text_1']",
                      "api-version": "2018-10-01"
                    },
                    "authentication": {
                      "type": "Raw",
                      "value": "@json(decodeBase64(triggerOutputs().headers['X-MS-APIM-Tokens']))['$ConnectionKey']"
                    }
                  }
                },
                "List_rows_from_selected_environment_SystemUser": {
                  "runAfter": {
                    "Get_Environment_as_Admin": [
                      "Succeeded"
                    ]
                  },
                  "metadata": {
                    "operationMetadataId": "94122736-6584-45ca-b2d4-a0bca51e23c0"
                  },
                  "type": "OpenApiConnection",
                  "inputs": {
                    "host": {
                      "connectionName": "shared_commondataserviceforapps",
                      "operationId": "ListRecordsWithOrganization",
                      "apiId": "/providers/Microsoft.PowerApps/apis/shared_commondataserviceforapps"
                    },
                    "parameters": {
                      "organization": "@outputs('Get_Environment_as_Admin')?['body/properties/linkedEnvironmentMetadata/instanceUrl']",
                      "entityName": "systemusers",
                      "$filter": "internalemailaddress eq '@{triggerBody()['text']}'"
                    },
                    "authentication": {
                      "type": "Raw",
                      "value": "@json(decodeBase64(triggerOutputs().headers['X-MS-APIM-Tokens']))['$ConnectionKey']"
                    }
                  }
                },
                "Filter_array_connection_reference_not_mapped": {
                  "runAfter": {
                    "List_rows_from_selected_environment_SystemUser": [
                      "Succeeded"
                    ]
                  },
                  "metadata": {
                    "operationMetadataId": "4b30c3b8-6e9b-4126-aa5c-fa4b1e71d568"
                  },
                  "type": "Query",
                  "inputs": {
                    "from": "@variables('ArrayConnRef')",
                    "where": "@equals(coalesce(item()?['connectionid'], ''), '')"
                  }
                },
                "Set_ArrayConnRef_2": {
                  "runAfter": {
                    "Filter_array_connection_reference_not_mapped": [
                      "Succeeded"
                    ]
                  },
                  "metadata": {
                    "operationMetadataId": "e6ac963c-d5f9-460b-8f40-d7e9e2d925e8"
                  },
                  "type": "SetVariable",
                  "inputs": {
                    "name": "ArrayConnRef",
                    "value": "@body('Filter_array_connection_reference_not_mapped')"
                  }
                },
                "Select_Conn_Ref_name": {
                  "runAfter": {
                    "Set_ArrayConnRef_2": [
                      "Succeeded"
                    ]
                  },
                  "metadata": {
                    "operationMetadataId": "75ff6973-75f1-41f2-a6ad-7beccb24f808"
                  },
                  "type": "Select",
                  "inputs": {
                    "from": "@body('Filter_array_connection_reference_not_mapped')",
                    "select": "@concat('<li>',item()?['connectionreferencedisplayname'],'</li>')"
                  }
                },
                "Set_ArrayConnRef": {
                  "runAfter": {
                    "Select_Conn_Ref_name": [
                      "Succeeded"
                    ]
                  },
                  "metadata": {
                    "operationMetadataId": "e6ac963c-d5f9-460b-8f40-d7e9e2d925e8"
                  },
                  "type": "SetVariable",
                  "inputs": {
                    "name": "ArrayConnRef",
                    "value": "@body('Select_Conn_Ref_name')"
                  }
                },
                "Condition_share_if_at_least_one_not_mapped_connection": {
                  "actions": {
                    "Apply_to_each_share_not_mapped_connections": {
                      "foreach": "@body('Filter_array_connection_reference_not_mapped')",
                      "actions": {
                        "Perform_an_unbound_action_to_Grant_ReadAccess_to_conn_ref": {
                          "runAfter": {},
                          "metadata": {
                            "operationMetadataId": "6d9d9e29-35dd-4a95-b01e-b3f85d93f67f"
                          },
                          "type": "OpenApiConnection",
                          "inputs": {
                            "host": {
                              "connectionName": "shared_commondataserviceforapps",
                              "operationId": "PerformUnboundActionWithOrganization",
                              "apiId": "/providers/Microsoft.PowerApps/apis/shared_commondataserviceforapps"
                            },
                            "parameters": {
                              "organization": "@outputs('Get_Environment_as_Admin')?['body/properties/linkedEnvironmentMetadata/instanceUrl']",
                              "actionName": "GrantAccess",
                              "item": {
                                "Target": "connectionreferences(@{items('Apply_to_each_share_not_mapped_connections')?['connectionreferenceid']})",
                                "PrincipalAccess": {
                                  "Principal": {
                                    "systemuserid": "@{outputs('List_rows_from_selected_environment_SystemUser')?['body/value'][0]?['systemuserid']}",
                                    "@{string('@')}odata.type": "Microsoft.Dynamics.CRM.systemuser"
                                  },
                                  "AccessMask": "ReadAccess"
                                }
                              }
                            },
                            "authentication": {
                              "type": "Raw",
                              "value": "@json(decodeBase64(triggerOutputs().headers['X-MS-APIM-Tokens']))['$ConnectionKey']"
                            }
                          }
                        },
                        "Perform_an_unbound_action_to_Grant_WriteAccess_to_conn_ref": {
                          "runAfter": {
                            "Perform_an_unbound_action_to_Grant_ReadAccess_to_conn_ref": [
                              "Succeeded"
                            ]
                          },
                          "metadata": {
                            "operationMetadataId": "d91f8915-07a1-4407-b5f3-5517b59da80e"
                          },
                          "type": "OpenApiConnection",
                          "inputs": {
                            "host": {
                              "connectionName": "shared_commondataserviceforapps",
                              "operationId": "PerformUnboundActionWithOrganization",
                              "apiId": "/providers/Microsoft.PowerApps/apis/shared_commondataserviceforapps"
                            },
                            "parameters": {
                              "organization": "@outputs('Get_Environment_as_Admin')?['body/properties/linkedEnvironmentMetadata/instanceUrl']",
                              "actionName": "GrantAccess",
                              "item": {
                                "Target": "connectionreferences(@{items('Apply_to_each_share_not_mapped_connections')?['connectionreferenceid']})",
                                "PrincipalAccess": {
                                  "Principal": {
                                    "systemuserid": "@{outputs('List_rows_from_selected_environment_SystemUser')?['body/value'][0]?['systemuserid']}",
                                    "@{string('@')}odata.type": "Microsoft.Dynamics.CRM.systemuser"
                                  },
                                  "AccessMask": "WriteAccess"
                                }
                              }
                            },
                            "authentication": {
                              "type": "Raw",
                              "value": "@json(decodeBase64(triggerOutputs().headers['X-MS-APIM-Tokens']))['$ConnectionKey']"
                            }
                          }
                        }
                      },
                      "runAfter": {},
                      "metadata": {
                        "operationMetadataId": "6d96f4dc-2125-4a17-8cd3-0b2d4da1bb81"
                      },
                      "type": "Foreach"
                    }
                  },
                  "runAfter": {
                    "Set_ArrayConnRef": [
                      "Succeeded"
                    ]
                  },
                  "expression": {
                    "greaterOrEquals": [
                      "@length(variables('ArrayConnRef'))",
                      1
                    ]
                  },
                  "metadata": {
                    "operationMetadataId": "4db2d222-30d3-43d8-a7d1-b85871806583"
                  },
                  "type": "If"
                }
              },
              "runAfter": {},
              "expression": {
                "greaterOrEquals": [
                  "@length(variables('ArrayConnRef'))",
                  1
                ]
              },
              "metadata": {
                "operationMetadataId": "bee3d9d0-0ed7-4197-b947-b92105107576"
              },
              "type": "If"
            }
          },
          "runAfter": {
            "Initialize_ArrayConnRef": [
              "Succeeded"
            ]
          },
          "metadata": {
            "operationMetadataId": "967f2e1f-76e8-4b93-9435-4c3a5f84ba8a"
          },
          "type": "Scope"
        },
        "Initialize_ArrayConnRef": {
          "runAfter": {},
          "metadata": {
            "operationMetadataId": "b2897f12-f1ab-4f7b-8a57-21fd0c8ab3b9"
          },
          "type": "InitializeVariable",
          "inputs": {
            "variables": [
              {
                "name": "ArrayConnRef",
                "type": "array",
                "value": "@json(triggerBody()['text_3'])"
              }
            ]
          }
        },
        "Respond_to_a_PowerApp_or_flow_Success": {
          "runAfter": {
            "Scope_Main": [
              "Succeeded"
            ]
          },
          "metadata": {
            "operationMetadataId": "d1260910-749f-4bc2-bf2e-783bbffa0070"
          },
          "type": "Response",
          "kind": "PowerApp",
          "inputs": {
            "statusCode": 200,
            "body": {
              "result": "Completed",
              "flowrun": "@{concat('https://make.powerautomate.com/manage/environments/', workflow()['tags']['environmentName'], '/flows/', workflow()['name'], '/runs/', workflow()['run']['name'])}",
              "connref": "@{string(variables('ArrayConnRef'))}"
            },
            "schema": {
              "type": "object",
              "properties": {
                "result": {
                  "title": "result",
                  "x-ms-dynamically-added": true,
                  "type": "string"
                },
                "flowrun": {
                  "title": "flowrun",
                  "x-ms-dynamically-added": true,
                  "type": "string"
                },
                "connref": {
                  "title": "connref",
                  "x-ms-dynamically-added": true,
                  "type": "string"
                }
              }
            }
          }
        },
        "Respond_to_a_PowerApp_or_flow_Failure": {
          "runAfter": {
            "Scope_Main": [
              "Failed",
              "Skipped",
              "TimedOut"
            ]
          },
          "metadata": {
            "operationMetadataId": "d962c1dc-c300-482c-9651-ed44af5710d9"
          },
          "type": "Response",
          "kind": "PowerApp",
          "inputs": {
            "statusCode": 200,
            "body": {
              "result": "Connection Check Failed",
              "flowrun": "@{concat('https://make.powerautomate.com/manage/environments/', workflow()['tags']['environmentName'], '/flows/', workflow()['name'], '/runs/', workflow()['run']['name'])}",
              "connref": "@{string(variables('ArrayConnRef'))}"
            },
            "schema": {
              "type": "object",
              "properties": {
                "result": {
                  "title": "result",
                  "x-ms-dynamically-added": true,
                  "type": "string"
                },
                "flowrun": {
                  "title": "flowrun",
                  "x-ms-dynamically-added": true,
                  "type": "string"
                },
                "connref": {
                  "title": "connref",
                  "x-ms-dynamically-added": true,
                  "type": "string"
                }
              }
            }
          }
        },
        "Terminate": {
          "runAfter": {
            "Respond_to_a_PowerApp_or_flow_Failure": [
              "Succeeded"
            ]
          },
          "metadata": {
            "operationMetadataId": "c47c9d72-393f-4565-93de-d03bd0997e19"
          },
          "type": "Terminate",
          "inputs": {
            "runStatus": "Failed"
          }
        }
      },
      "outputs": {}
    },
    "templateName": ""
  },
  "schemaVersion": "1.0.0.0"
}