{
  "fxexpression": {
    "@uniquename": "ptricks_UpdateLicenseUnitsOnDeleteSku",
    "category": "0",
    "context": "{\"Tables\":[\"ptricks_purchasedsku\",\"ptricks_license\"],\"CustomApis\":[],\"ConnectionReferences\":[],\"TabularConnectionReferences\":[],\"ActionConnectorConnectionReferences\":[]}",
    "entitylogicalname": "ptricks_purchasedsku",
    "iscustomizable": "1",
    "messagename": "Delete",
    "name": "UpdateLicenseUnitsOnDeleteSku",
    "statecode": "0",
    "statuscode": "1"
  }
}