<environmentvariabledefinition schemaname="ptricks_PpacReportsSPFolderPathRequestsNonLicensedUsers">
  <description default="Relative Folder Path where the requests reports are uploaded for non licensed users. Example &quot;/Shared Documents/PpacReports/Requests/NonLicensedUsers&quot;">
    <label description="Relative Folder Path where the requests reports are uploaded for non licensed users. Example &quot;/Shared Documents/PpacReports/Requests/NonLicensedUsers&quot;" languagecode="1033" />
  </description>
  <displayname default="PpacReportsSPFolderPathRequestsNonLicensedUsers">
    <label description="PpacReportsSPFolderPathRequestsNonLicensedUsers" languagecode="1033" />
  </displayname>
  <introducedversion>1.0.0.0</introducedversion>
  <iscustomizable>1</iscustomizable>
  <isrequired>0</isrequired>
  <secretstore>0</secretstore>
  <type>100000000</type>
</environmentvariabledefinition>