{
  "properties": {
    "connectionReferences": {
      "shared_sharepointonline": {
        "api": {
          "name": "shared_sharepointonline"
        },
        "connection": {
          "connectionReferenceLogicalName": "ptricks_sharedsharepointonline_74526"
        },
        "runtimeSource": "embedded"
      },
      "shared_webcontents": {
        "api": {
          "name": "shared_webcontents"
        },
        "connection": {
          "connectionReferenceLogicalName": "ptricks_PpacReportsPpLicensingApi"
        },
        "runtimeSource": "embedded"
      },
      "shared_powerplatformforadmins-1": {
        "api": {
          "name": "shared_powerplatformforadmins"
        },
        "connection": {
          "connectionReferenceLogicalName": "ptricks_PpacReportsPpForAdmins"
        },
        "runtimeSource": "embedded"
      }
    },
    "definition": {
      "$schema": "https://schema.management.azure.com/providers/Microsoft.Logic/schemas/2016-06-01/workflowdefinition.json#",
      "contentVersion": "1.0.0.0",
      "parameters": {
        "$authentication": {
          "defaultValue": {},
          "type": "SecureObject"
        },
        "$connections": {
          "defaultValue": {},
          "type": "Object"
        },
        "PpacReportsNumberDelay (ptricks_PpacReportsNumberDelay)": {
          "defaultValue": 1,
          "type": "Int",
          "metadata": {
            "schemaName": "ptricks_PpacReportsNumberDelay",
            "description": "Delay in minutes to wait for report generation. Can be set to 1 minute but might need to be increased for large tenants"
          }
        },
        "PpacReportsSPSite (ptricks_PpacReportsSPSite)": {
          "defaultValue": "https://powertricks.sharepoint.com/sites/PpacReports",
          "type": "String",
          "metadata": {
            "schemaName": "ptricks_PpacReportsSPSite",
            "description": "SharePoint site where the reports are uploaded"
          }
        },
        "PpacReportsTenantId (ptricks_PpacReportsTenantId)": {
          "defaultValue": "58f1a3b1-81b9-4355-8de1-fa00d6102a86",
          "type": "String",
          "metadata": {
            "schemaName": "ptricks_PpacReportsTenantId"
          }
        },
        "PpacReportsSPFolderPath (ptricks_PpacReportsSPFolderPath)": {
          "defaultValue": "/Shared Documents/NewPpacReports",
          "type": "String",
          "metadata": {
            "schemaName": "ptricks_PpacReportsSPFolderPath",
            "description": "Relative Folder Path where all the reports should be uploaded. Example \"/Shared Documents/PpacReports\""
          }
        },
        "PpacReportsNumberCopsLookbackDays (ptricks_PpacReportsNumberCopsLookbackDays)": {
          "defaultValue": 2,
          "type": "Int",
          "metadata": {
            "schemaName": "ptricks_PpacReportsNumberCopsLookbackDays"
          }
        },
        "PpacReportsListCopsEnvironments (ptricks_PpacReportsListCopsEnvironments)": {
          "defaultValue": {},
          "type": "Object",
          "metadata": {
            "schemaName": "ptricks_PpacReportsListCopsEnvironments",
            "description": "Array of environments in scope to get the detailed copilot studio reports. Format: {\"envInScope\": [{\"environmentId\": \"Id1\"},{\"environmentId\": \"Id2\"}]}"
          }
        },
        "PpacReportsBoolCopsAllEnv (ptricks_PpacReportsBoolCopsAllEnv)": {
          "defaultValue": true,
          "type": "Bool",
          "metadata": {
            "schemaName": "ptricks_PpacReportsBoolCopsAllEnv"
          }
        }
      },
      "triggers": {
        "manual": {
          "type": "Request",
          "kind": "Button",
          "inputs": {
            "schema": {
              "type": "object",
              "properties": {
                "text": {
                  "title": "StartDate",
                  "type": "string",
                  "x-ms-dynamically-added": true,
                  "description": "Please enter your input",
                  "x-ms-content-hint": "TEXT"
                },
                "text_1": {
                  "title": "EndDate",
                  "type": "string",
                  "x-ms-dynamically-added": true,
                  "description": "Please enter your input",
                  "x-ms-content-hint": "TEXT"
                },
                "text_3": {
                  "title": "ReportType",
                  "type": "string",
                  "x-ms-dynamically-added": true,
                  "description": "Please enter your input",
                  "x-ms-content-hint": "TEXT",
                  "enum": [
                    "AIByUserAndEnvironment",
                    "ApiByLicensedUser",
                    "ApiByNonLicensedUser",
                    "ApiByFlow",
                    "PowerPagesAnonymous",
                    "PowerPagesAuthenticated",
                    "CopilotStudioDetailedUsage",
                    "MCSMessages"
                  ]
                },
                "text_2": {
                  "title": "IsAdhoc",
                  "type": "string",
                  "x-ms-dynamically-added": true,
                  "description": "Please enter your input",
                  "x-ms-content-hint": "TEXT",
                  "enum": [
                    "Auto",
                    "Adhoc"
                  ]
                }
              },
              "required": [
                "text",
                "text_1",
                "text_3"
              ]
            }
          },
          "metadata": {
            "operationMetadataId": "dc93c07a-ada5-4e74-b3dc-b3846721ff7e"
          }
        }
      },
      "actions": {
        "Main": {
          "type": "Scope",
          "actions": {
            "Condition_if_it_is_not_the_Copilot_Studio_Message_Report": {
              "type": "If",
              "expression": {
                "not": {
                  "equals": [
                    "@triggerBody()['text_3']",
                    "MCSMessages"
                  ]
                }
              },
              "actions": {
                "Do_until": {
                  "type": "Until",
                  "expression": "@equals(variables('varDownloadSuccessful'), true)",
                  "limit": {
                    "count": 24,
                    "timeout": "PT24H"
                  },
                  "actions": {
                    "Delay": {
                      "type": "Wait",
                      "inputs": {
                        "interval": {
                          "count": "@parameters('PpacReportsNumberDelay (ptricks_PpacReportsNumberDelay)')",
                          "unit": "Minute"
                        }
                      },
                      "metadata": {
                        "operationMetadataId": "40b15645-af6a-452f-bc56-0b7ea05451ef"
                      }
                    },
                    "Set_varDownloadSuccessful": {
                      "type": "SetVariable",
                      "inputs": {
                        "name": "varDownloadSuccessful",
                        "value": "@true"
                      },
                      "runAfter": {
                        "Download_API_calls_report": [
                          "Succeeded"
                        ]
                      },
                      "metadata": {
                        "operationMetadataId": "8a692e1d-ddb7-457d-af9b-885934555d83"
                      }
                    },
                    "Create_file": {
                      "type": "OpenApiConnection",
                      "inputs": {
                        "parameters": {
                          "dataset": "@parameters('PpacReportsSPSite (ptricks_PpacReportsSPSite)')",
                          "folderPath": "@variables('FolderPath')",
                          "name": "@variables('FileName')",
                          "body": "@body('Download_API_calls_report')"
                        },
                        "host": {
                          "apiId": "/providers/Microsoft.PowerApps/apis/shared_sharepointonline",
                          "operationId": "CreateFile",
                          "connectionName": "shared_sharepointonline"
                        }
                      },
                      "runAfter": {
                        "Set_varDownloadSuccessful": [
                          "Succeeded"
                        ]
                      },
                      "metadata": {
                        "operationMetadataId": "dd795fd3-e2fe-407d-81d4-07992c7f5be8"
                      }
                    },
                    "Compose_error": {
                      "type": "Compose",
                      "inputs": "@body('Download_API_calls_report')",
                      "runAfter": {
                        "Download_API_calls_report": [
                          "Skipped",
                          "TimedOut",
                          "Failed"
                        ]
                      },
                      "metadata": {
                        "operationMetadataId": "6fe9be6c-fd24-4462-b6c3-0cc9fd3ad944"
                      }
                    },
                    "Download_API_calls_report": {
                      "type": "OpenApiConnection",
                      "inputs": {
                        "parameters": {
                          "request/method": "POST",
                          "request/url": "https://licensing.powerplatform.microsoft.com/v0.1-alpha/tenants/@{parameters('PpacReportsTenantId (ptricks_PpacReportsTenantId)')}/TenantConsumptionReport/DownloadReport",
                          "request/body": "{\n  \"endDate\": \"@{triggerBody()?['text_1']}\",\n  \"reportType\": \"@{triggerBody()?['text_3']}\",\n  \"startDate\": \"@{triggerBody()?['text']}\",\n  \"status\": \"None\",\n  \"tenantId\": \"@{parameters('PpacReportsTenantId (ptricks_PpacReportsTenantId)')}\"\n}"
                        },
                        "host": {
                          "apiId": "/providers/Microsoft.PowerApps/apis/shared_webcontents",
                          "operationId": "InvokeHttp",
                          "connectionName": "shared_webcontents"
                        }
                      },
                      "runAfter": {
                        "Delay": [
                          "Succeeded"
                        ]
                      },
                      "metadata": {
                        "operationMetadataId": "29bd9637-2b55-454c-b61f-2f431000019a"
                      }
                    }
                  },
                  "runAfter": {
                    "Start_API_report_generation": [
                      "Succeeded"
                    ]
                  },
                  "metadata": {
                    "operationMetadataId": "065d381c-c20f-49e4-9b46-957d102d0bac"
                  }
                },
                "Start_API_report_generation": {
                  "type": "OpenApiConnection",
                  "inputs": {
                    "parameters": {
                      "request/method": "POST",
                      "request/url": "https://licensing.powerplatform.microsoft.com/v0.1-alpha/tenants/@{parameters('PpacReportsTenantId (ptricks_PpacReportsTenantId)')}/TenantConsumptionReport/GenerateReportURL",
                      "request/body": "{\n  \"consumptionReportDownload\": \"\",\n  \"endDate\": \"@{triggerBody()?['text_1']}\",\n  \"forceRegenerate\": true,\n  \"reportType\": \"@{triggerBody()?['text_3']}\",\n  \"startDate\": \"@{triggerBody()?['text']}\",\n  \"status\": \"None\",\n  \"tenantId\": \"@{parameters('PpacReportsTenantId (ptricks_PpacReportsTenantId)')}\"\n}"
                    },
                    "host": {
                      "apiId": "/providers/Microsoft.PowerApps/apis/shared_webcontents",
                      "operationId": "InvokeHttp",
                      "connectionName": "shared_webcontents"
                    }
                  },
                  "metadata": {
                    "operationMetadataId": "6904d287-27d2-471b-afe1-45ef1d3a093c"
                  }
                }
              },
              "else": {
                "actions": {}
              },
              "runAfter": {
                "Set_FolderPath": [
                  "Succeeded"
                ]
              },
              "metadata": {
                "operationMetadataId": "d7a4bcd7-8e31-4265-b1a7-a63753c64c9e"
              }
            },
            "Filter_MappingToSharePoint": {
              "type": "Query",
              "inputs": {
                "from": "@variables('MappingToSharePoint')",
                "where": "@equals(item()?['type'], triggerBody()['text_3'])"
              },
              "metadata": {
                "operationMetadataId": "46d7f36a-f7f2-4ae5-84cf-f73da960722b"
              }
            },
            "Append_to_FileName": {
              "type": "AppendToStringVariable",
              "inputs": {
                "name": "FileName",
                "value": "@first(body('Filter_MappingToSharePoint'))?['fileName']"
              },
              "runAfter": {
                "Filter_MappingToSharePoint": [
                  "Succeeded"
                ]
              },
              "metadata": {
                "operationMetadataId": "877ee1e4-480a-4db6-8cf6-535d18ec1b29"
              }
            },
            "Set_FolderPath": {
              "type": "SetVariable",
              "inputs": {
                "name": "FolderPath",
                "value": "@{first(body('Filter_MappingToSharePoint'))?['folderPath']}"
              },
              "runAfter": {
                "Append_to_FileName": [
                  "Succeeded"
                ]
              },
              "metadata": {
                "operationMetadataId": "673a3bf5-0ba3-484e-a9d7-d719d1438108"
              }
            },
            "Condition_If_It_is_the_Copilot_Studio_Message_Report": {
              "type": "If",
              "expression": {
                "equals": [
                  "@triggerBody()['text_3']",
                  "MCSMessages"
                ]
              },
              "actions": {
                "Scope_Get_Message_Summary_Report": {
                  "type": "Scope",
                  "actions": {
                    "Generate_Copilot_Studio_Message_Report": {
                      "type": "OpenApiConnection",
                      "inputs": {
                        "parameters": {
                          "request/method": "POST",
                          "request/url": "https://licensing.powerplatform.microsoft.com/v1.0/tenants/@{parameters('PpacReportsTenantId (ptricks_PpacReportsTenantId)')}/Downloads",
                          "request/body": "{\n  \"downloadType\": \"EntitlementConsumptionTenantDetailsReport\",\n  \"environmentId\": \"\",\n  \"fileName\": \"@{variables('FileName')}\",\n  \"filters\": {\n    \"entitlementIds\": \"MCSMessages\",\n    \"AppId\": \"\",\n    \"SkuId\": \"\",\n    \"LicenseClassification\": \"\",\n    \"LookbackDays\": \"@{If(\r\n    Equals(triggerBody()?['text_2'],'Auto'),\r\n    parameters('PpacReportsNumberCopsLookbackDays (ptricks_PpacReportsNumberCopsLookbackDays)'),\r\n    split(dateDifference(triggerBody()['text'],startOfDay(utcNow())),'.')[0]\r\n)}\"\n  },\n  \"ignoreReuseTtl\": false\n}"
                        },
                        "host": {
                          "apiId": "/providers/Microsoft.PowerApps/apis/shared_webcontents",
                          "operationId": "InvokeHttp",
                          "connectionName": "shared_webcontents"
                        }
                      },
                      "metadata": {
                        "operationMetadataId": "d0d2cacd-7056-49b0-ad43-78e8ee148ba2"
                      }
                    },
                    "Do_until_2": {
                      "type": "Until",
                      "expression": "@equals(variables('varGenerationCompleted'),true)",
                      "limit": {
                        "count": 60,
                        "timeout": "PT1H"
                      },
                      "actions": {
                        "Delay_2": {
                          "type": "Wait",
                          "inputs": {
                            "interval": {
                              "count": "@parameters('PpacReportsNumberDelay (ptricks_PpacReportsNumberDelay)')",
                              "unit": "Minute"
                            }
                          },
                          "metadata": {
                            "operationMetadataId": "40b15645-af6a-452f-bc56-0b7ea05451ef"
                          }
                        },
                        "Condition_if_ProcessingStatus_is_completed,_continue": {
                          "type": "If",
                          "expression": {
                            "greater": [
                              "@length(body('Filter_array_-_find_relevant_report_status'))",
                              0
                            ]
                          },
                          "actions": {
                            "Set_varGenerationCompleted": {
                              "type": "SetVariable",
                              "inputs": {
                                "name": "varGenerationCompleted",
                                "value": "@true"
                              },
                              "metadata": {
                                "operationMetadataId": "149deff0-23f1-463f-9776-30b55ad16a77"
                              }
                            }
                          },
                          "else": {
                            "actions": {}
                          },
                          "runAfter": {
                            "Filter_array_-_find_relevant_report_status": [
                              "Succeeded"
                            ]
                          },
                          "metadata": {
                            "operationMetadataId": "9092f77c-fa32-4654-94fd-e5c6b9969300"
                          }
                        },
                        "Filter_array_-_find_relevant_report_status": {
                          "type": "Query",
                          "inputs": {
                            "from": "@body('Get_Report_Generation_Status')?['allDownloads']",
                            "where": "@and(\n    equals(item()?['id'],body('Generate_Copilot_Studio_Message_Report')?['id']),\n    Or(\n        equals(item()?['fileProcessingStatus'],'Completed'),\n        equals(item()?['fileProcessingStatus'],'Failed')\n    )\n)"
                          },
                          "runAfter": {
                            "Get_Report_Generation_Status": [
                              "Succeeded"
                            ]
                          },
                          "metadata": {
                            "operationMetadataId": "ff062299-05ad-4b8d-88de-61e85eaf48c2"
                          }
                        },
                        "Get_Report_Generation_Status": {
                          "type": "OpenApiConnection",
                          "inputs": {
                            "parameters": {
                              "request/method": "GET",
                              "request/url": "https://licensing.powerplatform.microsoft.com/v1.0/tenants/@{parameters('PpacReportsTenantId (ptricks_PpacReportsTenantId)')}/Downloads/getAll/EntitlementConsumptionTenantDetailsReport"
                            },
                            "host": {
                              "apiId": "/providers/Microsoft.PowerApps/apis/shared_webcontents",
                              "operationId": "InvokeHttp",
                              "connectionName": "shared_webcontents"
                            }
                          },
                          "runAfter": {
                            "Delay_2": [
                              "Succeeded"
                            ]
                          },
                          "metadata": {
                            "operationMetadataId": "b888f4d3-e567-4e65-9e91-fcd0893da562"
                          }
                        }
                      },
                      "runAfter": {
                        "Generate_Copilot_Studio_Message_Report": [
                          "Succeeded"
                        ]
                      },
                      "metadata": {
                        "operationMetadataId": "656df7bf-ef2b-4b48-ba31-885f7ef59071"
                      }
                    },
                    "Condition_if_generation_successful": {
                      "type": "If",
                      "expression": {
                        "and": [
                          {
                            "equals": [
                              "@first(body('Filter_array_-_find_relevant_report_status'))?['fileProcessingStatus']",
                              "Completed"
                            ]
                          }
                        ]
                      },
                      "actions": {
                        "Create_file_2": {
                          "type": "OpenApiConnection",
                          "inputs": {
                            "parameters": {
                              "dataset": "@parameters('PpacReportsSPSite (ptricks_PpacReportsSPSite)')",
                              "folderPath": "@variables('FolderPath')",
                              "name": "@{variables('FileName')}.csv",
                              "body": "@body('Get_Report')"
                            },
                            "host": {
                              "apiId": "/providers/Microsoft.PowerApps/apis/shared_sharepointonline",
                              "operationId": "CreateFile",
                              "connectionName": "shared_sharepointonline"
                            }
                          },
                          "runAfter": {
                            "Get_Report": [
                              "Succeeded"
                            ]
                          },
                          "metadata": {
                            "operationMetadataId": "dd795fd3-e2fe-407d-81d4-07992c7f5be8"
                          }
                        },
                        "Get_Report": {
                          "type": "OpenApiConnection",
                          "inputs": {
                            "parameters": {
                              "request/method": "GET",
                              "request/url": "https://licensing.powerplatform.microsoft.com/v1.0/tenants/@{parameters('PpacReportsTenantId (ptricks_PpacReportsTenantId)')}/Downloads/download/@{first(body('Filter_array_-_find_relevant_report_status'))?['id']}"
                            },
                            "host": {
                              "apiId": "/providers/Microsoft.PowerApps/apis/shared_webcontents",
                              "operationId": "InvokeHttp",
                              "connectionName": "shared_webcontents"
                            }
                          },
                          "metadata": {
                            "operationMetadataId": "930c87d7-0cff-4951-a910-c36b2f884ba5"
                          }
                        }
                      },
                      "else": {
                        "actions": {
                          "Failure_Response-cops": {
                            "type": "Response",
                            "kind": "Http",
                            "inputs": {
                              "statusCode": 400,
                              "body": "Failure to generate Copilot Studio Message Report"
                            },
                            "metadata": {
                              "operationMetadataId": "b2cf6f7a-b205-4d4f-b107-d0e22addf11c"
                            }
                          }
                        }
                      },
                      "runAfter": {
                        "Do_until_2": [
                          "Succeeded"
                        ]
                      },
                      "metadata": {
                        "operationMetadataId": "35b772c1-559a-4815-b50b-e58bf4510022"
                      }
                    }
                  },
                  "metadata": {
                    "operationMetadataId": "664ed6f3-8806-4c8a-8d5e-82242c7c8d85"
                  }
                },
                "Scope_Get_Message_Detailed_Reports_Per_Environment": {
                  "type": "Scope",
                  "actions": {
                    "Condition_if_All_Env_in_Scope": {
                      "type": "If",
                      "expression": {
                        "and": [
                          {
                            "equals": [
                              "@parameters('PpacReportsBoolCopsAllEnv (ptricks_PpacReportsBoolCopsAllEnv)')",
                              "@true"
                            ]
                          }
                        ]
                      },
                      "actions": {
                        "List_Environments_as_Admin": {
                          "type": "OpenApiConnection",
                          "inputs": {
                            "parameters": {
                              "api-version": "2018-10-01"
                            },
                            "host": {
                              "apiId": "/providers/Microsoft.PowerApps/apis/shared_powerplatformforadmins",
                              "operationId": "Get-AdminEnvironment",
                              "connectionName": "shared_powerplatformforadmins-1"
                            }
                          },
                          "runtimeConfiguration": {
                            "paginationPolicy": {
                              "minimumItemCount": 5000
                            }
                          },
                          "metadata": {
                            "operationMetadataId": "6049642a-9f05-462a-90e5-e8a539f81a5f"
                          }
                        },
                        "Filter_array_-_only_keep_Active_Environments": {
                          "type": "Query",
                          "inputs": {
                            "from": "@outputs('List_Environments_as_Admin')?['body/value']",
                            "where": "@equals(coalesce(item()?['properties']?['linkedEnvironmentMetadata']?['instanceState'],''),'Ready')"
                          },
                          "runAfter": {
                            "List_Environments_as_Admin": [
                              "Succeeded"
                            ]
                          },
                          "metadata": {
                            "operationMetadataId": "1022656a-67da-4692-adcd-268434581e8b"
                          }
                        },
                        "Apply_to_All_Env": {
                          "type": "Foreach",
                          "foreach": "@body('Filter_array_-_only_keep_Active_Environments')",
                          "actions": {
                            "Run_a_Child_Flow_-_Get_Env_Report-copy": {
                              "type": "Workflow",
                              "inputs": {
                                "host": {
                                  "workflowReferenceName": "4171180b-2034-f011-8c4e-002248202064"
                                },
                                "body": {
                                  "text": "@item()?['name']",
                                  "text_1": "@{variables('FileName')}_@{item()?['name']}",
                                  "text_2": "@string(\r\n  If(\r\n    Equals(triggerBody()?['text_2'],'Auto'),\r\n    parameters('PpacReportsNumberCopsLookbackDays (ptricks_PpacReportsNumberCopsLookbackDays)'),\r\n    split(dateDifference(triggerBody()['text'],startOfDay(utcNow())),'.')[0]\r\n  )\r\n)",
                                  "text_3": "@{parameters('PpacReportsSPFolderPath (ptricks_PpacReportsSPFolderPath)')}/CopilotStudio/EnvironmentMessages"
                                }
                              },
                              "metadata": {
                                "operationMetadataId": "4a082269-d656-4187-81bb-9d660bd89a68"
                              }
                            }
                          },
                          "runAfter": {
                            "Filter_array_-_only_keep_Active_Environments": [
                              "Succeeded"
                            ]
                          },
                          "metadata": {
                            "operationMetadataId": "3a485657-4767-442b-b6af-cad6ff51c7a2"
                          }
                        }
                      },
                      "else": {
                        "actions": {
                          "Apply_to_each_Env_in_Scope": {
                            "type": "Foreach",
                            "foreach": "@parameters('PpacReportsListCopsEnvironments (ptricks_PpacReportsListCopsEnvironments)')?['envInScope']",
                            "actions": {
                              "Run_a_Child_Flow_-_Get_Env_Report": {
                                "type": "Workflow",
                                "inputs": {
                                  "host": {
                                    "workflowReferenceName": "4171180b-2034-f011-8c4e-002248202064"
                                  },
                                  "body": {
                                    "text": "@item()?['environmentId']",
                                    "text_1": "@{variables('FileName')}_@{item()?['environmentId']}",
                                    "text_2": "@string(\r\n  If(\r\n    Equals(triggerBody()?['text_2'],'Auto'),\r\n    parameters('PpacReportsNumberCopsLookbackDays (ptricks_PpacReportsNumberCopsLookbackDays)'),\r\n    split(dateDifference(triggerBody()['text'],startOfDay(utcNow())),'.')[0]\r\n  )\r\n)",
                                    "text_3": "@{parameters('PpacReportsSPFolderPath (ptricks_PpacReportsSPFolderPath)')}/CopilotStudio/EnvironmentMessages"
                                  }
                                },
                                "metadata": {
                                  "operationMetadataId": "56e27bf8-794e-4912-9b59-d5e97ae481a9"
                                }
                              }
                            },
                            "metadata": {
                              "operationMetadataId": "de2a6335-0b0c-4ba7-83b6-38c5e0266853"
                            }
                          }
                        }
                      },
                      "metadata": {
                        "operationMetadataId": "c03925a0-0688-44c7-86cc-0c4ef1674c4d"
                      }
                    }
                  },
                  "runAfter": {
                    "Scope_Get_Message_Summary_Report": [
                      "Succeeded"
                    ]
                  },
                  "metadata": {
                    "operationMetadataId": "992b9e89-f7da-43a2-8383-f6aca287498a"
                  }
                }
              },
              "else": {
                "actions": {}
              },
              "runAfter": {
                "Condition_if_it_is_not_the_Copilot_Studio_Message_Report": [
                  "Succeeded"
                ]
              },
              "metadata": {
                "operationMetadataId": "d7a4bcd7-8e31-4265-b1a7-a63753c64c9e"
              }
            }
          },
          "runAfter": {
            "Initialize_varGenerationCompleted": [
              "Succeeded"
            ]
          },
          "metadata": {
            "operationMetadataId": "6bea41a1-a01f-4cff-9791-f61223e7df26"
          }
        },
        "Failure": {
          "type": "Scope",
          "actions": {
            "Filter_array": {
              "type": "Query",
              "inputs": {
                "from": "@result('Main')",
                "where": "@equals(item()?['Status'],'Failed')"
              },
              "metadata": {
                "operationMetadataId": "ab920ab0-fcca-4bb6-9ffb-1683b4b23035"
              }
            },
            "Failure_Response": {
              "type": "Response",
              "kind": "Http",
              "inputs": {
                "statusCode": 400,
                "body": "@first(body('Filter_array'))"
              },
              "runAfter": {
                "Filter_array": [
                  "Succeeded"
                ]
              },
              "metadata": {
                "operationMetadataId": "b2cf6f7a-b205-4d4f-b107-d0e22addf11c"
              }
            }
          },
          "runAfter": {
            "Main": [
              "Failed"
            ]
          },
          "metadata": {
            "operationMetadataId": "9f03b6c0-6e55-4400-937d-c53b087632a9"
          }
        },
        "Success": {
          "type": "Scope",
          "actions": {
            "Response": {
              "type": "Response",
              "kind": "Http",
              "inputs": {
                "statusCode": 200,
                "body": {
                  "link": "@{parameters('PpacReportsSPSite (ptricks_PpacReportsSPSite)')}/@{coalesce(outputs('Create_file')?['body/Path'],outputs('Create_file_2')?['body/Path'])}",
                  "flowRun": "@{concat('https://make.powerautomate.com/manage/environments/',workflow()['tags']['environmentName'],'/flows/',workflow()['name'],'/runs/',workflow()['run']['name'])}"
                }
              },
              "metadata": {
                "operationMetadataId": "4057940c-4292-4f50-a684-019d0d9ba1dd"
              }
            }
          },
          "runAfter": {
            "Main": [
              "Succeeded"
            ]
          },
          "metadata": {
            "operationMetadataId": "de0c80f4-5c53-4513-9195-587a3371d4af"
          }
        },
        "TimeOut": {
          "type": "Scope",
          "actions": {
            "TimeOut_Response": {
              "type": "Response",
              "kind": "Http",
              "inputs": {
                "statusCode": 408
              },
              "metadata": {
                "operationMetadataId": "cef69e1c-8058-4792-b3ca-7f898fe9f6f1"
              }
            }
          },
          "runAfter": {
            "Main": [
              "TimedOut"
            ]
          },
          "metadata": {
            "operationMetadataId": "fe7804f7-a511-4dad-a763-9f3c193a1326"
          }
        },
        "Initialize_FileName": {
          "type": "InitializeVariable",
          "inputs": {
            "variables": [
              {
                "name": "FileName",
                "type": "string",
                "value": "@{formatDateTime(triggerBody()['text'],'yyyy-MM-dd')}_@{formatDateTime(triggerBody()['text_1'],'yyyy-MM-dd')}_@{If(Equals(triggerBody()?['text_2'],'Adhoc'),'Adhoc_',null)}"
              }
            ]
          },
          "runAfter": {},
          "metadata": {
            "operationMetadataId": "1f20cca6-b0b9-484e-9fd2-d6df91dd5318"
          }
        },
        "Initialize_FolderPath": {
          "type": "InitializeVariable",
          "inputs": {
            "variables": [
              {
                "name": "FolderPath",
                "type": "string"
              }
            ]
          },
          "runAfter": {
            "Initialize_FileName": [
              "Succeeded"
            ]
          },
          "metadata": {
            "operationMetadataId": "094243b3-3e22-4fd3-9c84-3c4e6e7a0823"
          }
        },
        "Initialize_MappingToSharePoint": {
          "type": "InitializeVariable",
          "inputs": {
            "variables": [
              {
                "name": "MappingToSharePoint",
                "type": "array",
                "value": [
                  {
                    "type": "AIByUserAndEnvironment",
                    "fileName": "AIBuilder.csv",
                    "folderPath": "@{parameters('PpacReportsSPFolderPath (ptricks_PpacReportsSPFolderPath)')}/AIBuilder"
                  },
                  {
                    "type": "ApiByLicensedUser",
                    "fileName": "PowerPlatformRequestsLicensedUsers.csv",
                    "folderPath": "@{parameters('PpacReportsSPFolderPath (ptricks_PpacReportsSPFolderPath)')}/Requests/LicensedUsers"
                  },
                  {
                    "type": "ApiByNonLicensedUser",
                    "fileName": "PowerPlatformRequestsNonLicensedUsers.csv",
                    "folderPath": "@{parameters('PpacReportsSPFolderPath (ptricks_PpacReportsSPFolderPath)')}/Requests/NonLicensedUsers"
                  },
                  {
                    "type": "ApiByFlow",
                    "fileName": "PowerPlatformRequestsFlows.csv",
                    "folderPath": "@{parameters('PpacReportsSPFolderPath (ptricks_PpacReportsSPFolderPath)')}/Requests/Flows"
                  },
                  {
                    "type": "PowerPagesAnonymous",
                    "fileName": "PowerPagesAnonymous.csv",
                    "folderPath": "@{parameters('PpacReportsSPFolderPath (ptricks_PpacReportsSPFolderPath)')}/PowerPages/AnonymousUsers"
                  },
                  {
                    "type": "PowerPagesAuthenticated",
                    "fileName": "PowerPagesAuthenticated.csv",
                    "folderPath": "@{parameters('PpacReportsSPFolderPath (ptricks_PpacReportsSPFolderPath)')}/PowerPages/AuthenticatedUsers"
                  },
                  {
                    "type": "CopilotStudioDetailedUsage",
                    "fileName": "CopilotStudioDetailedUsage.csv",
                    "folderPath": "@{parameters('PpacReportsSPFolderPath (ptricks_PpacReportsSPFolderPath)')}/CopilotStudio/Sessions"
                  },
                  {
                    "type": "MCSMessages",
                    "fileName": "CopilotStudioMessages",
                    "folderPath": "@{parameters('PpacReportsSPFolderPath (ptricks_PpacReportsSPFolderPath)')}/CopilotStudio/TenantMessages"
                  }
                ]
              }
            ]
          },
          "runAfter": {
            "Initialize_FolderPath": [
              "Succeeded"
            ]
          },
          "metadata": {
            "operationMetadataId": "e8947c01-5d8e-4dc7-b5e7-e868909fdef5"
          }
        },
        "Initialize_varDownloadSuccessful": {
          "type": "InitializeVariable",
          "inputs": {
            "variables": [
              {
                "name": "varDownloadSuccessful",
                "type": "boolean",
                "value": "@false"
              }
            ]
          },
          "runAfter": {
            "Initialize_MappingToSharePoint": [
              "Succeeded"
            ]
          },
          "metadata": {
            "operationMetadataId": "e8947c01-5d8e-4dc7-b5e7-e868909fdef5"
          }
        },
        "Initialize_varGenerationCompleted": {
          "type": "InitializeVariable",
          "inputs": {
            "variables": [
              {
                "name": "varGenerationCompleted",
                "type": "boolean",
                "value": "@false"
              }
            ]
          },
          "runAfter": {
            "Initialize_varDownloadSuccessful": [
              "Succeeded"
            ]
          },
          "metadata": {
            "operationMetadataId": "e8947c01-5d8e-4dc7-b5e7-e868909fdef5"
          }
        }
      },
      "outputs": {},
      "description": "Manual flow taking start date, end date and report type as input. The Flows extracts the corresponding consumption report and save it on a SharePoint folder."
    },
    "templateName": null
  },
  "schemaVersion": "1.0.0.0"
}