{
  "properties": {
    "connectionReferences": {
      "shared_commondataserviceforapps": {
        "runtimeSource": "embedded",
        "connection": {
          "connectionReferenceLogicalName": "ptricks_sharedcommondataserviceforapps_2255c"
        },
        "api": {
          "name": "shared_commondataserviceforapps"
        }
      },
      "shared_commondataserviceforapps-1": {
        "runtimeSource": "embedded",
        "connection": {
          "connectionReferenceLogicalName": "ptricks_sharedcommondataserviceforapps_2255c"
        },
        "api": {
          "name": "shared_commondataserviceforapps"
        }
      },
      "shared_powerplatformforadmins-1": {
        "runtimeSource": "embedded",
        "connection": {
          "connectionReferenceLogicalName": "ptricks_sharedpowerplatformforadmins_80884"
        },
        "api": {
          "name": "shared_powerplatformforadmins"
        }
      }
    },
    "definition": {
      "$schema": "https://schema.management.azure.com/providers/Microsoft.Logic/schemas/2016-06-01/workflowdefinition.json#",
      "contentVersion": "1.0.0.0",
      "parameters": {
        "$connections": {
          "defaultValue": {},
          "type": "Object"
        },
        "$authentication": {
          "defaultValue": {},
          "type": "SecureObject"
        },
        "AppUsersGeneratorClientId (ptricks_AppUsersGeneratorClientId)": {
          "defaultValue": "49826a30-5fce-416a-8716-4478dbb34903",
          "type": "String",
          "metadata": {
            "schemaName": "ptricks_AppUsersGeneratorClientId"
          }
        }
      },
      "triggers": {
        "manual": {
          "metadata": {
            "operationMetadataId": "7a804ab4-7a09-49a7-a14a-239fbfd13b75"
          },
          "type": "Request",
          "kind": "Button",
          "inputs": {
            "schema": {
              "type": "object",
              "properties": {
                "text": {
                  "title": "environmentId",
                  "type": "string",
                  "x-ms-dynamically-added": true,
                  "description": "Please enter your input",
                  "x-ms-content-hint": "TEXT"
                },
                "text_1": {
                  "title": "securityrolename",
                  "type": "string",
                  "x-ms-dynamically-added": true,
                  "description": "Please enter your input",
                  "x-ms-content-hint": "TEXT"
                }
              },
              "required": [
                "text",
                "text_1"
              ]
            }
          }
        }
      },
      "actions": {
        "Scope_Main": {
          "actions": {
            "Scope_Assign_Required_Role": {
              "actions": {
                "Apply_to_any_Assigned_Role_-_Remove_Role": {
                  "foreach": "@outputs('List_rows_from_selected_environment_-_Search_App_User')?['body/value'][0]?['systemuserroles_association']",
                  "actions": {
                    "Unrelate_rows_in_selected_environment_-_Remove_Role": {
                      "runAfter": {},
                      "metadata": {
                        "operationMetadataId": "92f6e1f5-4b57-402d-b443-4850bf364af0"
                      },
                      "type": "OpenApiConnection",
                      "inputs": {
                        "host": {
                          "connectionName": "shared_commondataserviceforapps",
                          "operationId": "DisassociateEntitiesWithOrganization",
                          "apiId": "/providers/Microsoft.PowerApps/apis/shared_commondataserviceforapps"
                        },
                        "parameters": {
                          "organization": "@outputs('Get_Environment_as_Admin')?['body/properties/linkedEnvironmentMetadata/instanceUrl']",
                          "entityName": "systemusers",
                          "recordId": "@outputs('List_rows_from_selected_environment_-_Search_App_User')?['body/value'][0]?['systemuserid']",
                          "associationEntityRelationship": "systemuserroles_association",
                          "$id": "@items('Apply_to_any_Assigned_Role_-_Remove_Role')?['roleid']"
                        },
                        "authentication": {
                          "type": "Raw",
                          "value": "@json(decodeBase64(triggerOutputs().headers['X-MS-APIM-Tokens']))['$ConnectionKey']"
                        }
                      }
                    }
                  },
                  "runAfter": {},
                  "metadata": {
                    "operationMetadataId": "92b70aa4-870a-4ede-99bd-c51d818b8ba2"
                  },
                  "type": "Foreach"
                },
                "Relate_rows_in_selected_environment_-_Assign_Required_Role": {
                  "runAfter": {
                    "List_rows_from_selected_environment_-_Find_Required_Role": [
                      "Succeeded"
                    ]
                  },
                  "metadata": {
                    "operationMetadataId": "408eb3bb-ab97-4845-b4f2-8f46ba979a13"
                  },
                  "type": "OpenApiConnection",
                  "inputs": {
                    "host": {
                      "connectionName": "shared_commondataserviceforapps-1",
                      "operationId": "AssociateEntitiesWithOrganization",
                      "apiId": "/providers/Microsoft.PowerApps/apis/shared_commondataserviceforapps"
                    },
                    "parameters": {
                      "organization": "@outputs('Get_Environment_as_Admin')?['body/properties/linkedEnvironmentMetadata/instanceUrl']",
                      "entityName": "systemusers",
                      "recordId": "@coalesce(\r\nfirst(outputs('List_rows_from_selected_environment_-_Search_App_User')?['body/value'])?['systemuserid'],\r\nbody('Add_a_new_row_to_selected_environment_-_create_application_user')?['systemuserid']\r\n)",
                      "associationEntityRelationship": "systemuserroles_association",
                      "item/@odata.id": "@outputs('List_rows_from_selected_environment_-_Find_Required_Role')?['body/value'][0]?['@odata.id']"
                    },
                    "authentication": {
                      "type": "Raw",
                      "value": "@json(decodeBase64(triggerOutputs().headers['X-MS-APIM-Tokens']))['$ConnectionKey']"
                    }
                  }
                },
                "List_rows_from_selected_environment_-_Find_Required_Role": {
                  "runAfter": {
                    "Apply_to_any_Assigned_Role_-_Remove_Role": [
                      "Succeeded"
                    ]
                  },
                  "metadata": {
                    "operationMetadataId": "6a52430f-6b32-4eaa-98e8-f746d0620799"
                  },
                  "type": "OpenApiConnection",
                  "inputs": {
                    "host": {
                      "connectionName": "shared_commondataserviceforapps-1",
                      "operationId": "ListRecordsWithOrganization",
                      "apiId": "/providers/Microsoft.PowerApps/apis/shared_commondataserviceforapps"
                    },
                    "parameters": {
                      "organization": "@outputs('Get_Environment_as_Admin')?['body/properties/linkedEnvironmentMetadata/instanceUrl']",
                      "entityName": "roles",
                      "$filter": "name eq '@{triggerBody()['text_1']}'"
                    },
                    "authentication": {
                      "type": "Raw",
                      "value": "@json(decodeBase64(triggerOutputs().headers['X-MS-APIM-Tokens']))['$ConnectionKey']"
                    }
                  }
                }
              },
              "runAfter": {
                "Scope_Create_or_Enable_App_User": [
                  "Succeeded"
                ]
              },
              "metadata": {
                "operationMetadataId": "0c14b1ae-c6eb-450b-a83f-752380a3200a"
              },
              "type": "Scope"
            },
            "Scope_Create_or_Enable_App_User": {
              "actions": {
                "List_rows_from_selected_environment_-_Search_App_User": {
                  "runAfter": {},
                  "metadata": {
                    "operationMetadataId": "dcc3ba60-38c4-4024-9607-a105b83874b8"
                  },
                  "type": "OpenApiConnection",
                  "inputs": {
                    "host": {
                      "connectionName": "shared_commondataserviceforapps-1",
                      "operationId": "ListRecordsWithOrganization",
                      "apiId": "/providers/Microsoft.PowerApps/apis/shared_commondataserviceforapps"
                    },
                    "parameters": {
                      "organization": "@outputs('Get_Environment_as_Admin')?['body/properties/linkedEnvironmentMetadata/instanceUrl']",
                      "entityName": "systemusers",
                      "$filter": "applicationid eq '@{parameters('AppUsersGeneratorClientId (ptricks_AppUsersGeneratorClientId)')}'",
                      "$expand": "systemuserroles_association"
                    },
                    "authentication": {
                      "type": "Raw",
                      "value": "@json(decodeBase64(triggerOutputs().headers['X-MS-APIM-Tokens']))['$ConnectionKey']"
                    }
                  }
                },
                "Condition_Enable_if_Already_Exists,_Create_if_Not": {
                  "actions": {
                    "Update_a_row_in_selected_environment_-_Enable_App_user": {
                      "runAfter": {},
                      "metadata": {
                        "operationMetadataId": "847de1e6-a6a1-4364-961f-18d22c783911"
                      },
                      "type": "OpenApiConnection",
                      "inputs": {
                        "host": {
                          "connectionName": "shared_commondataserviceforapps-1",
                          "operationId": "UpdateRecordWithOrganization",
                          "apiId": "/providers/Microsoft.PowerApps/apis/shared_commondataserviceforapps"
                        },
                        "parameters": {
                          "organization": "@outputs('Get_Environment_as_Admin')?['body/properties/linkedEnvironmentMetadata/instanceUrl']",
                          "entityName": "systemusers",
                          "recordId": "@outputs('List_rows_from_selected_environment_-_Search_App_User')?['body/value'][0]?['systemuserid']",
                          "item": {
                            "applicationid": "@{parameters('AppUsersGeneratorClientId (ptricks_AppUsersGeneratorClientId)')}",
                            "isdisabled": "@false"
                          }
                        },
                        "authentication": {
                          "type": "Raw",
                          "value": "@json(decodeBase64(triggerOutputs().headers['X-MS-APIM-Tokens']))['$ConnectionKey']"
                        }
                      }
                    }
                  },
                  "runAfter": {
                    "List_rows_from_selected_environment_-_Search_App_User": [
                      "Succeeded"
                    ]
                  },
                  "else": {
                    "actions": {
                      "List_rows_from_selected_environment_-_get_default_business_unit": {
                        "runAfter": {},
                        "metadata": {
                          "operationMetadataId": "dcc3ba60-38c4-4024-9607-a105b83874b8"
                        },
                        "type": "OpenApiConnection",
                        "inputs": {
                          "host": {
                            "connectionName": "shared_commondataserviceforapps-1",
                            "operationId": "ListRecordsWithOrganization",
                            "apiId": "/providers/Microsoft.PowerApps/apis/shared_commondataserviceforapps"
                          },
                          "parameters": {
                            "organization": "@outputs('Get_Environment_as_Admin')?['body/properties/linkedEnvironmentMetadata/instanceUrl']",
                            "entityName": "businessunits",
                            "$filter": "name eq '@{outputs('Get_Environment_as_Admin')?['body/properties/linkedEnvironmentMetadata/domainName']}'"
                          },
                          "authentication": {
                            "type": "Raw",
                            "value": "@json(decodeBase64(triggerOutputs().headers['X-MS-APIM-Tokens']))['$ConnectionKey']"
                          }
                        }
                      },
                      "Add_a_new_row_to_selected_environment_-_create_application_user": {
                        "runAfter": {
                          "List_rows_from_selected_environment_-_get_default_business_unit": [
                            "Succeeded"
                          ]
                        },
                        "metadata": {
                          "operationMetadataId": "1aeaa3a0-e525-4e2a-8ed2-3ea77e49e94d"
                        },
                        "type": "OpenApiConnection",
                        "inputs": {
                          "host": {
                            "connectionName": "shared_commondataserviceforapps-1",
                            "operationId": "CreateRecordWithOrganization",
                            "apiId": "/providers/Microsoft.PowerApps/apis/shared_commondataserviceforapps"
                          },
                          "parameters": {
                            "organization": "@outputs('Get_Environment_as_Admin')?['body/properties/linkedEnvironmentMetadata/instanceUrl']",
                            "entityName": "systemusers",
                            "item": {
                              "accessmode": 4,
                              "applicationid": "@{parameters('AppUsersGeneratorClientId (ptricks_AppUsersGeneratorClientId)')}",
                              "businessunitid@{string('@')}odata.bind": "/businessunits(@{outputs('List_rows_from_selected_environment_-_get_default_business_unit')?['body/value'][0]?['businessunitid']})",
                              "isdisabled": false
                            }
                          },
                          "authentication": {
                            "type": "Raw",
                            "value": "@json(decodeBase64(triggerOutputs().headers['X-MS-APIM-Tokens']))['$ConnectionKey']"
                          }
                        }
                      }
                    }
                  },
                  "expression": {
                    "and": [
                      {
                        "greater": [
                          "@length(outputs('List_rows_from_selected_environment_-_Search_App_User')?['body/value'])",
                          0
                        ]
                      }
                    ]
                  },
                  "metadata": {
                    "operationMetadataId": "5f693ac4-514c-430b-94bf-0dd3c5c392ff"
                  },
                  "type": "If"
                }
              },
              "runAfter": {
                "Get_Environment_as_Admin": [
                  "Succeeded"
                ]
              },
              "metadata": {
                "operationMetadataId": "d699846d-c256-4319-a0ef-da514797557d"
              },
              "type": "Scope"
            },
            "Get_Environment_as_Admin": {
              "runAfter": {},
              "metadata": {
                "operationMetadataId": "21ade5a5-9eae-449a-aac2-c25d6f575c05"
              },
              "type": "OpenApiConnection",
              "inputs": {
                "host": {
                  "connectionName": "shared_powerplatformforadmins-1",
                  "operationId": "GetSingleEnvironment",
                  "apiId": "/providers/Microsoft.PowerApps/apis/shared_powerplatformforadmins"
                },
                "parameters": {
                  "environment": "@triggerBody()['text']",
                  "api-version": "2018-10-01"
                },
                "authentication": {
                  "type": "Raw",
                  "value": "@json(decodeBase64(triggerOutputs().headers['X-MS-APIM-Tokens']))['$ConnectionKey']"
                }
              }
            },
            "Respond_to_a_PowerApp_or_flow": {
              "runAfter": {
                "Scope_Assign_Required_Role": [
                  "Succeeded"
                ]
              },
              "metadata": {
                "operationMetadataId": "2ca23b3e-9bd9-4800-acdd-ea35274bc70b"
              },
              "type": "Response",
              "kind": "PowerApp",
              "inputs": {
                "statusCode": 200,
                "body": {
                  "result": "Succeeded",
                  "reason": "@{concat('https://make.powerautomate.com/manage/environments/', workflow()['tags']['environmentName'], '/flows/', workflow()['name'], '/runs/', workflow()['run']['name'])}"
                },
                "schema": {
                  "type": "object",
                  "properties": {
                    "result": {
                      "title": "Result",
                      "x-ms-dynamically-added": true,
                      "type": "string"
                    },
                    "reason": {
                      "title": "Reason",
                      "x-ms-dynamically-added": true,
                      "type": "string"
                    }
                  }
                }
              }
            }
          },
          "runAfter": {},
          "metadata": {
            "operationMetadataId": "086590ce-9041-4939-a955-5b2433faa595"
          },
          "type": "Scope"
        },
        "Scope_Exception": {
          "actions": {
            "Respond_to_a_PowerApp_or_flow_2": {
              "runAfter": {},
              "metadata": {
                "operationMetadataId": "2ca23b3e-9bd9-4800-acdd-ea35274bc70b"
              },
              "type": "Response",
              "kind": "PowerApp",
              "inputs": {
                "statusCode": 200,
                "body": {
                  "result": "Failed",
                  "reason": "@{concat('https://make.powerautomate.com/manage/environments/',workflow()['tags']['environmentName'],'/flows/',workflow()['name'],'/runs/',workflow()['run']['name'])}"
                },
                "schema": {
                  "type": "object",
                  "properties": {
                    "result": {
                      "title": "Result",
                      "x-ms-dynamically-added": true,
                      "type": "string"
                    },
                    "reason": {
                      "title": "Reason",
                      "x-ms-dynamically-added": true,
                      "type": "string"
                    }
                  }
                }
              }
            },
            "Terminate_2": {
              "runAfter": {
                "Respond_to_a_PowerApp_or_flow_2": [
                  "Succeeded"
                ]
              },
              "metadata": {
                "operationMetadataId": "f44805c5-a9e9-4053-870c-348b9d5ba4b4"
              },
              "type": "Terminate",
              "inputs": {
                "runStatus": "Failed"
              }
            }
          },
          "runAfter": {
            "Scope_Main": [
              "Failed",
              "TimedOut"
            ]
          },
          "metadata": {
            "operationMetadataId": "e64061d0-25bf-47bb-8b54-b631c257f8cc"
          },
          "type": "Scope"
        }
      },
      "outputs": {}
    },
    "templateName": ""
  },
  "schemaVersion": "1.0.0.0"
}