{
  "properties": {
    "connectionReferences": {
      "shared_powerplatformforadmins": {
        "runtimeSource": "invoker",
        "connection": {
          "connectionReferenceLogicalName": "ptricks_sharedpowerplatformforadmins_556a6"
        },
        "api": {
          "name": "shared_powerplatformforadmins"
        }
      }
    },
    "definition": {
      "$schema": "https://schema.management.azure.com/providers/Microsoft.Logic/schemas/2016-06-01/workflowdefinition.json#",
      "contentVersion": "1.0.0.0",
      "parameters": {
        "$connections": {
          "defaultValue": {},
          "type": "Object"
        },
        "$authentication": {
          "defaultValue": {},
          "type": "SecureObject"
        }
      },
      "triggers": {
        "manual": {
          "metadata": {
            "operationMetadataId": "4a7a83b9-88b9-4897-962f-e33ed3ec694d"
          },
          "type": "Request",
          "kind": "PowerAppV2",
          "inputs": {
            "schema": {
              "type": "object",
              "properties": {
                "text": {
                  "title": "dlpName",
                  "type": "string",
                  "x-ms-dynamically-added": true,
                  "description": "Please enter your input",
                  "x-ms-content-hint": "TEXT"
                }
              },
              "required": [
                "text"
              ]
            }
          }
        }
      },
      "actions": {
        "Initialize_varIncludedEnvs": {
          "runAfter": {},
          "metadata": {
            "operationMetadataId": "bade8929-fb73-4db5-b777-1756b1be7683"
          },
          "type": "InitializeVariable",
          "inputs": {
            "variables": [
              {
                "name": "varIncludedEnvs",
                "type": "array"
              }
            ]
          }
        },
        "Scope_Execution": {
          "actions": {
            "Get_Tenant_DLP_Policy_-_Selected_from_App": {
              "runAfter": {},
              "metadata": {
                "operationMetadataId": "e3a2f637-4143-4000-941d-e14259836054"
              },
              "type": "OpenApiConnection",
              "inputs": {
                "host": {
                  "connectionName": "shared_powerplatformforadmins",
                  "operationId": "GetTenantPolicy",
                  "apiId": "/providers/Microsoft.PowerApps/apis/shared_powerplatformforadmins"
                },
                "parameters": {
                  "policy": "@triggerBody()['text']",
                  "api-version": "2018-10-01"
                },
                "authentication": "@parameters('$authentication')"
              }
            },
            "Condition_if_Env_non_null": {
              "actions": {
                "Condition_if_more_than_50_environments": {
                  "actions": {
                    "Apply_to_each_Included_Environment": {
                      "foreach": "@outputs('Get_Tenant_DLP_Policy_-_Selected_from_App')?['body/properties/definition/constraints/environmentFilter1/parameters/environments']",
                      "actions": {
                        "Get_Environment_as_Admin": {
                          "runAfter": {},
                          "metadata": {
                            "operationMetadataId": "6323cac7-9fed-43ad-93dd-b881894e6ff7"
                          },
                          "type": "OpenApiConnection",
                          "inputs": {
                            "host": {
                              "connectionName": "shared_powerplatformforadmins",
                              "operationId": "GetSingleEnvironment",
                              "apiId": "/providers/Microsoft.PowerApps/apis/shared_powerplatformforadmins"
                            },
                            "parameters": {
                              "environment": "@item()?['name']",
                              "api-version": "2018-10-01"
                            },
                            "authentication": "@parameters('$authentication')"
                          }
                        },
                        "Append_to_varIncludedEnvs": {
                          "runAfter": {
                            "Get_Environment_as_Admin": [
                              "Succeeded"
                            ]
                          },
                          "metadata": {
                            "operationMetadataId": "bea02045-e40d-4eef-a699-c17cc21fc780"
                          },
                          "type": "AppendToArrayVariable",
                          "inputs": {
                            "name": "varIncludedEnvs",
                            "value": {
                              "name": "@{outputs('Get_Environment_as_Admin')?['body/name']}",
                              "displayName": "@{outputs('Get_Environment_as_Admin')?['body/properties/displayName']}"
                            }
                          }
                        }
                      },
                      "runAfter": {},
                      "metadata": {
                        "operationMetadataId": "afe4c962-b7b5-4b8a-bed9-e5081bad5967"
                      },
                      "type": "Foreach",
                      "runtimeConfiguration": {
                        "concurrency": {
                          "repetitions": 50
                        }
                      }
                    },
                    "Compose_varIncludedEnvs": {
                      "runAfter": {
                        "Apply_to_each_Included_Environment": [
                          "Succeeded"
                        ]
                      },
                      "metadata": {
                        "operationMetadataId": "f0b7ae38-75b9-4043-b413-e3ea69b38a19"
                      },
                      "type": "Compose",
                      "inputs": "@variables('varIncludedEnvs')"
                    },
                    "Respond_to_a_PowerApp_or_flow": {
                      "runAfter": {
                        "Compose_varIncludedEnvs": [
                          "Succeeded"
                        ]
                      },
                      "metadata": {
                        "operationMetadataId": "9fc26105-337e-4f4a-83d1-3f8df19945d9"
                      },
                      "type": "Response",
                      "kind": "PowerApp",
                      "inputs": {
                        "statusCode": 200,
                        "body": {
                          "includedenvs": "@{outputs('Compose_varIncludedEnvs')}",
                          "count": "@{length(outputs('Get_Tenant_DLP_Policy_-_Selected_from_App')?['body/properties/definition/constraints/environmentFilter1/parameters/environments'])}"
                        },
                        "schema": {
                          "type": "object",
                          "properties": {
                            "includedenvs": {
                              "title": "includedEnvs",
                              "x-ms-dynamically-added": true,
                              "type": "string"
                            },
                            "count": {
                              "title": "count",
                              "x-ms-dynamically-added": true,
                              "type": "string"
                            }
                          }
                        }
                      }
                    }
                  },
                  "runAfter": {},
                  "else": {
                    "actions": {
                      "Respond_to_a_PowerApp_or_flow_4": {
                        "runAfter": {},
                        "metadata": {
                          "operationMetadataId": "054781be-cc61-4de3-967d-2bc303a78aa3"
                        },
                        "type": "Response",
                        "kind": "PowerApp",
                        "inputs": {
                          "statusCode": 200,
                          "body": {
                            "includedenvs": "TooMany",
                            "count": "@{length(outputs('Get_Tenant_DLP_Policy_-_Selected_from_App')?['body/properties/definition/constraints/environmentFilter1/parameters/environments'])}"
                          },
                          "schema": {
                            "type": "object",
                            "properties": {
                              "includedenvs": {
                                "title": "includedEnvs",
                                "x-ms-dynamically-added": true,
                                "type": "string"
                              },
                              "count": {
                                "title": "count",
                                "x-ms-dynamically-added": true,
                                "type": "string"
                              }
                            }
                          }
                        }
                      }
                    }
                  },
                  "expression": {
                    "lessOrEquals": [
                      "@length(outputs('Get_Tenant_DLP_Policy_-_Selected_from_App')?['body/properties/definition/constraints/environmentFilter1/parameters/environments'])",
                      50
                    ]
                  },
                  "metadata": {
                    "operationMetadataId": "5319d1d1-a7dc-4bed-8b75-1f58a96c30f0"
                  },
                  "type": "If"
                }
              },
              "runAfter": {
                "Get_Tenant_DLP_Policy_-_Selected_from_App": [
                  "Succeeded"
                ]
              },
              "else": {
                "actions": {
                  "Respond_to_a_PowerApp_or_flow_2": {
                    "runAfter": {},
                    "metadata": {
                      "operationMetadataId": "ec1b4179-b5e2-44d8-90fc-4dfdf21708f1"
                    },
                    "type": "Response",
                    "kind": "PowerApp",
                    "inputs": {
                      "statusCode": 200,
                      "body": {
                        "includedenvs": "@{null}",
                        "count": "0"
                      },
                      "schema": {
                        "type": "object",
                        "properties": {
                          "includedenvs": {
                            "title": "includedEnvs",
                            "x-ms-dynamically-added": true,
                            "type": "string"
                          },
                          "count": {
                            "title": "count",
                            "x-ms-dynamically-added": true,
                            "type": "string"
                          }
                        }
                      }
                    }
                  }
                }
              },
              "expression": {
                "not": {
                  "equals": [
                    "@outputs('Get_Tenant_DLP_Policy_-_Selected_from_App')?['body/properties/definition/constraints/environmentFilter1/parameters/environments']",
                    "@null"
                  ]
                }
              },
              "metadata": {
                "operationMetadataId": "b7e605ef-c2f1-4cf5-ac8f-3947dd4d20a8"
              },
              "type": "If"
            }
          },
          "runAfter": {
            "Initialize_varIncludedEnvs": [
              "Succeeded"
            ]
          },
          "metadata": {
            "operationMetadataId": "26841e8f-bcb4-4d50-8114-387be74c34cb"
          },
          "type": "Scope"
        },
        "Scope_Error": {
          "actions": {
            "Respond_to_a_PowerApp_or_flow_3": {
              "runAfter": {},
              "metadata": {
                "operationMetadataId": "ec1b4179-b5e2-44d8-90fc-4dfdf21708f1"
              },
              "type": "Response",
              "kind": "PowerApp",
              "inputs": {
                "statusCode": 200,
                "body": {
                  "includedenvs": "error",
                  "count": "0"
                },
                "schema": {
                  "type": "object",
                  "properties": {
                    "includedenvs": {
                      "title": "includedEnvs",
                      "x-ms-dynamically-added": true,
                      "type": "string"
                    },
                    "count": {
                      "title": "count",
                      "x-ms-dynamically-added": true,
                      "type": "string"
                    }
                  }
                }
              }
            }
          },
          "runAfter": {
            "Scope_Execution": [
              "Failed",
              "Skipped",
              "TimedOut"
            ]
          },
          "metadata": {
            "operationMetadataId": "90a51277-d533-4341-ab04-dbd6f656fdd0"
          },
          "type": "Scope"
        }
      },
      "outputs": {}
    },
    "templateName": ""
  },
  "schemaVersion": "1.0.0.0"
}