{
  "properties": {
    "connectionReferences": {
      "shared_powerplatformforadmins": {
        "runtimeSource": "embedded",
        "connection": {
          "connectionReferenceLogicalName": "ptricks_sharedpowerplatformforadmins_47290"
        },
        "api": {
          "name": "shared_powerplatformforadmins"
        }
      },
      "shared_commondataserviceforapps": {
        "runtimeSource": "embedded",
        "connection": {
          "connectionReferenceLogicalName": "ptricks_sharedcommondataserviceforapps_1b9ef"
        },
        "api": {
          "name": "shared_commondataserviceforapps"
        }
      },
      "shared_powerappsforadmins": {
        "runtimeSource": "embedded",
        "connection": {
          "connectionReferenceLogicalName": "ptricks_sharedpowerappsforadmins_87e02"
        },
        "api": {
          "name": "shared_powerappsforadmins"
        }
      },
      "shared_microsoftflowforadmins": {
        "runtimeSource": "embedded",
        "connection": {
          "connectionReferenceLogicalName": "ptricks_sharedmicrosoftflowforadmins_49dea"
        },
        "api": {
          "name": "shared_microsoftflowforadmins"
        }
      }
    },
    "definition": {
      "$schema": "https://schema.management.azure.com/providers/Microsoft.Logic/schemas/2016-06-01/workflowdefinition.json#",
      "contentVersion": "1.0.0.0",
      "parameters": {
        "$connections": {
          "defaultValue": {},
          "type": "Object"
        },
        "$authentication": {
          "defaultValue": {},
          "type": "SecureObject"
        }
      },
      "triggers": {
        "manual": {
          "metadata": {
            "operationMetadataId": "183f48a7-a1a6-4558-b95d-4b5735fdeb2a"
          },
          "type": "Request",
          "kind": "Button",
          "inputs": {
            "schema": {
              "type": "object",
              "properties": {
                "text": {
                  "title": "NewOwnerEmail",
                  "type": "string",
                  "x-ms-dynamically-added": true,
                  "description": "Please enter your input",
                  "x-ms-content-hint": "TEXT"
                },
                "text_1": {
                  "title": "EnvironmentId",
                  "type": "string",
                  "x-ms-dynamically-added": true,
                  "description": "Please enter your input",
                  "x-ms-content-hint": "TEXT"
                },
                "text_2": {
                  "title": "SolutionName",
                  "type": "string",
                  "x-ms-dynamically-added": true,
                  "description": "Please enter your input",
                  "x-ms-content-hint": "TEXT"
                },
                "text_3": {
                  "title": "AccountSignInEmail",
                  "type": "string",
                  "x-ms-dynamically-added": true,
                  "description": "Please enter your input",
                  "x-ms-content-hint": "TEXT"
                }
              },
              "required": [
                "text",
                "text_1",
                "text_2",
                "text_3"
              ]
            }
          }
        }
      },
      "actions": {
        "Scope_Main": {
          "actions": {
            "Get_Environment_as_Admin": {
              "runAfter": {},
              "metadata": {
                "operationMetadataId": "500e4804-1ec3-41f7-a376-0c1e9f4a3b48"
              },
              "type": "OpenApiConnection",
              "inputs": {
                "host": {
                  "connectionName": "shared_powerplatformforadmins",
                  "operationId": "GetSingleEnvironment",
                  "apiId": "/providers/Microsoft.PowerApps/apis/shared_powerplatformforadmins"
                },
                "parameters": {
                  "environment": "@triggerBody()['text_1']",
                  "api-version": "2018-10-01"
                },
                "authentication": {
                  "type": "Raw",
                  "value": "@json(decodeBase64(triggerOutputs().headers['X-MS-APIM-Tokens']))['$ConnectionKey']"
                }
              }
            },
            "List_rows_from_selected_environment_to_Find_New_Owner": {
              "runAfter": {
                "Get_Environment_as_Admin": [
                  "Succeeded"
                ]
              },
              "metadata": {
                "operationMetadataId": "61ea8710-c655-4f91-a8e2-bb439926a9e3"
              },
              "type": "OpenApiConnection",
              "inputs": {
                "host": {
                  "connectionName": "shared_commondataserviceforapps",
                  "operationId": "ListRecordsWithOrganization",
                  "apiId": "/providers/Microsoft.PowerApps/apis/shared_commondataserviceforapps"
                },
                "parameters": {
                  "organization": "@outputs('Get_Environment_as_Admin')?['body/properties/linkedEnvironmentMetadata/instanceUrl']",
                  "entityName": "systemusers",
                  "$filter": "internalemailaddress eq '@{triggerBody()['text']}'"
                },
                "authentication": {
                  "type": "Raw",
                  "value": "@json(decodeBase64(triggerOutputs().headers['X-MS-APIM-Tokens']))['$ConnectionKey']"
                }
              }
            },
            "List_rows_from_selected_environment_to_Find_Solution": {
              "runAfter": {
                "List_rows_from_selected_environment_to_Find_AccountSignIn": [
                  "Succeeded"
                ]
              },
              "metadata": {
                "operationMetadataId": "d1ca4602-aa2b-471e-afd4-b7424a88abae"
              },
              "type": "OpenApiConnection",
              "inputs": {
                "host": {
                  "connectionName": "shared_commondataserviceforapps",
                  "operationId": "ListRecordsWithOrganization",
                  "apiId": "/providers/Microsoft.PowerApps/apis/shared_commondataserviceforapps"
                },
                "parameters": {
                  "organization": "@outputs('Get_Environment_as_Admin')?['body/properties/linkedEnvironmentMetadata/instanceUrl']",
                  "entityName": "solutions",
                  "$filter": "uniquename eq '@{triggerBody()['text_2']}'"
                },
                "authentication": {
                  "type": "Raw",
                  "value": "@json(decodeBase64(triggerOutputs().headers['X-MS-APIM-Tokens']))['$ConnectionKey']"
                }
              }
            },
            "List_rows_from_selected_environment_to_get_Solution_Components": {
              "runAfter": {
                "List_rows_from_selected_environment_to_Find_Solution": [
                  "Succeeded"
                ]
              },
              "metadata": {
                "operationMetadataId": "783fa75d-c0bd-4fa8-8fc3-78e6880c56ea"
              },
              "type": "OpenApiConnection",
              "inputs": {
                "host": {
                  "connectionName": "shared_commondataserviceforapps",
                  "operationId": "ListRecordsWithOrganization",
                  "apiId": "/providers/Microsoft.PowerApps/apis/shared_commondataserviceforapps"
                },
                "parameters": {
                  "organization": "@outputs('Get_Environment_as_Admin')?['body/properties/linkedEnvironmentMetadata/instanceUrl']",
                  "entityName": "solutioncomponents",
                  "$filter": "_solutionid_value eq '@{outputs('List_rows_from_selected_environment_to_Find_Solution')?['body/value'][0]?['solutionid']}'"
                },
                "authentication": {
                  "type": "Raw",
                  "value": "@json(decodeBase64(triggerOutputs().headers['X-MS-APIM-Tokens']))['$ConnectionKey']"
                }
              }
            },
            "Apply_to_each_Solution_Component": {
              "foreach": "@outputs('List_rows_from_selected_environment_to_get_Solution_Components')?['body/value']",
              "actions": {
                "Switch_Component_Type": {
                  "runAfter": {},
                  "cases": {
                    "Case_Canvas_App_or_Library": {
                      "case": 300,
                      "actions": {
                        "List_rows_from_selected_environment_Find_App": {
                          "runAfter": {},
                          "metadata": {
                            "operationMetadataId": "255e772c-ef70-44e4-bee2-2cbd45e7e5f2"
                          },
                          "type": "OpenApiConnection",
                          "inputs": {
                            "host": {
                              "connectionName": "shared_commondataserviceforapps",
                              "operationId": "ListRecordsWithOrganization",
                              "apiId": "/providers/Microsoft.PowerApps/apis/shared_commondataserviceforapps"
                            },
                            "parameters": {
                              "organization": "@outputs('Get_Environment_as_Admin')?['body/properties/linkedEnvironmentMetadata/instanceUrl']",
                              "entityName": "canvasapps",
                              "$filter": "uniquecanvasappid eq '@{item()?['objectid']}'"
                            },
                            "authentication": {
                              "type": "Raw",
                              "value": "@json(decodeBase64(triggerOutputs().headers['X-MS-APIM-Tokens']))['$ConnectionKey']"
                            }
                          }
                        },
                        "Set_App_Owner": {
                          "runAfter": {
                            "List_rows_from_selected_environment_Find_App": [
                              "Succeeded"
                            ]
                          },
                          "metadata": {
                            "operationMetadataId": "42820093-6189-43d1-a9a7-5c97173f928e"
                          },
                          "type": "OpenApiConnection",
                          "inputs": {
                            "host": {
                              "connectionName": "shared_powerappsforadmins",
                              "operationId": "Set-AdminAppOwner",
                              "apiId": "/providers/Microsoft.PowerApps/apis/shared_powerappsforadmins"
                            },
                            "parameters": {
                              "environment": "@outputs('Get_Environment_as_Admin')?['body/name']",
                              "app": "@outputs('List_rows_from_selected_environment_Find_App')?['body/value'][0]?['canvasappid']",
                              "api-version": "2016-11-01",
                              "Content-Type": " application/json",
                              "body/newAppOwner": "@outputs('List_rows_from_selected_environment_to_Find_New_Owner')?['body/value'][0]?['azureactivedirectoryobjectid']"
                            },
                            "authentication": {
                              "type": "Raw",
                              "value": "@json(decodeBase64(triggerOutputs().headers['X-MS-APIM-Tokens']))['$ConnectionKey']"
                            }
                          }
                        }
                      }
                    },
                    "Case_Workflow": {
                      "case": 29,
                      "actions": {
                        "Get_a_row_by_ID_from_selected_environment_Find_Flow": {
                          "runAfter": {},
                          "metadata": {
                            "operationMetadataId": "1a7f2b01-00ea-4d3f-ba61-ea30f59d7b6e"
                          },
                          "type": "OpenApiConnection",
                          "inputs": {
                            "host": {
                              "connectionName": "shared_commondataserviceforapps",
                              "operationId": "GetItemWithOrganization",
                              "apiId": "/providers/Microsoft.PowerApps/apis/shared_commondataserviceforapps"
                            },
                            "parameters": {
                              "organization": "@outputs('Get_Environment_as_Admin')?['body/properties/linkedEnvironmentMetadata/instanceUrl']",
                              "entityName": "workflows",
                              "recordId": "@items('Apply_to_each_Solution_Component')?['objectid']"
                            },
                            "authentication": {
                              "type": "Raw",
                              "value": "@json(decodeBase64(triggerOutputs().headers['X-MS-APIM-Tokens']))['$ConnectionKey']"
                            }
                          }
                        },
                        "Get_Flow_Owner_Role_as_Admin": {
                          "runAfter": {
                            "Get_a_row_by_ID_from_selected_environment_Find_Flow": [
                              "Succeeded"
                            ]
                          },
                          "metadata": {
                            "operationMetadataId": "77c36e2f-c75e-4694-8158-01befc7475a6"
                          },
                          "type": "OpenApiConnection",
                          "inputs": {
                            "host": {
                              "connectionName": "shared_microsoftflowforadmins",
                              "operationId": "Get-AdminFlowOwnerRole",
                              "apiId": "/providers/Microsoft.PowerApps/apis/shared_microsoftflowforadmins"
                            },
                            "parameters": {
                              "environment": "@outputs('Get_Environment_as_Admin')?['body/name']",
                              "flow": "@coalesce(outputs('Get_a_row_by_ID_from_selected_environment_Find_Flow')?['body']?['resourceid'], outputs('Get_a_row_by_ID_from_selected_environment_Find_Flow')?['body']?['workflowidunique'])",
                              "api-version": "2016-11-01"
                            },
                            "authentication": {
                              "type": "Raw",
                              "value": "@json(decodeBase64(triggerOutputs().headers['X-MS-APIM-Tokens']))['$ConnectionKey']"
                            }
                          }
                        },
                        "Filter_array_Check_if_Target_Owner_already_co-owner": {
                          "runAfter": {
                            "Get_Flow_Owner_Role_as_Admin": [
                              "Succeeded"
                            ]
                          },
                          "metadata": {
                            "operationMetadataId": "814ce6b7-7030-418e-a918-313afa656653"
                          },
                          "type": "Query",
                          "inputs": {
                            "from": "@outputs('Get_Flow_Owner_Role_as_Admin')?['body/value']",
                            "where": "@equals(item()?['properties/principal/id'], outputs('List_rows_from_selected_environment_to_Find_New_Owner')?['body/value'][0]?['azureactivedirectoryobjectid'])"
                          }
                        },
                        "Condition_share_if_Target_Owner_not_already_co-owner": {
                          "actions": {
                            "Edit_Flow_Owner_Role_as_Admin": {
                              "runAfter": {},
                              "metadata": {
                                "operationMetadataId": "0009ae49-90f8-450f-9947-b79372d8d9cb"
                              },
                              "type": "OpenApiConnection",
                              "inputs": {
                                "host": {
                                  "connectionName": "shared_microsoftflowforadmins",
                                  "operationId": "Edit-AdminFlowOwnerRole",
                                  "apiId": "/providers/Microsoft.PowerApps/apis/shared_microsoftflowforadmins"
                                },
                                "parameters": {
                                  "environment": "@outputs('Get_Environment_as_Admin')?['body/name']",
                                  "flow": "@coalesce(outputs('Get_a_row_by_ID_from_selected_environment_Find_Flow')?['body']?['resourceid'], outputs('Get_a_row_by_ID_from_selected_environment_Find_Flow')?['body']?['workflowidunique'])",
                                  "api-version": "2016-11-01",
                                  "Content-Type": "application/json",
                                  "body/put": [
                                    {
                                      "properties/principal/id": "@outputs('List_rows_from_selected_environment_to_Find_New_Owner')?['body/value'][0]?['azureactivedirectoryobjectid']",
                                      "properties/principal/type": "User",
                                      "properties/roleName": "CanEdit"
                                    }
                                  ]
                                },
                                "authentication": {
                                  "type": "Raw",
                                  "value": "@json(decodeBase64(triggerOutputs().headers['X-MS-APIM-Tokens']))['$ConnectionKey']"
                                }
                              }
                            }
                          },
                          "runAfter": {
                            "Filter_array_Check_if_Target_Owner_already_co-owner": [
                              "Succeeded"
                            ]
                          },
                          "expression": {
                            "equals": [
                              "@length(body('Filter_array_Check_if_Target_Owner_already_co-owner'))",
                              0
                            ]
                          },
                          "metadata": {
                            "operationMetadataId": "1cca087f-f349-4dac-8735-d5c9c04fdf5c"
                          },
                          "type": "If"
                        },
                        "Filter_array_Check_if_Account_Sign_In_already_co-owner": {
                          "runAfter": {
                            "Condition_share_if_Target_Owner_not_already_co-owner": [
                              "Succeeded"
                            ]
                          },
                          "metadata": {
                            "operationMetadataId": "8c08d1c6-3dd1-4448-9201-5fcc7bc4343d"
                          },
                          "type": "Query",
                          "inputs": {
                            "from": "@outputs('Get_Flow_Owner_Role_as_Admin')?['body/value']",
                            "where": "@equals(item()?['properties/principal/id'], outputs('List_rows_from_selected_environment_to_Find_AccountSignin')?['body/value'][0]?['azureactivedirectoryobjectid'])"
                          }
                        },
                        "Condition_share_if_Account_Sign_In_not_already_co-owner": {
                          "actions": {
                            "Edit_Flow_Owner_Role_as_Admin_2": {
                              "runAfter": {},
                              "metadata": {
                                "operationMetadataId": "c227d4b3-0769-475c-9217-abc31dfe3e62"
                              },
                              "type": "OpenApiConnection",
                              "inputs": {
                                "host": {
                                  "connectionName": "shared_microsoftflowforadmins",
                                  "operationId": "Edit-AdminFlowOwnerRole",
                                  "apiId": "/providers/Microsoft.PowerApps/apis/shared_microsoftflowforadmins"
                                },
                                "parameters": {
                                  "environment": "@outputs('Get_Environment_as_Admin')?['body/name']",
                                  "flow": "@coalesce(outputs('Get_a_row_by_ID_from_selected_environment_Find_Flow')?['body']?['resourceid'], outputs('Get_a_row_by_ID_from_selected_environment_Find_Flow')?['body']?['workflowidunique'])",
                                  "api-version": "2016-11-01",
                                  "Content-Type": "application/json",
                                  "body/put": [
                                    {
                                      "properties/principal/id": "@outputs('List_rows_from_selected_environment_to_Find_AccountSignin')?['body/value'][0]?['azureactivedirectoryobjectid']",
                                      "properties/principal/type": "User",
                                      "properties/roleName": "CanEdit"
                                    }
                                  ]
                                },
                                "authentication": {
                                  "type": "Raw",
                                  "value": "@json(decodeBase64(triggerOutputs().headers['X-MS-APIM-Tokens']))['$ConnectionKey']"
                                }
                              }
                            }
                          },
                          "runAfter": {
                            "Filter_array_Check_if_Account_Sign_In_already_co-owner": [
                              "Succeeded"
                            ]
                          },
                          "expression": {
                            "and": [
                              {
                                "equals": [
                                  "@length(body('Filter_array_Check_if_Account_Sign_In_already_co-owner'))",
                                  0
                                ]
                              },
                              {
                                "not": {
                                  "equals": [
                                    "@triggerBody()['text_3']",
                                    "@triggerBody()['text']"
                                  ]
                                }
                              }
                            ]
                          },
                          "metadata": {
                            "operationMetadataId": "75bafe5e-91e2-4efd-967d-83bebaaab7e8"
                          },
                          "type": "If"
                        }
                      }
                    },
                    "Case_Environment_Variable_Definition": {
                      "case": 380,
                      "actions": {
                        "Update_a_row_in_selected_environment_Env_Var_Def": {
                          "runAfter": {},
                          "metadata": {
                            "operationMetadataId": "f3a36df8-743f-4f0d-afb4-0b684d23ee7e"
                          },
                          "type": "OpenApiConnection",
                          "inputs": {
                            "host": {
                              "connectionName": "shared_commondataserviceforapps",
                              "operationId": "UpdateRecordWithOrganization",
                              "apiId": "/providers/Microsoft.PowerApps/apis/shared_commondataserviceforapps"
                            },
                            "parameters": {
                              "organization": "@outputs('Get_Environment_as_Admin')?['body/properties/linkedEnvironmentMetadata/instanceUrl']",
                              "entityName": "environmentvariabledefinitions",
                              "recordId": "@items('Apply_to_each_Solution_Component')?['objectid']",
                              "item": {
                                "ownerid@odata.bind": "@{outputs('List_rows_from_selected_environment_to_Find_New_Owner')?['body/value'][0]?['@odata.id']}"
                              }
                            },
                            "authentication": {
                              "type": "Raw",
                              "value": "@json(decodeBase64(triggerOutputs().headers['X-MS-APIM-Tokens']))['$ConnectionKey']"
                            }
                          }
                        }
                      }
                    },
                    "Case_Connector": {
                      "case": 372,
                      "actions": {
                        "Perform_an_unbound_action_in_selected_environment_Grant_ReadAccess": {
                          "runAfter": {},
                          "metadata": {
                            "operationMetadataId": "b7f4f4d3-3bb4-4b6b-aabf-317adbca24be"
                          },
                          "type": "OpenApiConnection",
                          "inputs": {
                            "host": {
                              "connectionName": "shared_commondataserviceforapps",
                              "operationId": "PerformUnboundActionWithOrganization",
                              "apiId": "/providers/Microsoft.PowerApps/apis/shared_commondataserviceforapps"
                            },
                            "parameters": {
                              "organization": "@outputs('Get_Environment_as_Admin')?['body/properties/linkedEnvironmentMetadata/instanceUrl']",
                              "actionName": "GrantAccess",
                              "item": {
                                "Target": "connectors(@{items('Apply_to_each_Solution_Component')?['objectid']})",
                                "PrincipalAccess": {
                                  "Principal": {
                                    "systemuserid": "@{outputs('List_rows_from_selected_environment_to_Find_New_Owner')?['body/value'][0]?['systemuserid']}",
                                    "@{string('@')}odata.type": "Microsoft.Dynamics.CRM.systemuser"
                                  },
                                  "AccessMask": "ReadAccess"
                                }
                              }
                            },
                            "authentication": {
                              "type": "Raw",
                              "value": "@json(decodeBase64(triggerOutputs().headers['X-MS-APIM-Tokens']))['$ConnectionKey']"
                            }
                          }
                        },
                        "Perform_an_unbound_action_in_selected_environment_Grant_ShareAccess": {
                          "runAfter": {
                            "Perform_an_unbound_action_in_selected_environment_Grant_ReadAccess": [
                              "Succeeded"
                            ]
                          },
                          "metadata": {
                            "operationMetadataId": "ca86d7ec-372f-408e-866f-4b68c4cbb966"
                          },
                          "type": "OpenApiConnection",
                          "inputs": {
                            "host": {
                              "connectionName": "shared_commondataserviceforapps",
                              "operationId": "PerformUnboundActionWithOrganization",
                              "apiId": "/providers/Microsoft.PowerApps/apis/shared_commondataserviceforapps"
                            },
                            "parameters": {
                              "organization": "@outputs('Get_Environment_as_Admin')?['body/properties/linkedEnvironmentMetadata/instanceUrl']",
                              "actionName": "GrantAccess",
                              "item": {
                                "Target": "connectors(@{items('Apply_to_each_Solution_Component')?['objectid']})",
                                "PrincipalAccess": {
                                  "Principal": {
                                    "systemuserid": "@{outputs('List_rows_from_selected_environment_to_Find_New_Owner')?['body/value'][0]?['systemuserid']}",
                                    "@{string('@')}odata.type": "Microsoft.Dynamics.CRM.systemuser"
                                  },
                                  "AccessMask": "ShareAccess"
                                }
                              }
                            },
                            "authentication": {
                              "type": "Raw",
                              "value": "@json(decodeBase64(triggerOutputs().headers['X-MS-APIM-Tokens']))['$ConnectionKey']"
                            }
                          }
                        },
                        "Condition_Also_share_Access_to_Account_Sign_in_if_different_from_Target_Owner": {
                          "actions": {
                            "Perform_an_unbound_action_in_selected_environment_Grant_ReadAccess_2": {
                              "runAfter": {},
                              "metadata": {
                                "operationMetadataId": "b7f4f4d3-3bb4-4b6b-aabf-317adbca24be"
                              },
                              "type": "OpenApiConnection",
                              "inputs": {
                                "host": {
                                  "connectionName": "shared_commondataserviceforapps",
                                  "operationId": "PerformUnboundActionWithOrganization",
                                  "apiId": "/providers/Microsoft.PowerApps/apis/shared_commondataserviceforapps"
                                },
                                "parameters": {
                                  "organization": "@outputs('Get_Environment_as_Admin')?['body/properties/linkedEnvironmentMetadata/instanceUrl']",
                                  "actionName": "GrantAccess",
                                  "item": {
                                    "Target": "connectors(@{items('Apply_to_each_Solution_Component')?['objectid']})",
                                    "PrincipalAccess": {
                                      "Principal": {
                                        "systemuserid": "@{outputs('List_rows_from_selected_environment_to_Find_AccountSignIn')?['body/value'][0]?['systemuserid']}",
                                        "@{string('@')}odata.type": "Microsoft.Dynamics.CRM.systemuser"
                                      },
                                      "AccessMask": "ReadAccess"
                                    }
                                  }
                                },
                                "authentication": {
                                  "type": "Raw",
                                  "value": "@json(decodeBase64(triggerOutputs().headers['X-MS-APIM-Tokens']))['$ConnectionKey']"
                                }
                              }
                            }
                          },
                          "runAfter": {
                            "Perform_an_unbound_action_in_selected_environment_Grant_ShareAccess": [
                              "Succeeded"
                            ]
                          },
                          "expression": {
                            "not": {
                              "equals": [
                                "@triggerBody()['text_3']",
                                "@triggerBody()['text']"
                              ]
                            }
                          },
                          "metadata": {
                            "operationMetadataId": "505be8f2-e925-4970-acb8-dfde04e4f40b"
                          },
                          "type": "If"
                        }
                      }
                    }
                  },
                  "default": {
                    "actions": {
                      "List_rows_from_selected_environment_Check_if_Connection_Reference": {
                        "runAfter": {},
                        "metadata": {
                          "operationMetadataId": "8a086771-dac8-4902-b968-bc1fdd63a0ad"
                        },
                        "type": "OpenApiConnection",
                        "inputs": {
                          "host": {
                            "connectionName": "shared_commondataserviceforapps",
                            "operationId": "ListRecordsWithOrganization",
                            "apiId": "/providers/Microsoft.PowerApps/apis/shared_commondataserviceforapps"
                          },
                          "parameters": {
                            "organization": "@outputs('Get_Environment_as_Admin')?['body/properties/linkedEnvironmentMetadata/instanceUrl']",
                            "entityName": "connectionreferences",
                            "$filter": "connectionreferenceid eq '@{items('Apply_to_each_Solution_Component')?['objectid']}'"
                          },
                          "authentication": {
                            "type": "Raw",
                            "value": "@json(decodeBase64(triggerOutputs().headers['X-MS-APIM-Tokens']))['$ConnectionKey']"
                          }
                        }
                      },
                      "Condition_if_Connection_Reference": {
                        "actions": {
                          "Update_a_row_in_selected_environment_Change_Ownership_Conn_Ref": {
                            "runAfter": {},
                            "metadata": {
                              "operationMetadataId": "c09b0bb3-16ae-4107-b4a6-f19565b95ded"
                            },
                            "type": "OpenApiConnection",
                            "inputs": {
                              "host": {
                                "connectionName": "shared_commondataserviceforapps",
                                "operationId": "UpdateRecordWithOrganization",
                                "apiId": "/providers/Microsoft.PowerApps/apis/shared_commondataserviceforapps"
                              },
                              "parameters": {
                                "organization": "@outputs('Get_Environment_as_Admin')?['body/properties/linkedEnvironmentMetadata/instanceUrl']",
                                "entityName": "connectionreferences",
                                "recordId": "@items('Apply_to_each_Solution_Component')?['objectid']",
                                "item": {
                                  "ownerid@odata.bind": "@{outputs('List_rows_from_selected_environment_to_Find_New_Owner')?['body/value'][0]?['@odata.id']}"
                                }
                              },
                              "authentication": {
                                "type": "Raw",
                                "value": "@json(decodeBase64(triggerOutputs().headers['X-MS-APIM-Tokens']))['$ConnectionKey']"
                              }
                            }
                          },
                          "Append_to_ArrayConnRef": {
                            "runAfter": {
                              "Update_a_row_in_selected_environment_Change_Ownership_Conn_Ref": [
                                "Succeeded"
                              ]
                            },
                            "metadata": {
                              "operationMetadataId": "83201cba-7ca1-4f91-aa2c-49944d1079e7"
                            },
                            "type": "AppendToArrayVariable",
                            "inputs": {
                              "name": "ArrayConnRef",
                              "value": "@outputs('List_rows_from_selected_environment_Check_if_Connection_Reference')?['body/value'][0]"
                            }
                          }
                        },
                        "runAfter": {
                          "List_rows_from_selected_environment_Check_if_Connection_Reference": [
                            "Succeeded"
                          ]
                        },
                        "expression": {
                          "greaterOrEquals": [
                            "@length(outputs('List_rows_from_selected_environment_Check_if_Connection_Reference')?['body/value'])",
                            1
                          ]
                        },
                        "metadata": {
                          "operationMetadataId": "1bfb36ff-13bc-44a9-8c9e-a7f54762d08e"
                        },
                        "type": "If"
                      }
                    }
                  },
                  "expression": "@items('Apply_to_each_Solution_Component')?['componenttype']",
                  "metadata": {
                    "operationMetadataId": "0cc741bf-c9c2-4d02-9060-4a4662ae95f3"
                  },
                  "type": "Switch"
                }
              },
              "runAfter": {
                "List_rows_from_selected_environment_to_get_Solution_Components": [
                  "Succeeded"
                ]
              },
              "metadata": {
                "operationMetadataId": "0ded9821-f934-408a-b517-83e31bf2bc88"
              },
              "type": "Foreach"
            },
            "List_rows_from_selected_environment_to_Find_AccountSignIn": {
              "runAfter": {
                "List_rows_from_selected_environment_to_Find_New_Owner": [
                  "Succeeded"
                ]
              },
              "metadata": {
                "operationMetadataId": "61ea8710-c655-4f91-a8e2-bb439926a9e3"
              },
              "type": "OpenApiConnection",
              "inputs": {
                "host": {
                  "connectionName": "shared_commondataserviceforapps",
                  "operationId": "ListRecordsWithOrganization",
                  "apiId": "/providers/Microsoft.PowerApps/apis/shared_commondataserviceforapps"
                },
                "parameters": {
                  "organization": "@outputs('Get_Environment_as_Admin')?['body/properties/linkedEnvironmentMetadata/instanceUrl']",
                  "entityName": "systemusers",
                  "$filter": "internalemailaddress eq '@{triggerBody()['text_3']}'"
                },
                "authentication": {
                  "type": "Raw",
                  "value": "@json(decodeBase64(triggerOutputs().headers['X-MS-APIM-Tokens']))['$ConnectionKey']"
                }
              }
            }
          },
          "runAfter": {
            "Initialize_ArrayConnRef": [
              "Succeeded"
            ]
          },
          "metadata": {
            "operationMetadataId": "d72c9924-1c9a-4b75-8df9-9a2475a82226"
          },
          "type": "Scope"
        },
        "Respond_to_a_PowerApp_or_flow_Success": {
          "runAfter": {
            "Scope_Main": [
              "Succeeded"
            ]
          },
          "metadata": {
            "operationMetadataId": "d1260910-749f-4bc2-bf2e-783bbffa0070"
          },
          "type": "Response",
          "kind": "PowerApp",
          "inputs": {
            "statusCode": 200,
            "body": {
              "result": "Completed",
              "flowrun": "@{concat('https://make.powerautomate.com/manage/environments/',workflow()['tags']['environmentName'],'/flows/',workflow()['name'],'/runs/',workflow()['run']['name'])}",
              "connref": "@{variables('ArrayConnRef')}"
            },
            "schema": {
              "type": "object",
              "properties": {
                "result": {
                  "title": "result",
                  "x-ms-dynamically-added": true,
                  "type": "string"
                },
                "flowrun": {
                  "title": "flowrun",
                  "x-ms-dynamically-added": true,
                  "type": "string"
                },
                "connref": {
                  "title": "connref",
                  "x-ms-dynamically-added": true,
                  "type": "string"
                }
              }
            }
          }
        },
        "Respond_to_a_PowerApp_or_flow_Failure": {
          "runAfter": {
            "Scope_Main": [
              "Failed",
              "Skipped",
              "TimedOut"
            ]
          },
          "metadata": {
            "operationMetadataId": "d962c1dc-c300-482c-9651-ed44af5710d9"
          },
          "type": "Response",
          "kind": "PowerApp",
          "inputs": {
            "statusCode": 200,
            "body": {
              "result": "Ownership Update Failed",
              "flowrun": "@{concat('https://make.powerautomate.com/manage/environments/',workflow()['tags']['environmentName'],'/flows/',workflow()['name'],'/runs/',workflow()['run']['name'])}",
              "connref": "@{variables('ArrayConnRef')}"
            },
            "schema": {
              "type": "object",
              "properties": {
                "result": {
                  "title": "result",
                  "x-ms-dynamically-added": true,
                  "type": "string"
                },
                "flowrun": {
                  "title": "flowrun",
                  "x-ms-dynamically-added": true,
                  "type": "string"
                },
                "connref": {
                  "title": "connref",
                  "x-ms-dynamically-added": true,
                  "type": "string"
                }
              }
            }
          }
        },
        "Terminate": {
          "runAfter": {
            "Respond_to_a_PowerApp_or_flow_Failure": [
              "Succeeded"
            ]
          },
          "metadata": {
            "operationMetadataId": "2a5b588c-be73-4fc1-b1cd-c725c3ce52b1"
          },
          "type": "Terminate",
          "inputs": {
            "runStatus": "Failed"
          }
        },
        "Initialize_ArrayConnRef": {
          "runAfter": {},
          "metadata": {
            "operationMetadataId": "b2897f12-f1ab-4f7b-8a57-21fd0c8ab3b9"
          },
          "type": "InitializeVariable",
          "inputs": {
            "variables": [
              {
                "name": "ArrayConnRef",
                "type": "array"
              }
            ]
          }
        }
      },
      "outputs": {}
    },
    "templateName": ""
  },
  "schemaVersion": "1.0.0.0"
}