<environmentvariabledefinition schemaname="ptricks_PpacReportsSPFolderPath">
  <description default="Relative Folder Path where all the reports should be uploaded. Example &quot;/Shared Documents/PpacReports&quot;">
    <label description="Relative Folder Path where all the reports should be uploaded. Example &quot;/Shared Documents/PpacReports&quot;" languagecode="1033" />
  </description>
  <displayname default="PpacReportsSPFolderPath">
    <label description="PpacReportsSPFolderPath" languagecode="1033" />
  </displayname>
  <introducedversion>2025.03.23.2</introducedversion>
  <iscustomizable>1</iscustomizable>
  <isrequired>0</isrequired>
  <secretstore>0</secretstore>
  <type>100000000</type>
</environmentvariabledefinition>