<environmentvariabledefinition schemaname="ptricks_PpacReportsSPFolderPathAIBuilder">
  <description default="Relative Folder Path where the AI Builder reports are uploaded. Example &quot;/Shared Documents/PpacReports/AIBuilder&quot;">
    <label description="Relative Folder Path where the AI Builder reports are uploaded. Example &quot;/Shared Documents/PpacReports/AIBuilder&quot;" languagecode="1033" />
  </description>
  <displayname default="PpacReportsSPFolderPathAIBuilder">
    <label description="PpacReportsSPFolderPathAIBuilder" languagecode="1033" />
  </displayname>
  <introducedversion>1.0.0.0</introducedversion>
  <iscustomizable>1</iscustomizable>
  <isrequired>0</isrequired>
  <secretstore>0</secretstore>
  <type>100000000</type>
</environmentvariabledefinition>