{
  "properties": {
    "connectionReferences": {
      "shared_commondataserviceforapps_1": {
        "runtimeSource": "embedded",
        "connection": {
          "connectionReferenceLogicalName": "ptricks_sharedcommondataserviceforapps_a0ecc"
        },
        "api": {
          "name": "shared_commondataserviceforapps"
        }
      },
      "shared_commondataserviceforapps": {
        "runtimeSource": "embedded",
        "connection": {
          "connectionReferenceLogicalName": "ptricks_sharedcommondataserviceforapps_4dbd3"
        },
        "api": {
          "name": "shared_commondataserviceforapps"
        }
      }
    },
    "definition": {
      "$schema": "https://schema.management.azure.com/providers/Microsoft.Logic/schemas/2016-06-01/workflowdefinition.json#",
      "contentVersion": "1.0.0.0",
      "parameters": {
        "$connections": {
          "defaultValue": {},
          "type": "Object"
        },
        "$authentication": {
          "defaultValue": {},
          "type": "SecureObject"
        }
      },
      "triggers": {
        "When_a_row_is_added,_modified_or_deleted": {
          "metadata": {
            "operationMetadataId": "bde77d63-ff5a-46c1-9878-3dac91733f23"
          },
          "type": "OpenApiConnectionWebhook",
          "inputs": {
            "parameters": {
              "subscriptionRequest/message": 1,
              "subscriptionRequest/entityname": "ptricks_settingpolicydeployment",
              "subscriptionRequest/scope": 4,
              "subscriptionRequest/name": "307edfa3-48f2-ee11-a1fd-000d3a202756"
            },
            "host": {
              "connectionName": "shared_commondataserviceforapps_1",
              "operationId": "SubscribeWebhookTrigger",
              "apiId": "/providers/Microsoft.PowerApps/apis/shared_commondataserviceforapps"
            },
            "authentication": "@parameters('$authentication')"
          }
        }
      },
      "actions": {
        "Scope_Main": {
          "actions": {
            "Select_Setting_Configurations": {
              "runAfter": {
                "Condition_Cancel_if_not_Environments_Added": [
                  "Succeeded"
                ]
              },
              "metadata": {
                "operationMetadataId": "f382aa37-1630-4f75-ab1f-f8997531c3e4"
              },
              "type": "Select",
              "inputs": {
                "from": "@body('Get_Setting_Policy')?['ptricks_SettingPolicy_ptricks_SettingConf']",
                "select": "@concat(\r\n    string('\"'),\r\n    item()?['ptricks_settingoptionlogicalname']\r\n    ,\r\n    string('\"'),\r\n    ':',\r\n    if(\r\n        equals(item()?['ptricks_settingoptiontype'],'Is Feature Enabled'),\r\n        toLower(string(equals(item()?['ptricks_settingvalueisfeatureenabled'],1))),\r\n        item()?['ptricks_settingvalueinteger']\r\n    )\r\n)\r\n"
              }
            },
            "Join_Setting_Configurations": {
              "runAfter": {
                "Select_Setting_Configurations": [
                  "Succeeded"
                ]
              },
              "metadata": {
                "operationMetadataId": "b9fb201d-a5c9-4a66-a9b9-fc83b64cf7d9"
              },
              "type": "Join",
              "inputs": {
                "from": "@body('Select_Setting_Configurations')",
                "joinWith": ","
              }
            },
            "Compose_Row_To_Update": {
              "runAfter": {
                "Join_Setting_Configurations": [
                  "Succeeded"
                ]
              },
              "metadata": {
                "operationMetadataId": "d72a3783-06cd-4fab-b1fd-34883c81942e"
              },
              "type": "Compose",
              "inputs": "@{string('{')}@{body('Join_Setting_Configurations')}@{string('}')}"
            },
            "Update_Policy_Deployment_to_Submitted": {
              "runAfter": {
                "Apply_to_each_Environment": [
                  "Succeeded"
                ]
              },
              "metadata": {
                "operationMetadataId": "b2e0f059-14fb-4e3d-81b1-57b1b75dc717"
              },
              "type": "OpenApiConnection",
              "inputs": {
                "parameters": {
                  "entityName": "ptricks_settingpolicydeployments",
                  "recordId": "@triggerOutputs()?['body/ptricks_settingpolicydeploymentid']",
                  "item/ptricks_deployedconfiguration": "@json(outputs('Compose_Row_To_Update'))",
                  "item/ptricks_environmentcount": "@length(outputs('Get_Setting_Policy')?['body']?['ptricks_SettingPolicy_admin_Environment'])",
                  "item/statuscode": 493920001
                },
                "host": {
                  "connectionName": "shared_commondataserviceforapps_1",
                  "operationId": "UpdateRecord",
                  "apiId": "/providers/Microsoft.PowerApps/apis/shared_commondataserviceforapps"
                },
                "authentication": "@parameters('$authentication')"
              }
            },
            "Update_Policy_Deployment_to_In_Progress": {
              "runAfter": {},
              "metadata": {
                "operationMetadataId": "4750ad59-b2f6-4fa0-a673-7b5e3d3d256f"
              },
              "type": "OpenApiConnection",
              "inputs": {
                "parameters": {
                  "entityName": "ptricks_settingpolicydeployments",
                  "recordId": "@triggerOutputs()?['body/ptricks_settingpolicydeploymentid']",
                  "item/ptricks_flowrunurl": "@concat('https://make.powerautomate.com/manage/environments/',workflow()['tags']['environmentName'],'/flows/',workflow()['name'],'/runs/',workflow()['run']['name'])\r\n",
                  "item/statuscode": 493920002
                },
                "host": {
                  "connectionName": "shared_commondataserviceforapps_1",
                  "operationId": "UpdateRecord",
                  "apiId": "/providers/Microsoft.PowerApps/apis/shared_commondataserviceforapps"
                },
                "authentication": "@parameters('$authentication')"
              }
            },
            "Get_Setting_Policy": {
              "runAfter": {
                "Update_Policy_Deployment_to_In_Progress": [
                  "Succeeded"
                ]
              },
              "metadata": {
                "operationMetadataId": "a9b6580f-7020-4cd6-a97a-4ea7d263c48b"
              },
              "type": "OpenApiConnection",
              "inputs": {
                "parameters": {
                  "entityName": "ptricks_settingpolicies",
                  "recordId": "@triggerOutputs()?['body/_ptricks_policy_value']",
                  "$expand": "ptricks_SettingPolicy_ptricks_SettingConf,ptricks_SettingPolicy_admin_Environment"
                },
                "host": {
                  "connectionName": "shared_commondataserviceforapps_1",
                  "operationId": "GetItem",
                  "apiId": "/providers/Microsoft.PowerApps/apis/shared_commondataserviceforapps"
                },
                "authentication": "@parameters('$authentication')"
              }
            },
            "Apply_to_each_Environment": {
              "foreach": "@outputs('Get_Setting_Policy')?['body']?['ptricks_SettingPolicy_admin_Environment']",
              "actions": {
                "Add_a_Setting_Deployment": {
                  "runAfter": {},
                  "metadata": {
                    "operationMetadataId": "4dfea847-d054-40c0-b25a-2c48f0c04f4f"
                  },
                  "type": "OpenApiConnection",
                  "inputs": {
                    "parameters": {
                      "entityName": "ptricks_settingdeployments",
                      "item/ptricks_deployedconfiguration": "@json(outputs('Compose_Row_To_Update'))",
                      "item/ptricks_Environment@odata.bind": "admin_environments(@{item()?['admin_environmentid']})",
                      "item/ptricks_Policy@odata.bind": "ptricks_settingpolicies(@{outputs('Get_Setting_Policy')?['body/ptricks_settingpolicyid']})",
                      "item/ptricks_PolicyDeployment@odata.bind": "ptricks_settingpolicydeployments(@{triggerOutputs()?['body/ptricks_settingpolicydeploymentid']})",
                      "item/statuscode": 1
                    },
                    "host": {
                      "connectionName": "shared_commondataserviceforapps_1",
                      "operationId": "CreateRecord",
                      "apiId": "/providers/Microsoft.PowerApps/apis/shared_commondataserviceforapps"
                    },
                    "authentication": "@parameters('$authentication')"
                  }
                }
              },
              "runAfter": {
                "Compose_Row_To_Update": [
                  "Succeeded"
                ]
              },
              "metadata": {
                "operationMetadataId": "42e64a2e-f216-414c-91c7-c3ab112ca14c"
              },
              "type": "Foreach"
            },
            "Condition_Cancel_If_no_configurations_added": {
              "actions": {
                "Update_Policy_to_cancelled": {
                  "runAfter": {},
                  "metadata": {
                    "operationMetadataId": "06e875f7-9459-44db-8271-d4297104efa0"
                  },
                  "type": "OpenApiConnection",
                  "inputs": {
                    "parameters": {
                      "entityName": "ptricks_settingpolicydeployments",
                      "recordId": "@triggerOutputs()?['body/ptricks_settingpolicydeploymentid']",
                      "item/ptricks_deployedconfiguration": "no configuration added to the policy",
                      "item/statuscode": 493920004
                    },
                    "host": {
                      "connectionName": "shared_commondataserviceforapps",
                      "operationId": "UpdateRecord",
                      "apiId": "/providers/Microsoft.PowerApps/apis/shared_commondataserviceforapps"
                    },
                    "authentication": "@parameters('$authentication')"
                  }
                },
                "Terminate_1": {
                  "runAfter": {
                    "Update_Policy_to_cancelled": [
                      "Succeeded"
                    ]
                  },
                  "metadata": {
                    "operationMetadataId": "f147cb57-ffa8-4b0f-aa36-e19c9a554273"
                  },
                  "type": "Terminate",
                  "inputs": {
                    "runStatus": "Cancelled"
                  }
                }
              },
              "runAfter": {
                "Get_Setting_Policy": [
                  "Succeeded"
                ]
              },
              "expression": {
                "and": [
                  {
                    "equals": [
                      "@length(body('Get_Setting_Policy')?['ptricks_SettingPolicy_ptricks_SettingConf'])",
                      0
                    ]
                  }
                ]
              },
              "metadata": {
                "operationMetadataId": "eff8a54a-a948-4141-90fa-a32811fd8adb"
              },
              "type": "If"
            },
            "Condition_Cancel_if_not_Environments_Added": {
              "actions": {
                "Update_Policy_to_cancelled_2": {
                  "runAfter": {},
                  "metadata": {
                    "operationMetadataId": "4e8960b4-e05c-48d7-b634-137ef7dce156"
                  },
                  "type": "OpenApiConnection",
                  "inputs": {
                    "parameters": {
                      "entityName": "ptricks_settingpolicydeployments",
                      "recordId": "@triggerOutputs()?['body/ptricks_settingpolicydeploymentid']",
                      "item/statuscode": 493920004
                    },
                    "host": {
                      "connectionName": "shared_commondataserviceforapps",
                      "operationId": "UpdateRecord",
                      "apiId": "/providers/Microsoft.PowerApps/apis/shared_commondataserviceforapps"
                    },
                    "authentication": "@parameters('$authentication')"
                  }
                },
                "Terminate_2": {
                  "runAfter": {
                    "Update_Policy_to_cancelled_2": [
                      "Succeeded"
                    ]
                  },
                  "metadata": {
                    "operationMetadataId": "2393fe9b-ec65-430c-b6ae-ec178b001e86"
                  },
                  "type": "Terminate",
                  "inputs": {
                    "runStatus": "Cancelled"
                  }
                }
              },
              "runAfter": {
                "Condition_Cancel_If_no_configurations_added": [
                  "Succeeded"
                ]
              },
              "expression": {
                "and": [
                  {
                    "equals": [
                      "@length(outputs('Get_Setting_Policy')?['body']?['ptricks_SettingPolicy_admin_Environment'])",
                      0
                    ]
                  }
                ]
              },
              "metadata": {
                "operationMetadataId": "24336a38-78e5-4aaf-96a1-3913d5082eea"
              },
              "type": "If"
            }
          },
          "runAfter": {},
          "metadata": {
            "operationMetadataId": "c5d98dca-45c8-41c4-a47b-0b28e7bc5b08"
          },
          "type": "Scope"
        },
        "Scope_Exception": {
          "actions": {
            "Update_Policy_Deployment_to_Failed": {
              "runAfter": {},
              "metadata": {
                "operationMetadataId": "b2e0f059-14fb-4e3d-81b1-57b1b75dc717"
              },
              "type": "OpenApiConnection",
              "inputs": {
                "parameters": {
                  "entityName": "ptricks_settingpolicydeployments",
                  "recordId": "@triggerOutputs()?['body/ptricks_settingpolicydeploymentid']",
                  "item/statuscode": 493920003
                },
                "host": {
                  "connectionName": "shared_commondataserviceforapps_1",
                  "operationId": "UpdateRecord",
                  "apiId": "/providers/Microsoft.PowerApps/apis/shared_commondataserviceforapps"
                },
                "authentication": "@parameters('$authentication')"
              }
            },
            "Terminate": {
              "runAfter": {
                "Update_Policy_Deployment_to_Failed": [
                  "Succeeded"
                ]
              },
              "metadata": {
                "operationMetadataId": "e68bc40f-da9c-4298-80f2-e7dc1af77c62"
              },
              "type": "Terminate",
              "inputs": {
                "runStatus": "Failed"
              }
            }
          },
          "runAfter": {
            "Scope_Main": [
              "Failed",
              "Skipped",
              "TimedOut"
            ]
          },
          "metadata": {
            "operationMetadataId": "d81d964d-2534-4b3f-b6cd-db4d8dbd252d"
          },
          "type": "Scope"
        }
      },
      "outputs": {}
    },
    "templateName": ""
  },
  "schemaVersion": "1.0.0.0"
}