<ImportExportXml xmlns:xsi="http://www.w3.org/2001/XMLSchema-instance" OrganizationVersion="9.2.25042.234" OrganizationSchemaType="Standard" CRMServerServiceabilityVersion="9.2.25042.00234">
  <Entities></Entities>
  <Roles></Roles>
  <Workflows>
    <Workflow WorkflowId="{4171180b-2034-f011-8c4e-002248202064}" Name="Data Load Executor - CHILD - get Detailed Env Message Report ">
      <JsonFileName>/Workflows/DataLoadExecutor-CHILD-getDetailedEnvMessageReport-4171180B-2034-F011-8C4E-002248202064.json</JsonFileName>
      <Type>1</Type>
      <Subprocess>0</Subprocess>
      <Category>5</Category>
      <Mode>0</Mode>
      <Scope>4</Scope>
      <OnDemand>0</OnDemand>
      <TriggerOnCreate>0</TriggerOnCreate>
      <TriggerOnDelete>0</TriggerOnDelete>
      <AsyncAutodelete>0</AsyncAutodelete>
      <SyncWorkflowLogOnFailure>0</SyncWorkflowLogOnFailure>
      <StateCode>1</StateCode>
      <StatusCode>2</StatusCode>
      <RunAs>1</RunAs>
      <IsTransacted>1</IsTransacted>
      <IntroducedVersion>2025.05.03.1</IntroducedVersion>
      <IsCustomizable>1</IsCustomizable>
      <BusinessProcessType>0</BusinessProcessType>
      <IsCustomProcessingStepAllowedForOtherPublishers>1</IsCustomProcessingStepAllowedForOtherPublishers>
      <ModernFlowType>0</ModernFlowType>
      <PrimaryEntity>none</PrimaryEntity>
      <LocalizedNames>
        <LocalizedName languagecode="1033" description="Data Load Executor - CHILD - get Detailed Env Message Report " />
      </LocalizedNames>
    </Workflow>
    <Workflow WorkflowId="{a2dafcd4-9d78-ee11-8179-000d3a4eedfe}" Name="Data Load Executor" Description="Manual flow taking start date, end date and report type as input. The Flows extracts the corresponding consumption report and save it on a SharePoint folder.">
      <JsonFileName>/Workflows/DataLoadExecutor-A2DAFCD4-9D78-EE11-8179-000D3A4EEDFE.json</JsonFileName>
      <Type>1</Type>
      <Subprocess>0</Subprocess>
      <Category>5</Category>
      <Mode>0</Mode>
      <Scope>4</Scope>
      <OnDemand>0</OnDemand>
      <TriggerOnCreate>0</TriggerOnCreate>
      <TriggerOnDelete>0</TriggerOnDelete>
      <AsyncAutodelete>0</AsyncAutodelete>
      <SyncWorkflowLogOnFailure>0</SyncWorkflowLogOnFailure>
      <StateCode>1</StateCode>
      <StatusCode>2</StatusCode>
      <RunAs>1</RunAs>
      <IsTransacted>1</IsTransacted>
      <IntroducedVersion>1.0.0.0</IntroducedVersion>
      <IsCustomizable>1</IsCustomizable>
      <BusinessProcessType>0</BusinessProcessType>
      <IsCustomProcessingStepAllowedForOtherPublishers>1</IsCustomProcessingStepAllowedForOtherPublishers>
      <PrimaryEntity>none</PrimaryEntity>
      <LocalizedNames>
        <LocalizedName languagecode="1033" description="Data Load Executor" />
      </LocalizedNames>
      <Descriptions>
        <Description languagecode="1033" description="Manual flow taking start date, end date and report type as input. The Flows extracts the corresponding consumption report and save it on a SharePoint folder." />
      </Descriptions>
    </Workflow>
    <Workflow WorkflowId="{6cf4599e-9d78-ee11-8179-000d3a4eedfe}" Name="Daily Data Load Requestor" Description="This Flows runs every day to trigger the child Flow for each report type. It will result in having all the consumptions reports extracted and saved to their appropriate SharePoint folder.">
      <JsonFileName>/Workflows/DailyDataLoadRequestor-6CF4599E-9D78-EE11-8179-000D3A4EEDFE.json</JsonFileName>
      <Type>1</Type>
      <Subprocess>0</Subprocess>
      <Category>5</Category>
      <Mode>0</Mode>
      <Scope>4</Scope>
      <OnDemand>0</OnDemand>
      <TriggerOnCreate>0</TriggerOnCreate>
      <TriggerOnDelete>0</TriggerOnDelete>
      <AsyncAutodelete>0</AsyncAutodelete>
      <SyncWorkflowLogOnFailure>0</SyncWorkflowLogOnFailure>
      <StateCode>1</StateCode>
      <StatusCode>2</StatusCode>
      <RunAs>1</RunAs>
      <IsTransacted>1</IsTransacted>
      <IntroducedVersion>1.0.0.0</IntroducedVersion>
      <IsCustomizable>1</IsCustomizable>
      <BusinessProcessType>0</BusinessProcessType>
      <IsCustomProcessingStepAllowedForOtherPublishers>1</IsCustomProcessingStepAllowedForOtherPublishers>
      <PrimaryEntity>none</PrimaryEntity>
      <LocalizedNames>
        <LocalizedName languagecode="1033" description="Daily Data Load Requestor" />
      </LocalizedNames>
      <Descriptions>
        <Description languagecode="1033" description="This Flows runs every day to trigger the child Flow for each report type. It will result in having all the consumptions reports extracted and saved to their appropriate SharePoint folder." />
      </Descriptions>
    </Workflow>
    <Workflow WorkflowId="{d3233efe-e078-ee11-8179-000d3a4eedfe}" Name="Manual Data Load Requestor" Description="This Flow is triggered from the App when user requests a report with specific start and end dates. It will then call the child flow to extract the corresponding report and save it on SharePoint.">
      <JsonFileName>/Workflows/ManualDataLoadRequestor-D3233EFE-E078-EE11-8179-000D3A4EEDFE.json</JsonFileName>
      <Type>1</Type>
      <Subprocess>0</Subprocess>
      <Category>5</Category>
      <Mode>0</Mode>
      <Scope>4</Scope>
      <OnDemand>0</OnDemand>
      <TriggerOnCreate>0</TriggerOnCreate>
      <TriggerOnDelete>0</TriggerOnDelete>
      <AsyncAutodelete>0</AsyncAutodelete>
      <SyncWorkflowLogOnFailure>0</SyncWorkflowLogOnFailure>
      <StateCode>1</StateCode>
      <StatusCode>2</StatusCode>
      <RunAs>1</RunAs>
      <IsTransacted>1</IsTransacted>
      <IntroducedVersion>2023.11.01.01</IntroducedVersion>
      <IsCustomizable>1</IsCustomizable>
      <BusinessProcessType>0</BusinessProcessType>
      <IsCustomProcessingStepAllowedForOtherPublishers>1</IsCustomProcessingStepAllowedForOtherPublishers>
      <PrimaryEntity>none</PrimaryEntity>
      <LocalizedNames>
        <LocalizedName languagecode="1033" description="Manual Data Load Requestor" />
      </LocalizedNames>
      <Descriptions>
        <Description languagecode="1033" description="This Flow is triggered from the App when user requests a report with specific start and end dates. It will then call the child flow to extract the corresponding report and save it on SharePoint." />
      </Descriptions>
    </Workflow>
    <Workflow WorkflowId="{73cb212d-c189-ef11-ac21-7c1e52012fde}" Name="One-Off- Request Last Days" Description="This Flows runs every day to trigger the child Flow for each report type. It will result in having all the consumptions reports extracted and saved to their appropriate SharePoint folder.">
      <JsonFileName>/Workflows/One-Off-RequestLastDays-73CB212D-C189-EF11-AC21-7C1E52012FDE.json</JsonFileName>
      <Type>1</Type>
      <Subprocess>0</Subprocess>
      <Category>5</Category>
      <Mode>0</Mode>
      <Scope>4</Scope>
      <OnDemand>0</OnDemand>
      <TriggerOnCreate>0</TriggerOnCreate>
      <TriggerOnDelete>0</TriggerOnDelete>
      <AsyncAutodelete>0</AsyncAutodelete>
      <SyncWorkflowLogOnFailure>0</SyncWorkflowLogOnFailure>
      <StateCode>1</StateCode>
      <StatusCode>2</StatusCode>
      <RunAs>1</RunAs>
      <IsTransacted>1</IsTransacted>
      <IntroducedVersion>2023.11.03.2</IntroducedVersion>
      <IsCustomizable>1</IsCustomizable>
      <BusinessProcessType>0</BusinessProcessType>
      <IsCustomProcessingStepAllowedForOtherPublishers>1</IsCustomProcessingStepAllowedForOtherPublishers>
      <PrimaryEntity>none</PrimaryEntity>
      <LocalizedNames>
        <LocalizedName languagecode="1033" description="One-Off- Request Last Days" />
      </LocalizedNames>
      <Descriptions>
        <Description languagecode="1033" description="This Flows runs every day to trigger the child Flow for each report type. It will result in having all the consumptions reports extracted and saved to their appropriate SharePoint folder." />
      </Descriptions>
    </Workflow>
  </Workflows>
  <FieldSecurityProfiles></FieldSecurityProfiles>
  <Templates />
  <EntityMaps />
  <EntityRelationships />
  <OrganizationSettings />
  <optionsets />
  <CustomControls />
  <EntityDataProviders />
  <CanvasApps>
    <CanvasApp>
      <Name>ptricks_ppacreportsmanualrequest_050b2</Name>
      <AppVersion>2025-05-20T22:08:18Z</AppVersion>
      <Status>Ready</Status>
      <CreatedByClientVersion>3.25044.10.0</CreatedByClientVersion>
      <MinClientVersion>3.25044.10.0</MinClientVersion>
      <Tags>{"primaryDeviceWidth":"2495","primaryDeviceHeight":"1123","supportsPortrait":"true","supportsLandscape":"true","primaryFormFactor":"Tablet","showStatusBar":"false","publisherVersion":"3.25044.10","minimumRequiredApiVersion":"2.2.0","hasComponent":"false","hasUnlockedComponent":"false","isUnifiedRootApp":"false","sienaVersion":"20240903T231517Z-3.24083.14.0"}</Tags>
      <IsCdsUpgraded>0</IsCdsUpgraded>
      <GalleryItemId xsi:nil="true"></GalleryItemId>
      <BackgroundColor>rgba(52, 92, 125, 1)</BackgroundColor>
      <DisplayName>PpacReports - Manual Request</DisplayName>
      <Description xsi:nil="true"></Description>
      <CommitMessage xsi:nil="true"></CommitMessage>
      <Publisher xsi:nil="true"></Publisher>
      <AuthorizationReferences>[]</AuthorizationReferences>
      <ConnectionReferences>{"47db5f4b-cf01-4d35-956c-b94f15d959a5":{"id":"/providers/microsoft.powerapps/apis/shared_logicflows","displayName":"Logic flows","iconUri":"https://conn-afd-prod-endpoint-bmc9bqahasf3grgk.b01.azurefd.net/releases/v1.0.1745/1.0.1745.4169/logicflows/icon.png","dataSources":["ManualDataLoadRequestor"],"dependencies":[],"dependents":[],"parameterHints":{"workflowName":{"value":"c8b140d6-ef59-4faa-b9ef-25b54acb4116"},"workflowEntityId":{"value":"d3233efe-e078-ee11-8179-000d3a4eedfe"}},"parameterHintsV2":{"workflowName":{"value":"c8b140d6-ef59-4faa-b9ef-25b54acb4116"},"workflowEntityId":{"value":"d3233efe-e078-ee11-8179-000d3a4eedfe"}},"isOnPremiseConnection":false,"bypassConsent":false,"dataSets":{},"apiTier":"Standard","actions":["Run"]}}</ConnectionReferences>
      <DatabaseReferences>{}</DatabaseReferences>
      <AppComponents>[]</AppComponents>
      <AppComponentDependencies>[]</AppComponentDependencies>
      <CanConsumeAppPass>1</CanConsumeAppPass>
      <CanvasAppType>0</CanvasAppType>
      <BypassConsent>0</BypassConsent>
      <AdminControlBypassConsent>0</AdminControlBypassConsent>
      <EmbeddedApp xsi:nil="true"></EmbeddedApp>
      <IntroducedVersion>1.0</IntroducedVersion>
      <CdsDependencies>{"cdsdependencies":[{"dependencyid":"d3233efe-e078-ee11-8179-000d3a4eedfe","componenttype":29,"componenttypeplatformname":"Workflow"}]}</CdsDependencies>
      <IsCustomizable>1</IsCustomizable>
      <BackgroundImageUri>/CanvasApps/ptricks_ppacreportsmanualrequest_050b2_BackgroundImageUri</BackgroundImageUri>
      <DocumentUri>/CanvasApps/ptricks_ppacreportsmanualrequest_050b2_DocumentUri.msapp</DocumentUri>
      <AdditionalUris>
        <AdditionalUri>/CanvasApps/ptricks_ppacreportsmanualrequest_050b2_AdditionalUris0_identity.json</AdditionalUri>
      </AdditionalUris>
    </CanvasApp>
  </CanvasApps>
  <connectionreferences>
    <connectionreference connectionreferencelogicalname="new_sharedoffice365_337dc">
      <connectionreferencedisplayname>PpacReports - Office 365 Outlook</connectionreferencedisplayname>
      <connectorid>/providers/Microsoft.PowerApps/apis/shared_office365</connectorid>
      <iscustomizable>1</iscustomizable>
      <statecode>0</statecode>
      <statuscode>1</statuscode>
    </connectionreference>
    <connectionreference connectionreferencelogicalname="ptricks_PpacReportsPpForAdmins">
      <connectionreferencedisplayname>PpacReports - PP For Admins</connectionreferencedisplayname>
      <connectorid>/providers/Microsoft.PowerApps/apis/shared_powerplatformforadmins</connectorid>
      <iscustomizable>1</iscustomizable>
      <promptingbehavior>0</promptingbehavior>
      <statecode>0</statecode>
      <statuscode>1</statuscode>
    </connectionreference>
    <connectionreference connectionreferencelogicalname="ptricks_PpacReportsPpLicensingApi">
      <connectionreferencedisplayname>PpacReports - PP Licensing API</connectionreferencedisplayname>
      <connectorid>/providers/Microsoft.PowerApps/apis/shared_webcontents</connectorid>
      <description>PpacReports - PP Licensing API</description>
      <iscustomizable>1</iscustomizable>
      <promptingbehavior>0</promptingbehavior>
      <statecode>0</statecode>
      <statuscode>1</statuscode>
    </connectionreference>
    <connectionreference connectionreferencelogicalname="ptricks_sharedsharepointonline_74526">
      <connectionreferencedisplayname>PpacReports - SharePoint</connectionreferencedisplayname>
      <connectorid>/providers/Microsoft.PowerApps/apis/shared_sharepointonline</connectorid>
      <iscustomizable>1</iscustomizable>
      <statecode>0</statecode>
      <statuscode>1</statuscode>
    </connectionreference>
  </connectionreferences>
  <Languages>
    <Language>1033</Language>
  </Languages>
</ImportExportXml>