<appaction uniquename="ptricks__Mscrm.Form.{!EntityLogicalName}.Assign!ptricks_EndpointManager!ptricks_endpointruleset!0">
  <appmoduleid>
    <uniquename>ptricks_EndpointManager</uniquename>
  </appmoduleid>
  <buttonaccessibilitytext default="Assign">
    <label description="Assign" languagecode="1033" />
  </buttonaccessibilitytext>
  <buttonlabeltext default="Assign">
    <label description="Assign" languagecode="1033" />
  </buttonlabeltext>
  <buttontooltipdescription default="Make someone else the owner of these {EntityLogicalNameCollectionMarker}. &lt;br&gt;&lt;br&gt;If you want to keep ownership of the {EntityLogicalNameCollectionMarker}, yet let someone else work with them, select Share instead.">
    <label description="Make someone else the owner of these {EntityLogicalNameCollectionMarker}. &lt;br&gt;&lt;br&gt;If you want to keep ownership of the {EntityLogicalNameCollectionMarker}, yet let someone else work with them, select Share instead." languagecode="1033" />
  </buttontooltipdescription>
  <buttontooltiptitle default="Assign">
    <label description="Assign" languagecode="1033" />
  </buttontooltiptitle>
  <context>1</context>
  <contextentity>
    <logicalname>ptricks_endpointruleset</logicalname>
  </contextentity>
  <contextvalue>ptricks_endpointruleset</contextvalue>
  <fonticon>$clientsvg:FollowUser</fonticon>
  <hidden>1</hidden>
  <iscustomizable>1</iscustomizable>
  <isdisabled>0</isdisabled>
  <isgrouptitlehidden>0</isgrouptitlehidden>
  <location>0</location>
  <name>Mscrm.Form.{!EntityLogicalName}.Assign</name>
  <onclickeventjavascriptfunctionname>XrmCore.Commands.Assign.assignObject</onclickeventjavascriptfunctionname>
  <onclickeventjavascriptparameters>[{"type":2,"value":null}]</onclickeventjavascriptparameters>
  <onclickeventjavascriptwebresourceid>
    <webresourceid>adea1aea-b2aa-e611-80d6-00155d88c343</webresourceid>
  </onclickeventjavascriptwebresourceid>
  <onclickeventtype>2</onclickeventtype>
  <origin>2</origin>
  <sequence>100400033.0000000000</sequence>
  <statecode>0</statecode>
  <statuscode>1</statuscode>
  <type>0</type>
  <visibilitytype>2</visibilitytype>
</appaction>