<environmentvariabledefinition schemaname="ptricks_PpacReportsSPFolderPathRequestsFlows">
  <description default="Relative Folder Path where the requests reports are uploaded for licensed flows. Example &quot;/Shared Documents/PpacReports/Requests/Flows&quot;">
    <label description="Relative Folder Path where the requests reports are uploaded for licensed flows. Example &quot;/Shared Documents/PpacReports/Requests/Flows&quot;" languagecode="1033" />
  </description>
  <displayname default="PpacReportsSPFolderPathRequestsFlows">
    <label description="PpacReportsSPFolderPathRequestsFlows" languagecode="1033" />
  </displayname>
  <introducedversion>1.0.0.0</introducedversion>
  <iscustomizable>1</iscustomizable>
  <isrequired>0</isrequired>
  <secretstore>0</secretstore>
  <type>100000000</type>
</environmentvariabledefinition>