<appaction uniquename="ptricks__BulkCreateRules!ee190b438b7d4b38b23271b173c04754!ptricks_EndpointManager!ptricks_endpointruleset!0">
  <appmoduleid>
    <uniquename>ptricks_EndpointManager</uniquename>
  </appmoduleid>
  <buttonlabeltext default="Bulk Create Rules">
    <label description="Bulk Create Rules" languagecode="1033" />
  </buttonlabeltext>
  <context>1</context>
  <contextentity>
    <logicalname>ptricks_endpointruleset</logicalname>
  </contextentity>
  <contextvalue>ptricks_endpointruleset</contextvalue>
  <hidden>0</hidden>
  <iconwebresourceid>
    <webresourceid>9d7092bd-6a12-f011-9989-002248202064</webresourceid>
  </iconwebresourceid>
  <iscustomizable>1</iscustomizable>
  <isdisabled>0</isdisabled>
  <isgrouptitlehidden>0</isgrouptitlehidden>
  <location>0</location>
  <name>BulkCreateRules!ee190b438b7d4b38b23271b173c04754</name>
  <onclickeventjavascriptfunctionname>openCustomPage</onclickeventjavascriptfunctionname>
  <onclickeventjavascriptparameters>[{"type":21,"value":"ptricks_bulkcreateendpointrules_57c5c"},{"type":21,"value":"Bulk Create Endpoint Rules"},{"type":5}]</onclickeventjavascriptparameters>
  <onclickeventjavascriptwebresourceid>
    <webresourceid>656c9a75-441a-f011-998a-7c1e5283806e</webresourceid>
  </onclickeventjavascriptwebresourceid>
  <onclickeventtype>2</onclickeventtype>
  <origin>0</origin>
  <sequence>100100037.5000000000</sequence>
  <statecode>0</statecode>
  <statuscode>1</statuscode>
  <type>0</type>
  <visibilitytype>0</visibilitytype>
</appaction>