<ImportExportXml version="9.2.25093.154" SolutionPackageVersion="9.2" languagecode="1033" generatedBy="CrmLive" xmlns:xsi="http://www.w3.org/2001/XMLSchema-instance" OrganizationVersion="9.2.25093.154" OrganizationSchemaType="Standard" CRMServerServiceabilityVersion="9.2.25093.00154">
  <SolutionManifest>
    <UniqueName>EndpointCollector</UniqueName>
    <LocalizedNames>
      <LocalizedName description="Endpoint Collector" languagecode="1033" />
    </LocalizedNames>
    <Descriptions />
    <Version>2025.10.14.2</Version>
    <Managed>1</Managed>
    <Publisher>
      <UniqueName>PowerTricks</UniqueName>
      <LocalizedNames>
        <LocalizedName description="PowerTricks" languagecode="1033" />
      </LocalizedNames>
      <Descriptions />
      <EMailAddress>valentin.mazhar@gmail.com</EMailAddress>
      <SupportingWebsiteUrl>https://powertricks.io</SupportingWebsiteUrl>
      <CustomizationPrefix>ptricks</CustomizationPrefix>
      <CustomizationOptionValuePrefix>49392</CustomizationOptionValuePrefix>
      <Addresses>
        <Address>
          <AddressNumber>1</AddressNumber>
          <AddressTypeCode>1</AddressTypeCode>
          <City xsi:nil="true"></City>
          <County xsi:nil="true"></County>
          <Country xsi:nil="true"></Country>
          <Fax xsi:nil="true"></Fax>
          <FreightTermsCode xsi:nil="true"></FreightTermsCode>
          <ImportSequenceNumber xsi:nil="true"></ImportSequenceNumber>
          <Latitude xsi:nil="true"></Latitude>
          <Line1 xsi:nil="true"></Line1>
          <Line2 xsi:nil="true"></Line2>
          <Line3 xsi:nil="true"></Line3>
          <Longitude xsi:nil="true"></Longitude>
          <Name xsi:nil="true"></Name>
          <PostalCode xsi:nil="true"></PostalCode>
          <PostOfficeBox xsi:nil="true"></PostOfficeBox>
          <PrimaryContactName xsi:nil="true"></PrimaryContactName>
          <ShippingMethodCode>1</ShippingMethodCode>
          <StateOrProvince xsi:nil="true"></StateOrProvince>
          <Telephone1 xsi:nil="true"></Telephone1>
          <Telephone2 xsi:nil="true"></Telephone2>
          <Telephone3 xsi:nil="true"></Telephone3>
          <TimeZoneRuleVersionNumber xsi:nil="true"></TimeZoneRuleVersionNumber>
          <UPSZone xsi:nil="true"></UPSZone>
          <UTCOffset xsi:nil="true"></UTCOffset>
          <UTCConversionTimeZoneCode xsi:nil="true"></UTCConversionTimeZoneCode>
        </Address>
        <Address>
          <AddressNumber>2</AddressNumber>
          <AddressTypeCode>1</AddressTypeCode>
          <City xsi:nil="true"></City>
          <County xsi:nil="true"></County>
          <Country xsi:nil="true"></Country>
          <Fax xsi:nil="true"></Fax>
          <FreightTermsCode xsi:nil="true"></FreightTermsCode>
          <ImportSequenceNumber xsi:nil="true"></ImportSequenceNumber>
          <Latitude xsi:nil="true"></Latitude>
          <Line1 xsi:nil="true"></Line1>
          <Line2 xsi:nil="true"></Line2>
          <Line3 xsi:nil="true"></Line3>
          <Longitude xsi:nil="true"></Longitude>
          <Name xsi:nil="true"></Name>
          <PostalCode xsi:nil="true"></PostalCode>
          <PostOfficeBox xsi:nil="true"></PostOfficeBox>
          <PrimaryContactName xsi:nil="true"></PrimaryContactName>
          <ShippingMethodCode>1</ShippingMethodCode>
          <StateOrProvince xsi:nil="true"></StateOrProvince>
          <Telephone1 xsi:nil="true"></Telephone1>
          <Telephone2 xsi:nil="true"></Telephone2>
          <Telephone3 xsi:nil="true"></Telephone3>
          <TimeZoneRuleVersionNumber xsi:nil="true"></TimeZoneRuleVersionNumber>
          <UPSZone xsi:nil="true"></UPSZone>
          <UTCOffset xsi:nil="true"></UTCOffset>
          <UTCConversionTimeZoneCode xsi:nil="true"></UTCConversionTimeZoneCode>
        </Address>
      </Addresses>
    </Publisher>
    <RootComponents>
      <RootComponent type="1" schemaName="ptricks_httpendpoint" behavior="0" />
      <RootComponent type="29" id="{59d9a232-7d00-f011-bae3-7c1e5273da8a}" behavior="0" />
      <RootComponent type="62" schemaName="ptricks_EndpointAnalyzer" behavior="0" />
      <RootComponent type="80" schemaName="ptricks_EndpointAnalyzer" behavior="0" />
      <RootComponent type="92" id="{b8fbf151-2601-f011-bae3-7c1e5273da8a}" behavior="0" />
    </RootComponents>
    <MissingDependencies>
      <MissingDependency>
        <Required type="1" schemaName="admin_flow" displayName="Flow" solution="CenterofExcellenceCoreComponents (4.48.2)" />
        <Dependent type="26" schemaName="Removed HTTP Endpoints" displayName="Removed HTTP Endpoints" parentSchemaName="ptricks_httpendpoint" parentDisplayName="HTTP Endpoint" id="{0b416766-8155-46db-94c6-70c5f2f41df0}" />
      </MissingDependency>
      <MissingDependency>
        <Required type="1" schemaName="admin_flow" displayName="Flow" solution="CenterofExcellenceCoreComponents (4.48.2)" />
        <Dependent type="26" schemaName="Active HTTP Endpoints" displayName="Active HTTP Endpoints" parentSchemaName="ptricks_httpendpoint" parentDisplayName="HTTP Endpoint" id="{18d5fe9f-4e07-437c-8207-3b70fafd0122}" />
      </MissingDependency>
      <MissingDependency>
        <Required type="1" schemaName="admin_flow" displayName="Flow" solution="CenterofExcellenceCoreComponents (4.48.2)" />
        <Dependent type="29" displayName="Collect Flow HTTP Endpoints" id="{59d9a232-7d00-f011-bae3-7c1e5273da8a}" />
      </MissingDependency>
      <MissingDependency>
        <Required type="2" schemaName="admin_displayname" displayName="Display Name" parentSchemaName="admin_flow" parentDisplayName="Flow" solution="CenterofExcellenceCoreComponents (4.48.2)" />
        <Dependent type="10" schemaName="ptricks_httpendpoint_Flow_admin_flow" displayName="ptricks_httpendpoint_Flow_admin_flow" parentSchemaName="admin_flow" parentDisplayName="Flow" />
      </MissingDependency>
      <MissingDependency>
        <Required type="2" schemaName="admin_flowenvironmentdisplayname" displayName="Flow Environment Display Name" parentSchemaName="admin_flow" parentDisplayName="Flow" solution="CenterofExcellenceCoreComponents (4.48.2)" />
        <Dependent type="26" schemaName="Removed HTTP Endpoints" displayName="Removed HTTP Endpoints" parentSchemaName="ptricks_httpendpoint" parentDisplayName="HTTP Endpoint" id="{0b416766-8155-46db-94c6-70c5f2f41df0}" />
      </MissingDependency>
      <MissingDependency>
        <Required type="2" schemaName="admin_flowenvironmentdisplayname" displayName="Flow Environment Display Name" parentSchemaName="admin_flow" parentDisplayName="Flow" solution="CenterofExcellenceCoreComponents (4.48.2)" />
        <Dependent type="26" schemaName="Active HTTP Endpoints" displayName="Active HTTP Endpoints" parentSchemaName="ptricks_httpendpoint" parentDisplayName="HTTP Endpoint" id="{18d5fe9f-4e07-437c-8207-3b70fafd0122}" />
      </MissingDependency>
      <MissingDependency>
        <Required type="2" schemaName="admin_flowid" displayName="Flow" parentSchemaName="admin_flow" parentDisplayName="Flow" solution="CenterofExcellenceCoreComponents (4.48.2)" />
        <Dependent type="26" schemaName="Removed HTTP Endpoints" displayName="Removed HTTP Endpoints" parentSchemaName="ptricks_httpendpoint" parentDisplayName="HTTP Endpoint" id="{0b416766-8155-46db-94c6-70c5f2f41df0}" />
      </MissingDependency>
      <MissingDependency>
        <Required type="2" schemaName="admin_flowid" displayName="Flow" parentSchemaName="admin_flow" parentDisplayName="Flow" solution="CenterofExcellenceCoreComponents (4.48.2)" />
        <Dependent type="26" schemaName="Active HTTP Endpoints" displayName="Active HTTP Endpoints" parentSchemaName="ptricks_httpendpoint" parentDisplayName="HTTP Endpoint" id="{18d5fe9f-4e07-437c-8207-3b70fafd0122}" />
      </MissingDependency>
      <MissingDependency>
        <Required type="61" schemaName="msdyn_/Images/AppModule_Default_Icon.png" displayName="msdyn_/Images/AppModule_Default_Icon.png" solution="AppModuleWebResources (2.5)" />
        <Dependent type="80" schemaName="ptricks_EndpointAnalyzer" displayName="Endpoint Analyzer" />
      </MissingDependency>
      <MissingDependency>
        <Required type="90" schemaName="Microsoft.PowerFx.Evaluator, Microsoft.PowerFx.PlexPlugins, Version=1.0.0.0, Culture=neutral, PublicKeyToken=31bf3856ad364e35" displayName="Microsoft.PowerFx.Evaluator" solution="msft_PowerfxRuleSolution (1.0.0.72)" id="{462b3e8f-beb4-4981-9b87-a60c2162a9f7}">
          <package appName="PowerfxRuleApp Package" version="1.0.0.72">PowerfxRuleApp_Anchor (1.0.0.72)</package>
        </Required>
        <Dependent type="92" id="{b8fbf151-2601-f011-bae3-7c1e5273da8a}" />
      </MissingDependency>
      <MissingDependency>
        <Required type="SettingDefinition" displayName="AppChannel" solution="msdyn_AppFrameworkInfraExtensions (1.0.0.15)" id.uniquename="AppChannel">
          <package appName="PowerAppsAppFramework Package" version="1.0.0.23">PowerAppsAppFramework_Anchor (1.0.0.23)</package>
        </Required>
        <Dependent type="AppSetting" displayName="parentappmoduleid.uniquename=ptricks_EndpointAnalyzer,settingdefinitionid.uniquename=AppChannel" id.parentappmoduleid.uniquename="ptricks_EndpointAnalyzer" id.settingdefinitionid.uniquename="AppChannel" />
      </MissingDependency>
    </MissingDependencies>
  </SolutionManifest>
</ImportExportXml>