<environmentvariabledefinition schemaname="ptricks_SolDeployerDVSourceEnvironment">
  <apiid>/providers/microsoft.powerapps/apis/shared_commondataservice</apiid>
  <description default="Source environment to deploy solutions from">
    <label description="Source environment to deploy solutions from" languagecode="1033" />
  </description>
  <displayname default="SolDeployerDVSourceEnvironment">
    <label description="SolDeployerDVSourceEnvironment" languagecode="1033" />
  </displayname>
  <introducedversion>1.0.0.2</introducedversion>
  <iscustomizable>1</iscustomizable>
  <isrequired>0</isrequired>
  <secretstore>0</secretstore>
  <type>100000004</type>
</environmentvariabledefinition>