<environmentvariabledefinition schemaname="ptricks_SolDeployerSourcePublishers">
  <description default="List of Publisher Prefixes to consider for Solutions. To separate with &quot;;&quot;. For example: examplePrefix1; examplePrefix2">
    <label description="List of Publisher Prefixes to consider for Solutions. To separate with &quot;;&quot;. For example: examplePrefix1; examplePrefix2" languagecode="1033" />
  </description>
  <displayname default="SolDeployerSourcePublishers">
    <label description="SolDeployerSourcePublishers" languagecode="1033" />
  </displayname>
  <introducedversion>1.0.0.2</introducedversion>
  <iscustomizable>1</iscustomizable>
  <isrequired>0</isrequired>
  <secretstore>0</secretstore>
  <type>100000000</type>
</environmentvariabledefinition>