<environmentvariabledefinition schemaname="ptricks_PpacReportsSPFolderPathRequestsLicensedUsers">
  <description default="Relative Folder Path where the requests reports are uploaded for licensed users. Example &quot;/Shared Documents/PpacReports/Requests/LicensedUsers&quot;">
    <label description="Relative Folder Path where the requests reports are uploaded for licensed users. Example &quot;/Shared Documents/PpacReports/Requests/LicensedUsers&quot;" languagecode="1033" />
  </description>
  <displayname default="PpacReportsSPFolderPathRequestsLicensedUsers">
    <label description="PpacReportsSPFolderPathRequestsLicensedUsers" languagecode="1033" />
  </displayname>
  <introducedversion>1.0.0.0</introducedversion>
  <iscustomizable>1</iscustomizable>
  <isrequired>0</isrequired>
  <secretstore>0</secretstore>
  <type>100000000</type>
</environmentvariabledefinition>