<environmentvariabledefinition schemaname="ptricks_PpacReportsNumberDelay">
  <description default="Delay in minutes to wait for report generation. Can be set to 1 minute but might need to be increased for large tenants">
    <label description="Delay in minutes to wait for report generation. Can be set to 1 minute but might need to be increased for large tenants" languagecode="1033" />
  </description>
  <displayname default="PpacReportsNumberDelay">
    <label description="PpacReportsNumberDelay" languagecode="1033" />
  </displayname>
  <introducedversion>1.0.0.0</introducedversion>
  <iscustomizable>1</iscustomizable>
  <isrequired>0</isrequired>
  <secretstore>0</secretstore>
  <type>100000001</type>
</environmentvariabledefinition>