{
  "properties": {
    "connectionReferences": {
      "shared_sharepointonline": {
        "runtimeSource": "embedded",
        "connection": {
          "connectionReferenceLogicalName": "ptricks_sharedsharepointonline_74526"
        },
        "api": {
          "name": "shared_sharepointonline"
        }
      },
      "shared_webcontents": {
        "runtimeSource": "embedded",
        "connection": {
          "connectionReferenceLogicalName": "ptricks_PpacReportsPpLicensingApi"
        },
        "api": {
          "name": "shared_webcontents"
        }
      }
    },
    "definition": {
      "$schema": "https://schema.management.azure.com/providers/Microsoft.Logic/schemas/2016-06-01/workflowdefinition.json#",
      "contentVersion": "1.0.0.0",
      "parameters": {
        "$connections": {
          "defaultValue": {},
          "type": "Object"
        },
        "$authentication": {
          "defaultValue": {},
          "type": "SecureObject"
        },
        "PpacReportsNumberDelay (ptricks_PpacReportsNumberDelay)": {
          "defaultValue": 1,
          "type": "Int",
          "metadata": {
            "schemaName": "ptricks_PpacReportsNumberDelay",
            "description": "Delay in minutes to wait for report generation. Can be set to 1 minute but might need to be increased for large tenants"
          }
        },
        "PpacReportsSPSite (ptricks_PpacReportsSPSite)": {
          "defaultValue": "https://powertricks.sharepoint.com/sites/PpacReports",
          "type": "String",
          "metadata": {
            "schemaName": "ptricks_PpacReportsSPSite",
            "description": "SharePoint site where the reports are uploaded"
          }
        },
        "PpacReportsTenantId (ptricks_PpacReportsTenantId)": {
          "defaultValue": "58f1a3b1-81b9-4355-8de1-fa00d6102a86",
          "type": "String",
          "metadata": {
            "schemaName": "ptricks_PpacReportsTenantId"
          }
        },
        "PpacReportsSPFolderPath (ptricks_PpacReportsSPFolderPath)": {
          "defaultValue": "/Shared Documents/NewPpacReports",
          "type": "String",
          "metadata": {
            "schemaName": "ptricks_PpacReportsSPFolderPath",
            "description": "Relative Folder Path where all the reports should be uploaded. Example \"/Shared Documents/PpacReports\""
          }
        },
        "PpacReportsNumberCopsLookbackDays (ptricks_PpacReportsNumberCopsLookbackDays)": {
          "defaultValue": 2,
          "type": "Int",
          "metadata": {
            "schemaName": "ptricks_PpacReportsNumberCopsLookbackDays"
          }
        }
      },
      "triggers": {
        "manual": {
          "metadata": {
            "operationMetadataId": "dc93c07a-ada5-4e74-b3dc-b3846721ff7e"
          },
          "type": "Request",
          "kind": "Button",
          "inputs": {
            "schema": {
              "type": "object",
              "properties": {
                "text": {
                  "title": "StartDate",
                  "type": "string",
                  "x-ms-dynamically-added": true,
                  "description": "Please enter your input",
                  "x-ms-content-hint": "TEXT"
                },
                "text_1": {
                  "title": "EndDate",
                  "type": "string",
                  "x-ms-dynamically-added": true,
                  "description": "Please enter your input",
                  "x-ms-content-hint": "TEXT"
                },
                "text_3": {
                  "title": "ReportType",
                  "type": "string",
                  "x-ms-dynamically-added": true,
                  "description": "Please enter your input",
                  "x-ms-content-hint": "TEXT",
                  "enum": [
                    "AIByUserAndEnvironment",
                    "ApiByLicensedUser",
                    "ApiByNonLicensedUser",
                    "ApiByFlow",
                    "PowerPagesAnonymous",
                    "PowerPagesAuthenticated",
                    "CopilotStudioDetailedUsage",
                    "MCSMessages"
                  ]
                },
                "text_2": {
                  "title": "IsAdhoc",
                  "type": "string",
                  "x-ms-dynamically-added": true,
                  "description": "Please enter your input",
                  "x-ms-content-hint": "TEXT",
                  "enum": [
                    "Auto",
                    "Adhoc"
                  ]
                }
              },
              "required": [
                "text",
                "text_1",
                "text_3"
              ]
            }
          }
        }
      },
      "actions": {
        "Main": {
          "actions": {
            "Condition_if_it_is_not_the_Copilot_Studio_Message_Report": {
              "actions": {
                "Do_until": {
                  "actions": {
                    "Delay": {
                      "runAfter": {},
                      "metadata": {
                        "operationMetadataId": "40b15645-af6a-452f-bc56-0b7ea05451ef"
                      },
                      "type": "Wait",
                      "inputs": {
                        "interval": {
                          "count": "@parameters('PpacReportsNumberDelay (ptricks_PpacReportsNumberDelay)')",
                          "unit": "Minute"
                        }
                      }
                    },
                    "Set_varDownloadSuccessful": {
                      "runAfter": {
                        "Download_API_calls_report": [
                          "Succeeded"
                        ]
                      },
                      "metadata": {
                        "operationMetadataId": "8a692e1d-ddb7-457d-af9b-885934555d83"
                      },
                      "type": "SetVariable",
                      "inputs": {
                        "name": "varDownloadSuccessful",
                        "value": "@true"
                      }
                    },
                    "Create_file": {
                      "runAfter": {
                        "Set_varDownloadSuccessful": [
                          "Succeeded"
                        ]
                      },
                      "metadata": {
                        "operationMetadataId": "dd795fd3-e2fe-407d-81d4-07992c7f5be8"
                      },
                      "type": "OpenApiConnection",
                      "inputs": {
                        "host": {
                          "connectionName": "shared_sharepointonline",
                          "operationId": "CreateFile",
                          "apiId": "/providers/Microsoft.PowerApps/apis/shared_sharepointonline"
                        },
                        "parameters": {
                          "dataset": "@parameters('PpacReportsSPSite (ptricks_PpacReportsSPSite)')",
                          "folderPath": "@variables('FolderPath')",
                          "name": "@variables('FileName')",
                          "body": "@body('Download_API_calls_report')"
                        },
                        "authentication": {
                          "type": "Raw",
                          "value": "@json(decodeBase64(triggerOutputs().headers['X-MS-APIM-Tokens']))['$ConnectionKey']"
                        }
                      }
                    },
                    "Compose_error": {
                      "runAfter": {
                        "Download_API_calls_report": [
                          "Skipped",
                          "TimedOut",
                          "Failed"
                        ]
                      },
                      "metadata": {
                        "operationMetadataId": "6fe9be6c-fd24-4462-b6c3-0cc9fd3ad944"
                      },
                      "type": "Compose",
                      "inputs": "@body('Download_API_calls_report')"
                    },
                    "Download_API_calls_report": {
                      "runAfter": {
                        "Delay": [
                          "Succeeded"
                        ]
                      },
                      "metadata": {
                        "operationMetadataId": "29bd9637-2b55-454c-b61f-2f431000019a"
                      },
                      "type": "OpenApiConnection",
                      "inputs": {
                        "host": {
                          "connectionName": "shared_webcontents",
                          "operationId": "InvokeHttp",
                          "apiId": "/providers/Microsoft.PowerApps/apis/shared_webcontents"
                        },
                        "parameters": {
                          "request/method": "POST",
                          "request/url": "https://licensing.powerplatform.microsoft.com/v0.1-alpha/tenants/@{parameters('PpacReportsTenantId (ptricks_PpacReportsTenantId)')}/TenantConsumptionReport/DownloadReport",
                          "request/body": "{\n  \"endDate\": \"@{triggerBody()?['text_1']}\",\n  \"reportType\": \"@{triggerBody()?['text_3']}\",\n  \"startDate\": \"@{triggerBody()?['text']}\",\n  \"status\": \"None\",\n  \"tenantId\": \"@{parameters('PpacReportsTenantId (ptricks_PpacReportsTenantId)')}\"\n}"
                        },
                        "authentication": {
                          "type": "Raw",
                          "value": "@json(decodeBase64(triggerOutputs().headers['X-MS-APIM-Tokens']))['$ConnectionKey']"
                        }
                      }
                    }
                  },
                  "runAfter": {
                    "Start_API_report_generation": [
                      "Succeeded"
                    ]
                  },
                  "expression": "@equals(variables('varDownloadSuccessful'), true)",
                  "limit": {
                    "count": 24,
                    "timeout": "PT24H"
                  },
                  "metadata": {
                    "operationMetadataId": "065d381c-c20f-49e4-9b46-957d102d0bac"
                  },
                  "type": "Until"
                },
                "Start_API_report_generation": {
                  "runAfter": {},
                  "metadata": {
                    "operationMetadataId": "6904d287-27d2-471b-afe1-45ef1d3a093c"
                  },
                  "type": "OpenApiConnection",
                  "inputs": {
                    "host": {
                      "connectionName": "shared_webcontents",
                      "operationId": "InvokeHttp",
                      "apiId": "/providers/Microsoft.PowerApps/apis/shared_webcontents"
                    },
                    "parameters": {
                      "request/method": "POST",
                      "request/url": "https://licensing.powerplatform.microsoft.com/v0.1-alpha/tenants/@{parameters('PpacReportsTenantId (ptricks_PpacReportsTenantId)')}/TenantConsumptionReport/GenerateReportURL",
                      "request/body": "{\n  \"consumptionReportDownload\": \"\",\n  \"endDate\": \"@{triggerBody()?['text_1']}\",\n  \"forceRegenerate\": true,\n  \"reportType\": \"@{triggerBody()?['text_3']}\",\n  \"startDate\": \"@{triggerBody()?['text']}\",\n  \"status\": \"None\",\n  \"tenantId\": \"@{parameters('PpacReportsTenantId (ptricks_PpacReportsTenantId)')}\"\n}"
                    },
                    "authentication": {
                      "type": "Raw",
                      "value": "@json(decodeBase64(triggerOutputs().headers['X-MS-APIM-Tokens']))['$ConnectionKey']"
                    }
                  }
                }
              },
              "runAfter": {
                "Set_FolderPath": [
                  "Succeeded"
                ]
              },
              "expression": {
                "not": {
                  "equals": [
                    "@triggerBody()['text_3']",
                    "MCSMessages"
                  ]
                }
              },
              "metadata": {
                "operationMetadataId": "d7a4bcd7-8e31-4265-b1a7-a63753c64c9e"
              },
              "type": "If"
            },
            "Filter_MappingToSharePoint": {
              "runAfter": {},
              "metadata": {
                "operationMetadataId": "46d7f36a-f7f2-4ae5-84cf-f73da960722b"
              },
              "type": "Query",
              "inputs": {
                "from": "@variables('MappingToSharePoint')",
                "where": "@equals(item()?['type'], triggerBody()['text_3'])"
              }
            },
            "Append_to_FileName": {
              "runAfter": {
                "Filter_MappingToSharePoint": [
                  "Succeeded"
                ]
              },
              "metadata": {
                "operationMetadataId": "877ee1e4-480a-4db6-8cf6-535d18ec1b29"
              },
              "type": "AppendToStringVariable",
              "inputs": {
                "name": "FileName",
                "value": "@first(body('Filter_MappingToSharePoint'))?['fileName']"
              }
            },
            "Set_FolderPath": {
              "runAfter": {
                "Append_to_FileName": [
                  "Succeeded"
                ]
              },
              "metadata": {
                "operationMetadataId": "673a3bf5-0ba3-484e-a9d7-d719d1438108"
              },
              "type": "SetVariable",
              "inputs": {
                "name": "FolderPath",
                "value": "@{first(body('Filter_MappingToSharePoint'))?['folderPath']}"
              }
            },
            "Condition_If_It_is_the_Copilot_Studio_Message_Report": {
              "actions": {
                "Do_until_2": {
                  "actions": {
                    "Delay_2": {
                      "runAfter": {},
                      "metadata": {
                        "operationMetadataId": "40b15645-af6a-452f-bc56-0b7ea05451ef"
                      },
                      "type": "Wait",
                      "inputs": {
                        "interval": {
                          "count": "@parameters('PpacReportsNumberDelay (ptricks_PpacReportsNumberDelay)')",
                          "unit": "Minute"
                        }
                      }
                    },
                    "Condition_if_ProcessingStatus_is_completed,_continue": {
                      "actions": {
                        "Set_varGenerationCompleted": {
                          "runAfter": {},
                          "metadata": {
                            "operationMetadataId": "149deff0-23f1-463f-9776-30b55ad16a77"
                          },
                          "type": "SetVariable",
                          "inputs": {
                            "name": "varGenerationCompleted",
                            "value": "@true"
                          }
                        }
                      },
                      "runAfter": {
                        "Filter_array_-_find_relevant_report_status": [
                          "Succeeded"
                        ]
                      },
                      "expression": {
                        "greater": [
                          "@length(body('Filter_array_-_find_relevant_report_status'))",
                          0
                        ]
                      },
                      "metadata": {
                        "operationMetadataId": "9092f77c-fa32-4654-94fd-e5c6b9969300"
                      },
                      "type": "If"
                    },
                    "Filter_array_-_find_relevant_report_status": {
                      "runAfter": {
                        "Get_Report_Generation_Status": [
                          "Succeeded"
                        ]
                      },
                      "metadata": {
                        "operationMetadataId": "ff062299-05ad-4b8d-88de-61e85eaf48c2"
                      },
                      "type": "Query",
                      "inputs": {
                        "from": "@body('Get_Report_Generation_Status')?['allDownloads']",
                        "where": "@and(\n    equals(item()?['id'],body('Generate_Copilot_Studio_Message_Report')?['id']),\n    Or(\n        equals(item()?['fileProcessingStatus'],'Completed'),\n        equals(item()?['fileProcessingStatus'],'Failed')\n    )\n)"
                      }
                    },
                    "Get_Report_Generation_Status": {
                      "runAfter": {
                        "Delay_2": [
                          "Succeeded"
                        ]
                      },
                      "metadata": {
                        "operationMetadataId": "b888f4d3-e567-4e65-9e91-fcd0893da562"
                      },
                      "type": "OpenApiConnection",
                      "inputs": {
                        "host": {
                          "connectionName": "shared_webcontents",
                          "operationId": "InvokeHttp",
                          "apiId": "/providers/Microsoft.PowerApps/apis/shared_webcontents"
                        },
                        "parameters": {
                          "request/method": "GET",
                          "request/url": "https://licensing.powerplatform.microsoft.com/v1.0/tenants/@{parameters('PpacReportsTenantId (ptricks_PpacReportsTenantId)')}/Downloads/getAll/EntitlementConsumptionTenantDetailsReport"
                        },
                        "authentication": {
                          "type": "Raw",
                          "value": "@json(decodeBase64(triggerOutputs().headers['X-MS-APIM-Tokens']))['$ConnectionKey']"
                        }
                      }
                    }
                  },
                  "runAfter": {
                    "Generate_Copilot_Studio_Message_Report": [
                      "Succeeded"
                    ]
                  },
                  "expression": "@equals(variables('varGenerationCompleted'),true)",
                  "limit": {
                    "count": 60,
                    "timeout": "PT1H"
                  },
                  "metadata": {
                    "operationMetadataId": "656df7bf-ef2b-4b48-ba31-885f7ef59071"
                  },
                  "type": "Until"
                },
                "Condition_if_generation_successful": {
                  "actions": {
                    "Create_file_2": {
                      "runAfter": {
                        "Get_Report": [
                          "Succeeded"
                        ]
                      },
                      "metadata": {
                        "operationMetadataId": "dd795fd3-e2fe-407d-81d4-07992c7f5be8"
                      },
                      "type": "OpenApiConnection",
                      "inputs": {
                        "host": {
                          "connectionName": "shared_sharepointonline",
                          "operationId": "CreateFile",
                          "apiId": "/providers/Microsoft.PowerApps/apis/shared_sharepointonline"
                        },
                        "parameters": {
                          "dataset": "@parameters('PpacReportsSPSite (ptricks_PpacReportsSPSite)')",
                          "folderPath": "@variables('FolderPath')",
                          "name": "@{variables('FileName')}.csv",
                          "body": "@body('Get_Report')"
                        },
                        "authentication": {
                          "type": "Raw",
                          "value": "@json(decodeBase64(triggerOutputs().headers['X-MS-APIM-Tokens']))['$ConnectionKey']"
                        }
                      }
                    },
                    "Get_Report": {
                      "runAfter": {},
                      "metadata": {
                        "operationMetadataId": "930c87d7-0cff-4951-a910-c36b2f884ba5"
                      },
                      "type": "OpenApiConnection",
                      "inputs": {
                        "host": {
                          "connectionName": "shared_webcontents",
                          "operationId": "InvokeHttp",
                          "apiId": "/providers/Microsoft.PowerApps/apis/shared_webcontents"
                        },
                        "parameters": {
                          "request/method": "GET",
                          "request/url": "https://licensing.powerplatform.microsoft.com/v1.0/tenants/@{parameters('PpacReportsTenantId (ptricks_PpacReportsTenantId)')}/Downloads/download/@{first(body('Filter_array_-_find_relevant_report_status'))?['id']}"
                        },
                        "authentication": {
                          "type": "Raw",
                          "value": "@json(decodeBase64(triggerOutputs().headers['X-MS-APIM-Tokens']))['$ConnectionKey']"
                        }
                      }
                    }
                  },
                  "runAfter": {
                    "Do_until_2": [
                      "Succeeded"
                    ]
                  },
                  "else": {
                    "actions": {
                      "Failure_Response-cops": {
                        "runAfter": {},
                        "metadata": {
                          "operationMetadataId": "b2cf6f7a-b205-4d4f-b107-d0e22addf11c"
                        },
                        "type": "Response",
                        "kind": "Http",
                        "inputs": {
                          "statusCode": 400,
                          "body": "Failure to generate Copilot Studio Message Report"
                        }
                      }
                    }
                  },
                  "expression": {
                    "and": [
                      {
                        "equals": [
                          "@first(body('Filter_array_-_find_relevant_report_status'))?['fileProcessingStatus']",
                          "Completed"
                        ]
                      }
                    ]
                  },
                  "metadata": {
                    "operationMetadataId": "35b772c1-559a-4815-b50b-e58bf4510022"
                  },
                  "type": "If"
                },
                "Generate_Copilot_Studio_Message_Report": {
                  "runAfter": {},
                  "metadata": {
                    "operationMetadataId": "d0d2cacd-7056-49b0-ad43-78e8ee148ba2"
                  },
                  "type": "OpenApiConnection",
                  "inputs": {
                    "host": {
                      "connectionName": "shared_webcontents",
                      "operationId": "InvokeHttp",
                      "apiId": "/providers/Microsoft.PowerApps/apis/shared_webcontents"
                    },
                    "parameters": {
                      "request/method": "POST",
                      "request/url": "https://licensing.powerplatform.microsoft.com/v1.0/tenants/@{parameters('PpacReportsTenantId (ptricks_PpacReportsTenantId)')}/Downloads",
                      "request/body": "{\n  \"downloadType\": \"EntitlementConsumptionTenantDetailsReport\",\n  \"environmentId\": \"\",\n  \"fileName\": \"@{variables('FileName')}\",\n  \"filters\": {\n    \"entitlementIds\": \"MCSMessages\",\n    \"AppId\": \"\",\n    \"SkuId\": \"\",\n    \"LicenseClassification\": \"\",\n    \"LookbackDays\": \"@{If(\r\n    Equals(triggerBody()?['text_2'],'Auto'),\r\n    parameters('PpacReportsNumberCopsLookbackDays (ptricks_PpacReportsNumberCopsLookbackDays)'),\r\n    split(dateDifference(triggerBody()['text'],startOfDay(utcNow())),'.')[0]\r\n)}\"\n  },\n  \"ignoreReuseTtl\": false\n}"
                    },
                    "authentication": {
                      "type": "Raw",
                      "value": "@json(decodeBase64(triggerOutputs().headers['X-MS-APIM-Tokens']))['$ConnectionKey']"
                    }
                  }
                }
              },
              "runAfter": {
                "Condition_if_it_is_not_the_Copilot_Studio_Message_Report": [
                  "Succeeded"
                ]
              },
              "expression": {
                "equals": [
                  "@triggerBody()['text_3']",
                  "MCSMessages"
                ]
              },
              "metadata": {
                "operationMetadataId": "d7a4bcd7-8e31-4265-b1a7-a63753c64c9e"
              },
              "type": "If"
            }
          },
          "runAfter": {
            "Initialize_varGenerationCompleted": [
              "Succeeded"
            ]
          },
          "metadata": {
            "operationMetadataId": "6bea41a1-a01f-4cff-9791-f61223e7df26"
          },
          "type": "Scope"
        },
        "Failure": {
          "actions": {
            "Filter_array": {
              "runAfter": {},
              "metadata": {
                "operationMetadataId": "ab920ab0-fcca-4bb6-9ffb-1683b4b23035"
              },
              "type": "Query",
              "inputs": {
                "from": "@result('Main')",
                "where": "@equals(item()?['Status'],'Failed')"
              }
            },
            "Failure_Response": {
              "runAfter": {
                "Filter_array": [
                  "Succeeded"
                ]
              },
              "metadata": {
                "operationMetadataId": "b2cf6f7a-b205-4d4f-b107-d0e22addf11c"
              },
              "type": "Response",
              "kind": "Http",
              "inputs": {
                "statusCode": 400,
                "body": "@first(body('Filter_array'))"
              }
            }
          },
          "runAfter": {
            "Main": [
              "Failed"
            ]
          },
          "metadata": {
            "operationMetadataId": "9f03b6c0-6e55-4400-937d-c53b087632a9"
          },
          "type": "Scope"
        },
        "Success": {
          "actions": {
            "Response": {
              "runAfter": {},
              "metadata": {
                "operationMetadataId": "4057940c-4292-4f50-a684-019d0d9ba1dd"
              },
              "type": "Response",
              "kind": "Http",
              "inputs": {
                "statusCode": 200,
                "body": {
                  "link": "@{parameters('PpacReportsSPSite (ptricks_PpacReportsSPSite)')}/@{coalesce(outputs('Create_file')?['body/Path'],outputs('Create_file_2')?['body/Path'])}",
                  "flowRun": "@{concat('https://make.powerautomate.com/manage/environments/',workflow()['tags']['environmentName'],'/flows/',workflow()['name'],'/runs/',workflow()['run']['name'])}"
                }
              }
            }
          },
          "runAfter": {
            "Main": [
              "Succeeded"
            ]
          },
          "metadata": {
            "operationMetadataId": "de0c80f4-5c53-4513-9195-587a3371d4af"
          },
          "type": "Scope"
        },
        "TimeOut": {
          "actions": {
            "TimeOut_Response": {
              "runAfter": {},
              "metadata": {
                "operationMetadataId": "cef69e1c-8058-4792-b3ca-7f898fe9f6f1"
              },
              "type": "Response",
              "kind": "Http",
              "inputs": {
                "statusCode": 408
              }
            }
          },
          "runAfter": {
            "Main": [
              "TimedOut"
            ]
          },
          "metadata": {
            "operationMetadataId": "fe7804f7-a511-4dad-a763-9f3c193a1326"
          },
          "type": "Scope"
        },
        "Initialize_FileName": {
          "runAfter": {},
          "metadata": {
            "operationMetadataId": "1f20cca6-b0b9-484e-9fd2-d6df91dd5318"
          },
          "type": "InitializeVariable",
          "inputs": {
            "variables": [
              {
                "name": "FileName",
                "type": "string",
                "value": "@{formatDateTime(triggerBody()['text'],'yyyy-MM-dd')}_@{formatDateTime(triggerBody()['text_1'],'yyyy-MM-dd')}_@{If(Equals(triggerBody()?['text_2'],'Adhoc'),'Adhoc_',null)}"
              }
            ]
          }
        },
        "Initialize_FolderPath": {
          "runAfter": {
            "Initialize_FileName": [
              "Succeeded"
            ]
          },
          "metadata": {
            "operationMetadataId": "094243b3-3e22-4fd3-9c84-3c4e6e7a0823"
          },
          "type": "InitializeVariable",
          "inputs": {
            "variables": [
              {
                "name": "FolderPath",
                "type": "string"
              }
            ]
          }
        },
        "Initialize_MappingToSharePoint": {
          "runAfter": {
            "Initialize_FolderPath": [
              "Succeeded"
            ]
          },
          "metadata": {
            "operationMetadataId": "e8947c01-5d8e-4dc7-b5e7-e868909fdef5"
          },
          "type": "InitializeVariable",
          "inputs": {
            "variables": [
              {
                "name": "MappingToSharePoint",
                "type": "array",
                "value": [
                  {
                    "type": "AIByUserAndEnvironment",
                    "fileName": "AIBuilder.csv",
                    "folderPath": "@{parameters('PpacReportsSPFolderPath (ptricks_PpacReportsSPFolderPath)')}/AIBuilder"
                  },
                  {
                    "type": "ApiByLicensedUser",
                    "fileName": "PowerPlatformRequestsLicensedUsers.csv",
                    "folderPath": "@{parameters('PpacReportsSPFolderPath (ptricks_PpacReportsSPFolderPath)')}/Requests/LicensedUsers"
                  },
                  {
                    "type": "ApiByNonLicensedUser",
                    "fileName": "PowerPlatformRequestsNonLicensedUsers.csv",
                    "folderPath": "@{parameters('PpacReportsSPFolderPath (ptricks_PpacReportsSPFolderPath)')}/Requests/NonLicensedUsers"
                  },
                  {
                    "type": "ApiByFlow",
                    "fileName": "PowerPlatformRequestsFlows.csv",
                    "folderPath": "@{parameters('PpacReportsSPFolderPath (ptricks_PpacReportsSPFolderPath)')}/Requests/Flows"
                  },
                  {
                    "type": "PowerPagesAnonymous",
                    "fileName": "PowerPagesAnonymous.csv",
                    "folderPath": "@{parameters('PpacReportsSPFolderPath (ptricks_PpacReportsSPFolderPath)')}/PowerPages/AnonymousUsers"
                  },
                  {
                    "type": "PowerPagesAuthenticated",
                    "fileName": "PowerPagesAuthenticated.csv",
                    "folderPath": "@{parameters('PpacReportsSPFolderPath (ptricks_PpacReportsSPFolderPath)')}/PowerPages/AuthenticatedUsers"
                  },
                  {
                    "type": "CopilotStudioDetailedUsage",
                    "fileName": "CopilotStudioDetailedUsage.csv",
                    "folderPath": "@{parameters('PpacReportsSPFolderPath (ptricks_PpacReportsSPFolderPath)')}/CopilotStudio/Sessions"
                  },
                  {
                    "type": "MCSMessages",
                    "fileName": "CopilotStudioMessages",
                    "folderPath": "@{parameters('PpacReportsSPFolderPath (ptricks_PpacReportsSPFolderPath)')}/CopilotStudio/Messages"
                  }
                ]
              }
            ]
          }
        },
        "Initialize_varDownloadSuccessful": {
          "runAfter": {
            "Initialize_MappingToSharePoint": [
              "Succeeded"
            ]
          },
          "metadata": {
            "operationMetadataId": "e8947c01-5d8e-4dc7-b5e7-e868909fdef5"
          },
          "type": "InitializeVariable",
          "inputs": {
            "variables": [
              {
                "name": "varDownloadSuccessful",
                "type": "boolean",
                "value": "@false"
              }
            ]
          }
        },
        "Initialize_varGenerationCompleted": {
          "runAfter": {
            "Initialize_varDownloadSuccessful": [
              "Succeeded"
            ]
          },
          "metadata": {
            "operationMetadataId": "e8947c01-5d8e-4dc7-b5e7-e868909fdef5"
          },
          "type": "InitializeVariable",
          "inputs": {
            "variables": [
              {
                "name": "varGenerationCompleted",
                "type": "boolean",
                "value": "@false"
              }
            ]
          }
        }
      },
      "outputs": {}
    },
    "templateName": ""
  },
  "schemaVersion": "1.0.0.0"
}