{
  "properties": {
    "connectionReferences": {
      "shared_commondataserviceforapps-1": {
        "runtimeSource": "embedded",
        "connection": {
          "connectionReferenceLogicalName": "ptricks_sharedcommondataserviceforapps_a0ecc"
        },
        "api": {
          "name": "shared_commondataserviceforapps"
        }
      }
    },
    "definition": {
      "$schema": "https://schema.management.azure.com/providers/Microsoft.Logic/schemas/2016-06-01/workflowdefinition.json#",
      "contentVersion": "1.0.0.0",
      "parameters": {
        "$connections": {
          "defaultValue": {},
          "type": "Object"
        },
        "$authentication": {
          "defaultValue": {},
          "type": "SecureObject"
        },
        "EnvSetEnforcerRandomDelayOn (ptricks_EnvSetEnforcerRandomDelayOn)": {
          "defaultValue": false,
          "type": "Bool",
          "metadata": {
            "schemaName": "ptricks_EnvSetEnforcerRandomDelayOn",
            "description": "Setting this variable to yes will result in the automatic policies being deployed at a different time every day."
          }
        }
      },
      "triggers": {
        "Recurrence": {
          "recurrence": {
            "frequency": "Day",
            "interval": 1,
            "timeZone": "Romance Standard Time",
            "schedule": {
              "hours": [
                "0"
              ]
            }
          },
          "metadata": {
            "operationMetadataId": "d7705f85-d35f-47c1-b602-813017230ae3"
          },
          "type": "Recurrence"
        }
      },
      "actions": {
        "Scope_Main": {
          "actions": {
            "List_Setting_Policies": {
              "runAfter": {},
              "metadata": {
                "operationMetadataId": "40c703ba-e5c6-4ffd-a1e8-a37f8decd7c0"
              },
              "type": "OpenApiConnection",
              "inputs": {
                "host": {
                  "connectionName": "shared_commondataserviceforapps-1",
                  "operationId": "ListRecords",
                  "apiId": "/providers/Microsoft.PowerApps/apis/shared_commondataserviceforapps"
                },
                "parameters": {
                  "entityName": "ptricks_settingpolicies",
                  "$filter": "ptricks_autorequest eq true",
                  "$orderby": "ptricks_priority desc"
                },
                "authentication": "@parameters('$authentication')"
              }
            },
            "Condition_If_Random_Delay_is_On": {
              "actions": {
                "Delay": {
                  "runAfter": {},
                  "metadata": {
                    "operationMetadataId": "181ed8ca-f785-4184-a72c-8d35be4bbe2a"
                  },
                  "type": "Wait",
                  "inputs": {
                    "interval": {
                      "count": "@Rand(0,23)",
                      "unit": "Hour"
                    }
                  }
                }
              },
              "runAfter": {
                "List_Setting_Policies": [
                  "Succeeded"
                ]
              },
              "expression": {
                "equals": [
                  "@parameters('EnvSetEnforcerRandomDelayOn (ptricks_EnvSetEnforcerRandomDelayOn)')",
                  "@true"
                ]
              },
              "metadata": {
                "operationMetadataId": "213b6c84-1b53-483e-8ccd-9a6535d2129b"
              },
              "type": "If"
            },
            "Apply_to_each_Policy": {
              "foreach": "@outputs('List_Setting_Policies')?['body/value']",
              "actions": {
                "Add_a_a_new_Policy_Deployment": {
                  "runAfter": {},
                  "metadata": {
                    "operationMetadataId": "0f949215-9798-41b4-a10d-ad32ebbe6f21"
                  },
                  "type": "OpenApiConnection",
                  "inputs": {
                    "host": {
                      "connectionName": "shared_commondataserviceforapps-1",
                      "operationId": "CreateRecord",
                      "apiId": "/providers/Microsoft.PowerApps/apis/shared_commondataserviceforapps"
                    },
                    "parameters": {
                      "entityName": "ptricks_settingpolicydeployments",
                      "item/ptricks_Policy@odata.bind": "ptricks_settingpolicies(@{item()?['ptricks_settingpolicyid']})",
                      "item/ptricks_deploymenttype": 493920001,
                      "item/statuscode": 1
                    },
                    "authentication": "@parameters('$authentication')"
                  }
                },
                "Delay_2": {
                  "runAfter": {
                    "Add_a_a_new_Policy_Deployment": [
                      "Succeeded"
                    ]
                  },
                  "metadata": {
                    "operationMetadataId": "8673404f-ee2f-49c2-bc4e-a98bd7e2a2bf"
                  },
                  "type": "Wait",
                  "inputs": {
                    "interval": {
                      "count": 2,
                      "unit": "Minute"
                    }
                  }
                }
              },
              "runAfter": {
                "Condition_If_Random_Delay_is_On": [
                  "Succeeded"
                ]
              },
              "metadata": {
                "operationMetadataId": "4f690cf1-8653-49ac-86f4-4be80ef841f9"
              },
              "type": "Foreach"
            }
          },
          "runAfter": {},
          "metadata": {
            "operationMetadataId": "766269fd-02ae-4ea6-8af3-af4c51be7176"
          },
          "type": "Scope"
        }
      },
      "outputs": {}
    },
    "templateName": ""
  },
  "schemaVersion": "1.0.0.0"
}