<ImportExportXml xmlns:xsi="http://www.w3.org/2001/XMLSchema-instance">
  <Entities></Entities>
  <Roles></Roles>
  <Workflows>
    <Workflow WorkflowId="{7107653e-eaf0-ee11-904b-000d3a202756}" Name="Ownership Toolbox - Change Flow Main Owners">
      <JsonFileName>/Workflows/OwnershipToolbox-ChangeFlowMainOwners-7107653E-EAF0-EE11-904B-000D3A202756.json</JsonFileName>
      <Type>1</Type>
      <Subprocess>0</Subprocess>
      <Category>5</Category>
      <Mode>0</Mode>
      <Scope>4</Scope>
      <OnDemand>0</OnDemand>
      <TriggerOnCreate>0</TriggerOnCreate>
      <TriggerOnDelete>0</TriggerOnDelete>
      <AsyncAutodelete>0</AsyncAutodelete>
      <SyncWorkflowLogOnFailure>0</SyncWorkflowLogOnFailure>
      <StateCode>1</StateCode>
      <StatusCode>2</StatusCode>
      <RunAs>1</RunAs>
      <IsTransacted>1</IsTransacted>
      <IntroducedVersion>2023.10.20.1</IntroducedVersion>
      <IsCustomizable>1</IsCustomizable>
      <BusinessProcessType>0</BusinessProcessType>
      <IsCustomProcessingStepAllowedForOtherPublishers>1</IsCustomProcessingStepAllowedForOtherPublishers>
      <PrimaryEntity>none</PrimaryEntity>
      <LocalizedNames>
        <LocalizedName languagecode="1033" description="Ownership Toolbox - Change Flow Main Owners" />
      </LocalizedNames>
    </Workflow>
  </Workflows>
  <FieldSecurityProfiles></FieldSecurityProfiles>
  <Templates />
  <EntityMaps />
  <EntityRelationships />
  <OrganizationSettings />
  <optionsets />
  <CustomControls />
  <EntityDataProviders />
  <CanvasApps>
    <CanvasApp>
      <Name>ptricks_ownershiptoolbox_b0472</Name>
      <AppVersion>2024-04-02T20:18:37Z</AppVersion>
      <Status>Ready</Status>
      <CreatedByClientVersion>3.24032.26.0</CreatedByClientVersion>
      <MinClientVersion>3.24032.26.0</MinClientVersion>
      <Tags>{"primaryDeviceWidth":"2548","primaryDeviceHeight":"1129","supportsPortrait":"false","supportsLandscape":"true","primaryFormFactor":"Tablet","showStatusBar":"false","publisherVersion":"3.24032.26","minimumRequiredApiVersion":"2.2.0","hasComponent":"false","hasUnlockedComponent":"false","isUnifiedRootApp":"false","sienaVersion":"20240402T194425Z-3.24032.26.0"}</Tags>
      <IsCdsUpgraded>0</IsCdsUpgraded>
      <GalleryItemId xsi:nil="true"></GalleryItemId>
      <BackgroundColor>rgba(52, 92, 125, 1)</BackgroundColor>
      <DisplayName>Ownership Toolbox</DisplayName>
      <Description>The Ownership Toolbox allows Admins to easily re-assign ownership of Apps and Flows to other users. This can be done for each App and Flow individually, or for all the Apps/Flows created by a user.</Description>
      <CommitMessage xsi:nil="true"></CommitMessage>
      <Publisher></Publisher>
      <AuthorizationReferences>[]</AuthorizationReferences>
      <ConnectionReferences>{"72ddc672-2542-474a-88a5-63d641d2eaf5":{"id":"/providers/microsoft.powerapps/apis/shared_office365users","displayName":"Office 365 Users","iconUri":"https://connectoricons-prod.azureedge.net/releases/v1.0.1677/1.0.1677.3637/office365users/icon.png","dataSources":["Office365Users"],"dependencies":[],"dependents":[],"parameterHints":{},"parameterHintsV2":{},"isOnPremiseConnection":false,"bypassConsent":false,"dataSets":{},"apiTier":"Standard","actions":["UserProfile_V2"]},"7cf21085-3ca5-4c0d-a694-95dfdf5dc239":{"id":"/providers/microsoft.powerapps/apis/shared_powerappsforadmins","displayName":"Power Apps for Admins","iconUri":"https://connectoricons-prod.azureedge.net/releases/v1.0.1684/1.0.1684.3697/powerappsforadmins/icon.png","dataSources":["PowerAppsforAdmins"],"dependencies":[],"dependents":[],"parameterHints":{},"parameterHintsV2":{},"isOnPremiseConnection":false,"bypassConsent":false,"dataSets":{},"apiTier":"Standard","actions":["Set-AdminAppOwner","Edit-AdminAppRoleAssignment","Get-AdminAppRoleAssignment"]},"e9ef35ba-9c1b-4605-8a91-ed2dd03caebe":{"id":"/providers/microsoft.powerapps/apis/shared_microsoftflowforadmins","displayName":"Power Automate for Admins","iconUri":"https://connectoricons-prod.azureedge.net/releases/v1.0.1679/1.0.1679.3643/microsoftflowforadmins/icon.png","dataSources":["PowerAutomateforAdmins"],"dependencies":[],"dependents":[],"parameterHints":{},"parameterHintsV2":{},"isOnPremiseConnection":false,"bypassConsent":false,"dataSets":{},"apiTier":"Standard","actions":["Edit-AdminFlowOwnerRole","Get-AdminFlowOwnerRole"]},"20d944ad-c44a-43fc-8c25-6fdf46a083eb":{"id":"/providers/microsoft.powerapps/apis/shared_logicflows","displayName":"Logic flows","iconUri":"https://connectoricons-prod.azureedge.net/releases/v1.0.1680/1.0.1680.3652/logicflows/icon.png","dataSources":["OwnershipToolbox-ChangeFlowMainOwners"],"dependencies":["57bed142-6828-4885-a89d-c87ab049039d"],"dependents":[],"parameterHints":{"workflowName":{"value":"1bc08581-f989-4138-8174-647cf5ba78c1"},"workflowEntityId":{"value":"7107653e-eaf0-ee11-904b-000d3a202756"},"workflowDisplayName":{"value":"Ownership Toolbox - Change Flow Main Owners"},"57bed142-6828-4885-a89d-c87ab049039d":{"value":"shared_commondataserviceforapps_1"}},"parameterHintsV2":{"workflowName":{"value":"1bc08581-f989-4138-8174-647cf5ba78c1"},"workflowEntityId":{"value":"7107653e-eaf0-ee11-904b-000d3a202756"},"workflowDisplayName":{"value":"Ownership Toolbox - Change Flow Main Owners"},"shared_commondataserviceforapps_1":{"value":"57bed142-6828-4885-a89d-c87ab049039d"}},"isOnPremiseConnection":false,"bypassConsent":false,"dataSets":{},"apiTier":"Standard","actions":["Run"]},"57bed142-6828-4885-a89d-c87ab049039d":{"id":"/providers/microsoft.powerapps/apis/shared_commondataserviceforapps","displayName":"Microsoft Dataverse","iconUri":"https://connectoricons-prod.azureedge.net/releases/v1.0.1679/1.0.1679.3643/commondataserviceforapps/icon.png","dataSources":[],"dependencies":[],"dependents":["20d944ad-c44a-43fc-8c25-6fdf46a083eb"],"parameterHints":{},"parameterHintsV2":{},"isOnPremiseConnection":false,"bypassConsent":false,"dataSets":{},"apiTier":"Premium"}}</ConnectionReferences>
      <DatabaseReferences>{"default.cds":{"databaseDetails":{"referenceType":"Environmental","environmentName":"default.cds","overrideValues":{"status":"NotSpecified"}},"dataSources":{"Makers":{"entitySetName":"admin_makers","logicalName":"admin_maker"},"AAD Users":{"entitySetName":"aadusers","logicalName":"aaduser"},"PowerApps Apps":{"entitySetName":"admin_apps","logicalName":"admin_app"},"Environments":{"entitySetName":"admin_environments","logicalName":"admin_environment"},"Flows_1":{"entitySetName":"admin_flows","logicalName":"admin_flow"}}}}</DatabaseReferences>
      <AppComponents>[]</AppComponents>
      <AppComponentDependencies>[]</AppComponentDependencies>
      <CanConsumeAppPass>0</CanConsumeAppPass>
      <CanvasAppType>0</CanvasAppType>
      <BypassConsent>0</BypassConsent>
      <AdminControlBypassConsent>0</AdminControlBypassConsent>
      <EmbeddedApp xsi:nil="true"></EmbeddedApp>
      <IntroducedVersion>1.0</IntroducedVersion>
      <CdsDependencies>{"cdsdependencies":[{"dependencyid":"7107653e-eaf0-ee11-904b-000d3a202756","componenttype":29,"componenttypeplatformname":"Workflow"},{"logicalname":"admin_maker","componenttype":1},{"logicalname":"aaduser","componenttype":1},{"logicalname":"admin_app","componenttype":1},{"logicalname":"admin_environment","componenttype":1},{"logicalname":"admin_flow","componenttype":1}]}</CdsDependencies>
      <IsCustomizable>1</IsCustomizable>
      <BackgroundImageUri>/CanvasApps/ptricks_ownershiptoolbox_b0472_BackgroundImageUri</BackgroundImageUri>
      <DocumentUri>/CanvasApps/ptricks_ownershiptoolbox_b0472_DocumentUri.msapp</DocumentUri>
      <AdditionalUris>
        <AdditionalUri>/CanvasApps/ptricks_ownershiptoolbox_b0472_AdditionalUris0_identity.json</AdditionalUri>
      </AdditionalUris>
    </CanvasApp>
  </CanvasApps>
  <connectionreferences>
    <connectionreference connectionreferencelogicalname="ptricks_sharedcommondataserviceforapps_4dbd3">
      <connectionreferencedisplayname>Microsoft Dataverse OwnershipToolbox-4dbd3</connectionreferencedisplayname>
      <connectorid>/providers/Microsoft.PowerApps/apis/shared_commondataserviceforapps</connectorid>
      <iscustomizable>1</iscustomizable>
      <statecode>0</statecode>
      <statuscode>1</statuscode>
    </connectionreference>
    <connectionreference connectionreferencelogicalname="ptricks_sharedflowmanagement_8fee1">
      <connectionreferencedisplayname>Power Automate Management OwnershipToolbox-8fee1</connectionreferencedisplayname>
      <connectorid>/providers/Microsoft.PowerApps/apis/shared_flowmanagement</connectorid>
      <iscustomizable>1</iscustomizable>
      <statecode>0</statecode>
      <statuscode>1</statuscode>
    </connectionreference>
  </connectionreferences>
  <Languages>
    <Language>1033</Language>
  </Languages>
</ImportExportXml>