{
  "properties": {
    "connectionReferences": {
      "shared_powerplatformforadmins": {
        "runtimeSource": "embedded",
        "connection": {
          "connectionReferenceLogicalName": "ptricks_sharedpowerplatformforadmins_47290"
        },
        "api": {
          "name": "shared_powerplatformforadmins"
        }
      },
      "shared_commondataserviceforapps": {
        "runtimeSource": "embedded",
        "connection": {
          "connectionReferenceLogicalName": "ptricks_sharedcommondataserviceforapps_1b9ef"
        },
        "api": {
          "name": "shared_commondataserviceforapps"
        }
      }
    },
    "definition": {
      "$schema": "https://schema.management.azure.com/providers/Microsoft.Logic/schemas/2016-06-01/workflowdefinition.json#",
      "contentVersion": "1.0.0.0",
      "parameters": {
        "$connections": {
          "defaultValue": {},
          "type": "Object"
        },
        "$authentication": {
          "defaultValue": {},
          "type": "SecureObject"
        }
      },
      "triggers": {
        "manual": {
          "metadata": {
            "operationMetadataId": "33652a6a-8e56-4c84-a61f-bf3c2e1ec66c"
          },
          "type": "Request",
          "kind": "Button",
          "inputs": {
            "schema": {
              "type": "object",
              "properties": {
                "text": {
                  "title": "NewOwnerEmail",
                  "type": "string",
                  "x-ms-dynamically-added": true,
                  "description": "Please enter your input",
                  "x-ms-content-hint": "TEXT"
                },
                "text_1": {
                  "title": "EnvironmentId",
                  "type": "string",
                  "x-ms-dynamically-added": true,
                  "description": "Please enter your input",
                  "x-ms-content-hint": "TEXT"
                },
                "text_2": {
                  "title": "SolutionName",
                  "type": "string",
                  "x-ms-dynamically-added": true,
                  "description": "Please enter your input",
                  "x-ms-content-hint": "TEXT"
                }
              },
              "required": [
                "text",
                "text_1",
                "text_2"
              ]
            }
          }
        }
      },
      "actions": {
        "Scope_Main": {
          "actions": {
            "Get_Environment_as_Admin": {
              "runAfter": {},
              "metadata": {
                "operationMetadataId": "51619432-9279-4a85-80e5-11d5b07ba8f2"
              },
              "type": "OpenApiConnection",
              "inputs": {
                "host": {
                  "connectionName": "shared_powerplatformforadmins",
                  "operationId": "GetSingleEnvironment",
                  "apiId": "/providers/Microsoft.PowerApps/apis/shared_powerplatformforadmins"
                },
                "parameters": {
                  "environment": "@triggerBody()['text_1']",
                  "api-version": "2018-10-01"
                },
                "authentication": {
                  "type": "Raw",
                  "value": "@json(decodeBase64(triggerOutputs().headers['X-MS-APIM-Tokens']))['$ConnectionKey']"
                }
              }
            },
            "List_rows_from_selected_environment_Solution": {
              "runAfter": {
                "List_rows_from_selected_environment_SystemUser": [
                  "Succeeded"
                ]
              },
              "metadata": {
                "operationMetadataId": "2316eab2-3de6-4146-9f90-02f3c13393e0"
              },
              "type": "OpenApiConnection",
              "inputs": {
                "host": {
                  "connectionName": "shared_commondataserviceforapps",
                  "operationId": "ListRecordsWithOrganization",
                  "apiId": "/providers/Microsoft.PowerApps/apis/shared_commondataserviceforapps"
                },
                "parameters": {
                  "organization": "@outputs('Get_Environment_as_Admin')?['body/properties/linkedEnvironmentMetadata/instanceUrl']",
                  "entityName": "solutions",
                  "$filter": "uniquename eq '@{triggerBody()['text_2']}'"
                },
                "authentication": {
                  "type": "Raw",
                  "value": "@json(decodeBase64(triggerOutputs().headers['X-MS-APIM-Tokens']))['$ConnectionKey']"
                }
              }
            },
            "List_rows_from_selected_environment_Env_Def_Comp": {
              "runAfter": {
                "List_rows_from_selected_environment_Solution": [
                  "Succeeded"
                ]
              },
              "metadata": {
                "operationMetadataId": "bd3219f1-b2f3-48cf-acff-545933062786"
              },
              "type": "OpenApiConnection",
              "inputs": {
                "host": {
                  "connectionName": "shared_commondataserviceforapps",
                  "operationId": "ListRecordsWithOrganization",
                  "apiId": "/providers/Microsoft.PowerApps/apis/shared_commondataserviceforapps"
                },
                "parameters": {
                  "organization": "@outputs('Get_Environment_as_Admin')?['body/properties/linkedEnvironmentMetadata/instanceUrl']",
                  "entityName": "solutioncomponents",
                  "$filter": "_solutionid_value eq '@{outputs('List_rows_from_selected_environment_Solution')?['body/value'][0]?['solutionid']}' and componenttype eq 380"
                },
                "authentication": {
                  "type": "Raw",
                  "value": "@json(decodeBase64(triggerOutputs().headers['X-MS-APIM-Tokens']))['$ConnectionKey']"
                }
              }
            },
            "Apply_to_each_Sol_Component": {
              "foreach": "@outputs('List_rows_from_selected_environment_Env_Def_Comp')?['body/value']",
              "actions": {
                "Get_a_row_by_ID_from_selected_environment_Env_Def": {
                  "runAfter": {},
                  "metadata": {
                    "operationMetadataId": "31665c6a-e20c-4186-8d25-edebb0cd16e5"
                  },
                  "type": "OpenApiConnection",
                  "inputs": {
                    "host": {
                      "connectionName": "shared_commondataserviceforapps",
                      "operationId": "GetItemWithOrganization",
                      "apiId": "/providers/Microsoft.PowerApps/apis/shared_commondataserviceforapps"
                    },
                    "parameters": {
                      "organization": "@outputs('Get_Environment_as_Admin')?['body/properties/linkedEnvironmentMetadata/instanceUrl']",
                      "entityName": "environmentvariabledefinitions",
                      "recordId": "@items('Apply_to_each_Sol_Component')?['objectid']"
                    },
                    "authentication": {
                      "type": "Raw",
                      "value": "@json(decodeBase64(triggerOutputs().headers['X-MS-APIM-Tokens']))['$ConnectionKey']"
                    }
                  }
                },
                "List_rows_from_selected_environment_Env_Var_Value": {
                  "runAfter": {
                    "Get_a_row_by_ID_from_selected_environment_Env_Def": [
                      "Succeeded"
                    ]
                  },
                  "metadata": {
                    "operationMetadataId": "bd3219f1-b2f3-48cf-acff-545933062786"
                  },
                  "type": "OpenApiConnection",
                  "inputs": {
                    "host": {
                      "connectionName": "shared_commondataserviceforapps",
                      "operationId": "ListRecordsWithOrganization",
                      "apiId": "/providers/Microsoft.PowerApps/apis/shared_commondataserviceforapps"
                    },
                    "parameters": {
                      "organization": "@outputs('Get_Environment_as_Admin')?['body/properties/linkedEnvironmentMetadata/instanceUrl']",
                      "entityName": "environmentvariablevalues",
                      "$filter": "_environmentvariabledefinitionid_value eq '@{outputs('Get_a_row_by_ID_from_selected_environment_Env_Def')?['body']?['environmentvariabledefinitionid']}'"
                    },
                    "authentication": {
                      "type": "Raw",
                      "value": "@json(decodeBase64(triggerOutputs().headers['X-MS-APIM-Tokens']))['$ConnectionKey']"
                    }
                  }
                },
                "Condition_if_no_Env_Var_Value": {
                  "actions": {
                    "Append_to_ArrayEnvVar": {
                      "runAfter": {},
                      "metadata": {
                        "operationMetadataId": "4106d0af-157b-4312-a12d-8539d20f1cc1"
                      },
                      "type": "AppendToArrayVariable",
                      "inputs": {
                        "name": "ArrayEnvVar",
                        "value": "@outputs('Get_a_row_by_ID_from_selected_environment_Env_Def')?['body']"
                      }
                    }
                  },
                  "runAfter": {
                    "List_rows_from_selected_environment_Env_Var_Value": [
                      "Succeeded"
                    ]
                  },
                  "expression": {
                    "equals": [
                      "@length(outputs('List_rows_from_selected_environment_Env_Var_Value')?['body/value'])",
                      0
                    ]
                  },
                  "metadata": {
                    "operationMetadataId": "8171f19a-86d5-4550-8058-19dc23a5bada"
                  },
                  "type": "If"
                }
              },
              "runAfter": {
                "List_rows_from_selected_environment_Env_Def_Comp": [
                  "Succeeded"
                ]
              },
              "metadata": {
                "operationMetadataId": "fb2167c9-835b-46bc-9cd1-ea14966b7444"
              },
              "type": "Foreach"
            },
            "Condition_select_Env_Variable_Names_Needing_Mapping": {
              "actions": {
                "Select_Env_Def_name": {
                  "runAfter": {},
                  "metadata": {
                    "operationMetadataId": "75ff6973-75f1-41f2-a6ad-7beccb24f808"
                  },
                  "type": "Select",
                  "inputs": {
                    "from": "@variables('ArrayEnvVar')",
                    "select": "@concat('<li>',item()?['displayname'],'</li>')"
                  }
                },
                "Set_ArrayEnvVar": {
                  "runAfter": {
                    "Select_Env_Def_name": [
                      "Succeeded"
                    ]
                  },
                  "metadata": {
                    "operationMetadataId": "4514d142-ffe3-440a-a1ed-9e23674252ed"
                  },
                  "type": "SetVariable",
                  "inputs": {
                    "name": "ArrayEnvVar",
                    "value": "@body('Select_Env_Def_name')"
                  }
                }
              },
              "runAfter": {
                "Apply_to_each_Sol_Component": [
                  "Succeeded"
                ]
              },
              "expression": {
                "greaterOrEquals": [
                  "@length(variables('ArrayEnvVar'))",
                  1
                ]
              },
              "metadata": {
                "operationMetadataId": "4db2d222-30d3-43d8-a7d1-b85871806583"
              },
              "type": "If"
            },
            "List_rows_from_selected_environment_SystemUser": {
              "runAfter": {
                "Get_Environment_as_Admin": [
                  "Succeeded"
                ]
              },
              "metadata": {
                "operationMetadataId": "94122736-6584-45ca-b2d4-a0bca51e23c0"
              },
              "type": "OpenApiConnection",
              "inputs": {
                "host": {
                  "connectionName": "shared_commondataserviceforapps",
                  "operationId": "ListRecordsWithOrganization",
                  "apiId": "/providers/Microsoft.PowerApps/apis/shared_commondataserviceforapps"
                },
                "parameters": {
                  "organization": "@outputs('Get_Environment_as_Admin')?['body/properties/linkedEnvironmentMetadata/instanceUrl']",
                  "entityName": "systemusers",
                  "$filter": "internalemailaddress eq '@{triggerBody()['text']}'"
                },
                "authentication": {
                  "type": "Raw",
                  "value": "@json(decodeBase64(triggerOutputs().headers['X-MS-APIM-Tokens']))['$ConnectionKey']"
                }
              }
            }
          },
          "runAfter": {
            "Initialize_ArrayEnvVar": [
              "Succeeded"
            ]
          },
          "metadata": {
            "operationMetadataId": "967f2e1f-76e8-4b93-9435-4c3a5f84ba8a"
          },
          "type": "Scope"
        },
        "Initialize_ArrayEnvVar": {
          "runAfter": {},
          "metadata": {
            "operationMetadataId": "b2897f12-f1ab-4f7b-8a57-21fd0c8ab3b9"
          },
          "type": "InitializeVariable",
          "inputs": {
            "variables": [
              {
                "name": "ArrayEnvVar",
                "type": "array"
              }
            ]
          }
        },
        "Respond_to_a_PowerApp_or_flow_Success": {
          "runAfter": {
            "Scope_Main": [
              "Succeeded"
            ]
          },
          "metadata": {
            "operationMetadataId": "d1260910-749f-4bc2-bf2e-783bbffa0070"
          },
          "type": "Response",
          "kind": "PowerApp",
          "inputs": {
            "statusCode": 200,
            "body": {
              "result": "Completed",
              "flowrun": "@{concat('https://make.powerautomate.com/manage/environments/', workflow()['tags']['environmentName'], '/flows/', workflow()['name'], '/runs/', workflow()['run']['name'])}",
              "variables": "@{string(variables('ArrayEnvVar'))}"
            },
            "schema": {
              "type": "object",
              "properties": {
                "result": {
                  "title": "result",
                  "x-ms-dynamically-added": true,
                  "type": "string"
                },
                "flowrun": {
                  "title": "flowrun",
                  "x-ms-dynamically-added": true,
                  "type": "string"
                },
                "variables": {
                  "title": "variables",
                  "x-ms-dynamically-added": true,
                  "type": "string"
                }
              }
            }
          }
        },
        "Respond_to_a_PowerApp_or_flow_Failure": {
          "runAfter": {
            "Scope_Main": [
              "Failed",
              "Skipped",
              "TimedOut"
            ]
          },
          "metadata": {
            "operationMetadataId": "d962c1dc-c300-482c-9651-ed44af5710d9"
          },
          "type": "Response",
          "kind": "PowerApp",
          "inputs": {
            "statusCode": 200,
            "body": {
              "result": "Variable Check Failed",
              "flowrun": "@{concat('https://make.powerautomate.com/manage/environments/', workflow()['tags']['environmentName'], '/flows/', workflow()['name'], '/runs/', workflow()['run']['name'])}",
              "variables": "@{string(variables('ArrayEnvVar'))}"
            },
            "schema": {
              "type": "object",
              "properties": {
                "result": {
                  "title": "result",
                  "x-ms-dynamically-added": true,
                  "type": "string"
                },
                "flowrun": {
                  "title": "flowrun",
                  "x-ms-dynamically-added": true,
                  "type": "string"
                },
                "variables": {
                  "title": "variables",
                  "x-ms-dynamically-added": true,
                  "type": "string"
                }
              }
            }
          }
        },
        "Terminate": {
          "runAfter": {
            "Respond_to_a_PowerApp_or_flow_Failure": [
              "Succeeded"
            ]
          },
          "metadata": {
            "operationMetadataId": "042acfd6-6137-4570-b843-6b9fbc80babd"
          },
          "type": "Terminate",
          "inputs": {
            "runStatus": "Failed"
          }
        }
      },
      "outputs": {}
    },
    "templateName": ""
  },
  "schemaVersion": "1.0.0.0"
}