{
  "properties": {
    "connectionReferences": {
      "shared_powerplatformforadmins": {
        "runtimeSource": "embedded",
        "connection": {
          "connectionReferenceLogicalName": "ptricks_sharedpowerplatformforadmins_47290"
        },
        "api": {
          "name": "shared_powerplatformforadmins"
        }
      },
      "shared_commondataserviceforapps": {
        "runtimeSource": "embedded",
        "connection": {
          "connectionReferenceLogicalName": "ptricks_sharedcommondataserviceforapps_1b9ef"
        },
        "api": {
          "name": "shared_commondataserviceforapps"
        }
      }
    },
    "definition": {
      "$schema": "https://schema.management.azure.com/providers/Microsoft.Logic/schemas/2016-06-01/workflowdefinition.json#",
      "contentVersion": "1.0.0.0",
      "parameters": {
        "$connections": {
          "defaultValue": {},
          "type": "Object"
        },
        "$authentication": {
          "defaultValue": {},
          "type": "SecureObject"
        }
      },
      "triggers": {
        "When_a_row_is_added,_modified_or_deleted": {
          "metadata": {
            "operationMetadataId": "dcf74a34-47f6-45c4-a308-300ee1be1b63"
          },
          "type": "OpenApiConnectionWebhook",
          "inputs": {
            "host": {
              "connectionName": "shared_commondataserviceforapps",
              "operationId": "SubscribeWebhookTrigger",
              "apiId": "/providers/Microsoft.PowerApps/apis/shared_commondataserviceforapps"
            },
            "parameters": {
              "subscriptionRequest/message": 3,
              "subscriptionRequest/entityname": "ptricks_deployment",
              "subscriptionRequest/scope": 4,
              "subscriptionRequest/filteringattributes": "statuscode"
            },
            "authentication": "@parameters('$authentication')"
          },
          "conditions": [
            {
              "expression": "@equals(triggerOutputs()?['body/_statuscode_label'],'Exported')"
            }
          ]
        }
      },
      "actions": {
        "Scope_Main": {
          "actions": {
            "Get_Environment_as_Admin": {
              "runAfter": {
                "Update_Deployment_status_to_Importing": [
                  "Succeeded"
                ]
              },
              "metadata": {
                "operationMetadataId": "31a17a38-4f79-4e0f-9679-2e6376749c6f"
              },
              "type": "OpenApiConnection",
              "inputs": {
                "host": {
                  "connectionName": "shared_powerplatformforadmins",
                  "operationId": "GetSingleEnvironment",
                  "apiId": "/providers/Microsoft.PowerApps/apis/shared_powerplatformforadmins"
                },
                "parameters": {
                  "environment": "@triggerOutputs()?['body/ptricks_targetenvironmentid']",
                  "api-version": "2018-10-01"
                },
                "authentication": "@parameters('$authentication')"
              }
            },
            "Perform_an_unbound_action_in_selected_environment": {
              "runAfter": {
                "Get_Environment_as_Admin": [
                  "Succeeded"
                ]
              },
              "metadata": {
                "operationMetadataId": "7e2ef596-0e97-42d1-a65a-901a8123ab82"
              },
              "type": "OpenApiConnection",
              "inputs": {
                "host": {
                  "connectionName": "shared_commondataserviceforapps",
                  "operationId": "PerformUnboundActionWithOrganization",
                  "apiId": "/providers/Microsoft.PowerApps/apis/shared_commondataserviceforapps"
                },
                "parameters": {
                  "organization": "@outputs('Get_Environment_as_Admin')?['body/properties/linkedEnvironmentMetadata/instanceUrl']",
                  "actionName": "ImportSolution",
                  "item": {
                    "OverwriteUnmanagedCustomizations": false,
                    "PublishWorkflows": false,
                    "CustomizationFile": "@{If(triggerOutputs()?['body/ptricks_importasmanaged'],triggerOutputs()?['body/ptricks_managedsolutiondata'],triggerOutputs()?['body/ptricks_unmanagedsolutiondata'])}",
                    "ImportJobId": "@{guid()}",
                    "ConvertToManaged": false,
                    "SkipProductUpdateDependencies": false,
                    "HoldingSolution": false,
                    "SkipQueueRibbonJob": false,
                    "AsyncRibbonProcessing": false,
                    "IsTemplateMode": false
                  }
                },
                "authentication": "@parameters('$authentication')"
              }
            },
            "Update_Deployment_status_to_Updating_Ownership": {
              "runAfter": {
                "Perform_an_unbound_action_in_selected_environment": [
                  "Succeeded"
                ]
              },
              "metadata": {
                "operationMetadataId": "ef13b025-552e-4a8b-83f9-784c773c2c14"
              },
              "type": "OpenApiConnection",
              "inputs": {
                "host": {
                  "connectionName": "shared_commondataserviceforapps",
                  "operationId": "UpdateRecord",
                  "apiId": "/providers/Microsoft.PowerApps/apis/shared_commondataserviceforapps"
                },
                "parameters": {
                  "entityName": "ptricks_deployments",
                  "recordId": "@triggerOutputs()?['body/ptricks_deploymentid']",
                  "item/statuscode": 493920004
                },
                "authentication": "@parameters('$authentication')"
              }
            },
            "Run_a_Child_Flow_to_update_components_ownership": {
              "runAfter": {
                "Get_a_row_by_ID_AccountSignIn": [
                  "Succeeded"
                ]
              },
              "metadata": {
                "operationMetadataId": "8e827f9d-f4ef-4187-94fc-fdfb85d10345"
              },
              "type": "Workflow",
              "inputs": {
                "host": {
                  "workflowReferenceName": "e895f361-a5d9-ee11-904d-000d3a4eedfe"
                },
                "body": {
                  "text": "@outputs('Get_a_row_by_ID_Target_Owner')?['body/internalemailaddress']",
                  "text_1": "@triggerOutputs()?['body/ptricks_targetenvironmentid']",
                  "text_2": "@triggerOutputs()?['body/ptricks_solutionname']",
                  "text_3": "@outputs('Get_a_row_by_ID_AccountSignIn')?['body/internalemailaddress']"
                }
              }
            },
            "Get_a_row_by_ID_Target_Owner": {
              "runAfter": {
                "Update_Deployment_status_to_Updating_Ownership": [
                  "Succeeded"
                ]
              },
              "metadata": {
                "operationMetadataId": "a0c7f14f-c5ac-4429-b450-f3cc715700f5"
              },
              "type": "OpenApiConnection",
              "inputs": {
                "host": {
                  "connectionName": "shared_commondataserviceforapps",
                  "operationId": "GetItem",
                  "apiId": "/providers/Microsoft.PowerApps/apis/shared_commondataserviceforapps"
                },
                "parameters": {
                  "entityName": "systemusers",
                  "recordId": "@triggerOutputs()?['body/_ptricks_targetowner_value']"
                },
                "authentication": "@parameters('$authentication')"
              }
            },
            "Condition_Terminate_if_Failed": {
              "actions": {
                "Update_Deployment_status_to_Failed_for_Ownership_update": {
                  "runAfter": {},
                  "metadata": {
                    "operationMetadataId": "a787c2cc-bbbe-4665-8400-3099991ef2a2"
                  },
                  "type": "OpenApiConnection",
                  "inputs": {
                    "host": {
                      "connectionName": "shared_commondataserviceforapps",
                      "operationId": "UpdateRecord",
                      "apiId": "/providers/Microsoft.PowerApps/apis/shared_commondataserviceforapps"
                    },
                    "parameters": {
                      "entityName": "ptricks_deployments",
                      "recordId": "@triggerOutputs()?['body/ptricks_deploymentid']",
                      "item/ptricks_failedflowrunurl": "@body('Run_a_Child_Flow_to_update_components_ownership')?['flowrun']",
                      "item/statuscode": 493920006
                    },
                    "authentication": "@parameters('$authentication')"
                  }
                },
                "Terminate": {
                  "runAfter": {
                    "Update_Deployment_status_to_Failed_for_Ownership_update": [
                      "Succeeded"
                    ]
                  },
                  "metadata": {
                    "operationMetadataId": "db072e4b-5c59-42c7-90bc-e93ccbc632c0"
                  },
                  "type": "Terminate",
                  "inputs": {
                    "runStatus": "Failed"
                  }
                }
              },
              "runAfter": {
                "Run_a_Child_Flow_to_update_components_ownership": [
                  "Succeeded"
                ]
              },
              "expression": {
                "equals": [
                  "@body('Run_a_Child_Flow_to_update_components_ownership')?['result']",
                  "Ownership Update Failed"
                ]
              },
              "metadata": {
                "operationMetadataId": "d20d4444-ac42-47dd-be27-b3120375c8b6"
              },
              "type": "If"
            },
            "Update_Deployment_status_to_Checking_for_Connections": {
              "runAfter": {
                "Condition_Terminate_if_Failed": [
                  "Succeeded"
                ]
              },
              "metadata": {
                "operationMetadataId": "ef13b025-552e-4a8b-83f9-784c773c2c14"
              },
              "type": "OpenApiConnection",
              "inputs": {
                "host": {
                  "connectionName": "shared_commondataserviceforapps",
                  "operationId": "UpdateRecord",
                  "apiId": "/providers/Microsoft.PowerApps/apis/shared_commondataserviceforapps"
                },
                "parameters": {
                  "entityName": "ptricks_deployments",
                  "recordId": "@triggerOutputs()?['body/ptricks_deploymentid']",
                  "item/statuscode": 493920009
                },
                "authentication": "@parameters('$authentication')"
              }
            },
            "Run_a_Child_Flow_to_Check_Connections_to_Map": {
              "runAfter": {
                "Update_Deployment_status_to_Checking_for_Connections": [
                  "Succeeded"
                ]
              },
              "metadata": {
                "operationMetadataId": "48d7f994-535f-44b0-bb31-8c9aa61231b5"
              },
              "type": "Workflow",
              "inputs": {
                "host": {
                  "workflowReferenceName": "09761742-fbd9-ee11-904d-000d3a4eedfe"
                },
                "body": {
                  "text": "@outputs('Get_a_row_by_ID_AccountSignIn')?['body/internalemailaddress']",
                  "text_1": "@triggerOutputs()?['body/ptricks_targetenvironmentid']",
                  "text_2": "@triggerOutputs()?['body/ptricks_solutionname']",
                  "text_3": "@body('Run_a_Child_Flow_to_update_components_ownership')?['connref']"
                }
              }
            },
            "Get_a_row_by_ID_AccountSignIn": {
              "runAfter": {
                "Get_a_row_by_ID_Target_Owner": [
                  "Succeeded"
                ]
              },
              "metadata": {
                "operationMetadataId": "a0c7f14f-c5ac-4429-b450-f3cc715700f5"
              },
              "type": "OpenApiConnection",
              "inputs": {
                "host": {
                  "connectionName": "shared_commondataserviceforapps",
                  "operationId": "GetItem",
                  "apiId": "/providers/Microsoft.PowerApps/apis/shared_commondataserviceforapps"
                },
                "parameters": {
                  "entityName": "systemusers",
                  "recordId": "@triggerOutputs()?['body/_ptricks_targetaccountsignin_value']"
                },
                "authentication": "@parameters('$authentication')"
              }
            },
            "Condition_Terminate_if_Failed_2": {
              "actions": {
                "Update_Deployment_status_to_Failed_for_Connection_Check": {
                  "runAfter": {},
                  "metadata": {
                    "operationMetadataId": "a787c2cc-bbbe-4665-8400-3099991ef2a2"
                  },
                  "type": "OpenApiConnection",
                  "inputs": {
                    "host": {
                      "connectionName": "shared_commondataserviceforapps",
                      "operationId": "UpdateRecord",
                      "apiId": "/providers/Microsoft.PowerApps/apis/shared_commondataserviceforapps"
                    },
                    "parameters": {
                      "entityName": "ptricks_deployments",
                      "recordId": "@triggerOutputs()?['body/ptricks_deploymentid']",
                      "item/ptricks_failedflowrunurl": "@body('Run_a_Child_Flow_to_Check_Connections_to_Map')?['flowrun']",
                      "item/statuscode": 493920011
                    },
                    "authentication": "@parameters('$authentication')"
                  }
                },
                "Terminate_2": {
                  "runAfter": {
                    "Update_Deployment_status_to_Failed_for_Connection_Check": [
                      "Succeeded"
                    ]
                  },
                  "metadata": {
                    "operationMetadataId": "db072e4b-5c59-42c7-90bc-e93ccbc632c0"
                  },
                  "type": "Terminate",
                  "inputs": {
                    "runStatus": "Failed"
                  }
                }
              },
              "runAfter": {
                "Run_a_Child_Flow_to_Check_Connections_to_Map": [
                  "Succeeded"
                ]
              },
              "expression": {
                "equals": [
                  "@body('Run_a_Child_Flow_to_Check_Connections_to_Map')?['result']",
                  "Connection Check Failed"
                ]
              },
              "metadata": {
                "operationMetadataId": "d20d4444-ac42-47dd-be27-b3120375c8b6"
              },
              "type": "If"
            },
            "Run_a_Child_Flow_Check_Env_Variable": {
              "runAfter": {
                "Update_Deployment_status_to_Checking_for_Variables": [
                  "Succeeded"
                ]
              },
              "metadata": {
                "operationMetadataId": "8e827f9d-f4ef-4187-94fc-fdfb85d10345"
              },
              "type": "Workflow",
              "inputs": {
                "host": {
                  "workflowReferenceName": "63119e80-fed9-ee11-904d-000d3a4eedfe"
                },
                "body": {
                  "text": "@outputs('Get_a_row_by_ID_Target_Owner')?['body/internalemailaddress']",
                  "text_1": "@triggerOutputs()?['body/ptricks_targetenvironmentid']",
                  "text_2": "@triggerOutputs()?['body/ptricks_solutionname']"
                }
              }
            },
            "Condition_Terminate_if_Failed_3": {
              "actions": {
                "Update_Deployment_status_to_Failed_for_Variable_Check": {
                  "runAfter": {},
                  "metadata": {
                    "operationMetadataId": "a787c2cc-bbbe-4665-8400-3099991ef2a2"
                  },
                  "type": "OpenApiConnection",
                  "inputs": {
                    "host": {
                      "connectionName": "shared_commondataserviceforapps",
                      "operationId": "UpdateRecord",
                      "apiId": "/providers/Microsoft.PowerApps/apis/shared_commondataserviceforapps"
                    },
                    "parameters": {
                      "entityName": "ptricks_deployments",
                      "recordId": "@triggerOutputs()?['body/ptricks_deploymentid']",
                      "item/ptricks_failedflowrunurl": "@body('Run_a_Child_Flow_to_Check_Connections_to_Map')?['flowrun']",
                      "item/statuscode": 493920012
                    },
                    "authentication": "@parameters('$authentication')"
                  }
                },
                "Terminate_3": {
                  "runAfter": {
                    "Update_Deployment_status_to_Failed_for_Variable_Check": [
                      "Succeeded"
                    ]
                  },
                  "metadata": {
                    "operationMetadataId": "db072e4b-5c59-42c7-90bc-e93ccbc632c0"
                  },
                  "type": "Terminate",
                  "inputs": {
                    "runStatus": "Failed"
                  }
                }
              },
              "runAfter": {
                "Run_a_Child_Flow_Check_Env_Variable": [
                  "Succeeded"
                ]
              },
              "expression": {
                "equals": [
                  "@body('Run_a_Child_Flow_Check_Env_Variable')?['result']",
                  "Variable Check Failed"
                ]
              },
              "metadata": {
                "operationMetadataId": "d20d4444-ac42-47dd-be27-b3120375c8b6"
              },
              "type": "If"
            },
            "Update_Deployment_status_to_Checking_for_Variables": {
              "runAfter": {
                "Condition_Terminate_if_Failed_2": [
                  "Succeeded"
                ]
              },
              "metadata": {
                "operationMetadataId": "ef13b025-552e-4a8b-83f9-784c773c2c14"
              },
              "type": "OpenApiConnection",
              "inputs": {
                "host": {
                  "connectionName": "shared_commondataserviceforapps",
                  "operationId": "UpdateRecord",
                  "apiId": "/providers/Microsoft.PowerApps/apis/shared_commondataserviceforapps"
                },
                "parameters": {
                  "entityName": "ptricks_deployments",
                  "recordId": "@triggerOutputs()?['body/ptricks_deploymentid']",
                  "item/statuscode": 493920010
                },
                "authentication": "@parameters('$authentication')"
              }
            },
            "Update_Deployment_status_to_Completed": {
              "runAfter": {
                "Condition_Terminate_if_Failed_4": [
                  "Succeeded"
                ]
              },
              "metadata": {
                "operationMetadataId": "ef13b025-552e-4a8b-83f9-784c773c2c14"
              },
              "type": "OpenApiConnection",
              "inputs": {
                "host": {
                  "connectionName": "shared_commondataserviceforapps",
                  "operationId": "UpdateRecord",
                  "apiId": "/providers/Microsoft.PowerApps/apis/shared_commondataserviceforapps"
                },
                "parameters": {
                  "entityName": "ptricks_deployments",
                  "recordId": "@triggerOutputs()?['body/ptricks_deploymentid']",
                  "item/statuscode": 493920007
                },
                "authentication": "@parameters('$authentication')"
              }
            },
            "Update_Deployment_status_to_Importing": {
              "runAfter": {},
              "metadata": {
                "operationMetadataId": "ef13b025-552e-4a8b-83f9-784c773c2c14"
              },
              "type": "OpenApiConnection",
              "inputs": {
                "host": {
                  "connectionName": "shared_commondataserviceforapps",
                  "operationId": "UpdateRecord",
                  "apiId": "/providers/Microsoft.PowerApps/apis/shared_commondataserviceforapps"
                },
                "parameters": {
                  "entityName": "ptricks_deployments",
                  "recordId": "@triggerOutputs()?['body/ptricks_deploymentid']",
                  "item/statuscode": 493920003
                },
                "authentication": "@parameters('$authentication')"
              }
            },
            "Update_Deployment_status_to_Notifying": {
              "runAfter": {
                "Condition_Terminate_if_Failed_3": [
                  "Succeeded"
                ]
              },
              "metadata": {
                "operationMetadataId": "ef13b025-552e-4a8b-83f9-784c773c2c14"
              },
              "type": "OpenApiConnection",
              "inputs": {
                "host": {
                  "connectionName": "shared_commondataserviceforapps",
                  "operationId": "UpdateRecord",
                  "apiId": "/providers/Microsoft.PowerApps/apis/shared_commondataserviceforapps"
                },
                "parameters": {
                  "entityName": "ptricks_deployments",
                  "recordId": "@triggerOutputs()?['body/ptricks_deploymentid']",
                  "item/statuscode": 493920013
                },
                "authentication": "@parameters('$authentication')"
              }
            },
            "Run_a_Child_Flow_Notification": {
              "runAfter": {
                "Update_Deployment_status_to_Notifying": [
                  "Succeeded"
                ]
              },
              "metadata": {
                "operationMetadataId": "ed3ee238-a2b8-45d7-bb53-62a217ac0846"
              },
              "type": "Workflow",
              "inputs": {
                "host": {
                  "workflowReferenceName": "273b06dd-e0de-ee11-904d-000d3a4eedfe"
                },
                "body": {
                  "text": "@triggerOutputs()?['body/ptricks_solutionname']",
                  "text_1": "@outputs('Get_a_row_by_ID_Target_Owner')?['body/internalemailaddress']",
                  "text_3": "@triggerOutputs()?['body/ptricks_targetenvironmentid']",
                  "text_4": "@body('Run_a_Child_Flow_to_Check_Connections_to_Map')?['connref']",
                  "text_5": "@body('Run_a_Child_Flow_Check_Env_Variable')?['variables']",
                  "text_2": "@outputs('Get_a_row_by_ID_AccountSignIn')?['body/internalemailaddress']"
                }
              }
            },
            "Condition_Terminate_if_Failed_4": {
              "actions": {
                "Update_Deployment_status_to_Failed_for_Notification": {
                  "runAfter": {},
                  "metadata": {
                    "operationMetadataId": "a787c2cc-bbbe-4665-8400-3099991ef2a2"
                  },
                  "type": "OpenApiConnection",
                  "inputs": {
                    "host": {
                      "connectionName": "shared_commondataserviceforapps",
                      "operationId": "UpdateRecord",
                      "apiId": "/providers/Microsoft.PowerApps/apis/shared_commondataserviceforapps"
                    },
                    "parameters": {
                      "entityName": "ptricks_deployments",
                      "recordId": "@triggerOutputs()?['body/ptricks_deploymentid']",
                      "item/ptricks_failedflowrunurl": "@body('Run_a_Child_Flow_Notification')?['flowrun']",
                      "item/statuscode": 493920014
                    },
                    "authentication": "@parameters('$authentication')"
                  }
                },
                "Terminate_4": {
                  "runAfter": {
                    "Update_Deployment_status_to_Failed_for_Notification": [
                      "Succeeded"
                    ]
                  },
                  "metadata": {
                    "operationMetadataId": "db072e4b-5c59-42c7-90bc-e93ccbc632c0"
                  },
                  "type": "Terminate",
                  "inputs": {
                    "runStatus": "Failed"
                  }
                }
              },
              "runAfter": {
                "Run_a_Child_Flow_Notification": [
                  "Succeeded"
                ]
              },
              "expression": {
                "equals": [
                  "@body('Run_a_Child_Flow_Notification')?['result']",
                  "Notification Failed"
                ]
              },
              "metadata": {
                "operationMetadataId": "d20d4444-ac42-47dd-be27-b3120375c8b6"
              },
              "type": "If"
            }
          },
          "runAfter": {},
          "metadata": {
            "operationMetadataId": "e407d6ee-ee25-4b1d-bbaa-92047572aa95"
          },
          "type": "Scope"
        },
        "Scope_Exception": {
          "actions": {
            "Update_Deployment_status_to_Import_Failed": {
              "runAfter": {},
              "metadata": {
                "operationMetadataId": "ef13b025-552e-4a8b-83f9-784c773c2c14"
              },
              "type": "OpenApiConnection",
              "inputs": {
                "host": {
                  "connectionName": "shared_commondataserviceforapps",
                  "operationId": "UpdateRecord",
                  "apiId": "/providers/Microsoft.PowerApps/apis/shared_commondataserviceforapps"
                },
                "parameters": {
                  "entityName": "ptricks_deployments",
                  "recordId": "@triggerOutputs()?['body/ptricks_deploymentid']",
                  "item/ptricks_failedflowrunurl": "@concat('https://make.powerautomate.com/manage/environments/',workflow()['tags']['environmentName'],'/flows/',workflow()['name'],'/runs/',workflow()['run']['name'])",
                  "item/statuscode": 493920008
                },
                "authentication": "@parameters('$authentication')"
              }
            },
            "Terminate_5": {
              "runAfter": {
                "Update_Deployment_status_to_Import_Failed": [
                  "Succeeded"
                ]
              },
              "metadata": {
                "operationMetadataId": "db072e4b-5c59-42c7-90bc-e93ccbc632c0"
              },
              "type": "Terminate",
              "inputs": {
                "runStatus": "Failed"
              }
            }
          },
          "runAfter": {
            "Scope_Main": [
              "TimedOut",
              "Failed",
              "Skipped"
            ]
          },
          "metadata": {
            "operationMetadataId": "729fe7de-f1c4-4e88-8c0b-fb7b4835e711"
          },
          "type": "Scope"
        }
      },
      "outputs": {}
    },
    "templateName": ""
  },
  "schemaVersion": "1.0.0.0"
}