{
  "properties": {
    "connectionReferences": {
      "shared_office365": {
        "runtimeSource": "embedded",
        "connection": {
          "connectionReferenceLogicalName": "new_sharedoffice365_337dc"
        },
        "api": {
          "name": "shared_office365"
        }
      }
    },
    "definition": {
      "$schema": "https://schema.management.azure.com/providers/Microsoft.Logic/schemas/2016-06-01/workflowdefinition.json#",
      "contentVersion": "1.0.0.0",
      "parameters": {
        "$connections": {
          "defaultValue": {},
          "type": "Object"
        },
        "$authentication": {
          "defaultValue": {},
          "type": "SecureObject"
        },
        "PpacReportsEmailAdmins (ptricks_PpacReportsEmailAdmins)": {
          "defaultValue": "ValAdmin@powertricks.onmicrosoft.com",
          "type": "String",
          "metadata": {
            "schemaName": "ptricks_PpacReportsEmailAdmins",
            "description": "Email to send alerts in case of failure"
          }
        }
      },
      "triggers": {
        "Recurrence": {
          "recurrence": {
            "frequency": "Day",
            "interval": 1,
            "schedule": {
              "hours": [
                "1"
              ]
            }
          },
          "metadata": {
            "operationMetadataId": "3941fb4f-5563-4a1f-86d1-b0c44730c3d1"
          },
          "type": "Recurrence"
        }
      },
      "actions": {
        "Initialize_StartDate": {
          "runAfter": {},
          "metadata": {
            "operationMetadataId": "3bd21335-d0df-4fd4-9aaa-17942b6a1e99"
          },
          "type": "InitializeVariable",
          "inputs": {
            "variables": [
              {
                "name": "StartDate",
                "type": "string",
                "value": "@{startOfDay(getPastTime(2,'Day'))}"
              }
            ]
          }
        },
        "Initialize_EndDate": {
          "runAfter": {
            "Initialize_StartDate": [
              "Succeeded"
            ]
          },
          "metadata": {
            "operationMetadataId": "f0a72737-5d0c-46cd-9a8e-9ec46feadca5"
          },
          "type": "InitializeVariable",
          "inputs": {
            "variables": [
              {
                "name": "EndDate",
                "type": "string",
                "value": "@{startOfDay(getPastTime(1,'Day'))}"
              }
            ]
          }
        },
        "Initialize_TimePeriod": {
          "runAfter": {
            "Initialize_EndDate": [
              "Succeeded"
            ]
          },
          "metadata": {
            "operationMetadataId": "4f22085e-8b58-4497-80b3-0c1839d6b5b8"
          },
          "type": "InitializeVariable",
          "inputs": {
            "variables": [
              {
                "name": "TimePeriod",
                "type": "string",
                "value": "@{formatDateTime(getPastTime(1,'Day'),'yyyy-MM-dd')}"
              }
            ]
          }
        },
        "Initialize_ReportTypes": {
          "runAfter": {
            "Initialize_TimePeriod": [
              "Succeeded"
            ]
          },
          "metadata": {
            "operationMetadataId": "ce7c4c96-2e0c-457c-b6c3-096dcef231c3"
          },
          "type": "InitializeVariable",
          "inputs": {
            "variables": [
              {
                "name": "ReportTypes",
                "type": "array",
                "value": [
                  "AIByUserAndEnvironment",
                  "ApiByLicensedUser",
                  "ApiByNonLicensedUser",
                  "ApiByFlow",
                  "PowerPagesAnonymous",
                  "PowerPagesAuthenticated",
                  "CopilotStudioDetailedUsage"
                ]
              }
            ]
          }
        },
        "Request_extraction_for_each_Report_Type": {
          "foreach": "@variables('ReportTypes')",
          "actions": {
            "Extract_Report": {
              "runAfter": {},
              "metadata": {
                "operationMetadataId": "e59aab38-250f-48f7-8e1e-a9ab3233bcf8"
              },
              "type": "Workflow",
              "inputs": {
                "host": {
                  "workflowReferenceName": "a2dafcd4-9d78-ee11-8179-000d3a4eedfe"
                },
                "body": {
                  "text": "@variables('StartDate')",
                  "text_1": "@variables('EndDate')",
                  "text_3": "@item()",
                  "text_2": "Auto"
                }
              }
            }
          },
          "runAfter": {
            "Initialize_ReportTypes": [
              "Succeeded"
            ]
          },
          "metadata": {
            "operationMetadataId": "c3d1a5f6-1e8a-4e0c-be60-b95b33ba266f"
          },
          "type": "Foreach",
          "runtimeConfiguration": {
            "concurrency": {
              "repetitions": 20
            }
          }
        },
        "Send_an_email_(V2)": {
          "runAfter": {
            "Request_extraction_for_each_Report_Type": [
              "Failed",
              "TimedOut"
            ]
          },
          "metadata": {
            "operationMetadataId": "2cb3b182-483f-4b98-8aaf-e8624db15fa6"
          },
          "type": "OpenApiConnection",
          "inputs": {
            "host": {
              "connectionName": "shared_office365",
              "operationId": "SendEmailV2",
              "apiId": "/providers/Microsoft.PowerApps/apis/shared_office365"
            },
            "parameters": {
              "emailMessage/To": "@parameters('PpacReportsEmailAdmins (ptricks_PpacReportsEmailAdmins)')",
              "emailMessage/Subject": "Ppac Reports Extraction Failure",
              "emailMessage/Body": "<p>This is an automated alert information you that some Power Platform Reports couldn't be extracted.<br>\n<a href=\"@{concat('https://make.powerautomate.com/environments/',workflow()?['tags']['environmentName'],'/flows/',workflow()?['name'],'/runs/', workflow()?['run']['name'])}\">Link to flow run</a></p>",
              "emailMessage/Importance": "Normal"
            },
            "authentication": "@parameters('$authentication')"
          }
        },
        "Terminate": {
          "runAfter": {
            "Send_an_email_(V2)": [
              "Succeeded"
            ]
          },
          "metadata": {
            "operationMetadataId": "1ff68f28-c696-4ee1-8e11-17b3c7c3a60d"
          },
          "type": "Terminate",
          "inputs": {
            "runStatus": "Failed"
          }
        }
      },
      "outputs": {}
    },
    "templateName": ""
  },
  "schemaVersion": "1.0.0.0"
}