{
  "properties": {
    "connectionReferences": {},
    "definition": {
      "$schema": "https://schema.management.azure.com/providers/Microsoft.Logic/schemas/2016-06-01/workflowdefinition.json#",
      "contentVersion": "1.0.0.0",
      "parameters": {
        "$authentication": {
          "defaultValue": {},
          "type": "SecureObject"
        }
      },
      "triggers": {
        "manual": {
          "metadata": {
            "operationMetadataId": "f7b5ec6c-7493-4453-8773-8d1ad7d6c073"
          },
          "type": "Request",
          "kind": "Button",
          "inputs": {
            "schema": {
              "type": "object",
              "properties": {
                "text": {
                  "title": "Input",
                  "type": "string",
                  "x-ms-dynamically-added": true,
                  "description": "Select the report type",
                  "x-ms-content-hint": "TEXT",
                  "enum": [
                    "AIByUserAndEnvironment",
                    "ApiByLicensedUser",
                    "ApiByNonLicensedUser",
                    "ApiByFlow",
                    "PowerPagesAnonymous",
                    "PowerPagesAuthenticated",
                    "CopilotStudioDetailedUsage"
                  ]
                },
                "number": {
                  "title": "DayCount",
                  "type": "number",
                  "x-ms-dynamically-added": true,
                  "description": "For how many previous days would you like to request the data?",
                  "x-ms-content-hint": "NUMBER"
                }
              },
              "required": [
                "text",
                "number"
              ]
            }
          }
        }
      },
      "actions": {
        "Initialize_varArray": {
          "runAfter": {},
          "metadata": {
            "operationMetadataId": "29bafdf9-ee8b-4916-b9ab-4fc17e736f2c"
          },
          "type": "InitializeVariable",
          "inputs": {
            "variables": [
              {
                "name": "varArray",
                "type": "array",
                "value": "@range(1,triggerBody()['number'])"
              }
            ]
          }
        },
        "Apply_to_each": {
          "foreach": "@variables('varArray')",
          "actions": {
            "Extract_Report": {
              "runAfter": {},
              "metadata": {
                "operationMetadataId": "e59aab38-250f-48f7-8e1e-a9ab3233bcf8"
              },
              "type": "Workflow",
              "inputs": {
                "host": {
                  "workflowReferenceName": "a2dafcd4-9d78-ee11-8179-000d3a4eedfe"
                },
                "body": {
                  "text": "@startOfDay(getPastTime(add(item(),1),'Day'))",
                  "text_1": "@startOfDay(getPastTime(item(),'Day'))",
                  "text_3": "@triggerBody()['text']",
                  "text_2": "Auto"
                }
              }
            }
          },
          "runAfter": {
            "Initialize_varArray": [
              "Succeeded"
            ]
          },
          "metadata": {
            "operationMetadataId": "a1bea132-b9f9-4a96-bba5-75c8a8437dc2"
          },
          "type": "Foreach",
          "runtimeConfiguration": {
            "concurrency": {
              "repetitions": 50
            }
          }
        }
      },
      "outputs": {}
    },
    "templateName": ""
  },
  "schemaVersion": "1.0.0.0"
}