<environmentvariabledefinition schemaname="ptricks_EndpointEmailTo">
  <description default="Email address receiving flow errors">
    <label description="Email address receiving flow errors" languagecode="1033" />
  </description>
  <displayname default="Endpoint Email To">
    <label description="Endpoint Email To" languagecode="1033" />
  </displayname>
  <introducedversion>2025.03.17.0</introducedversion>
  <iscustomizable>1</iscustomizable>
  <isrequired>0</isrequired>
  <secretstore>0</secretstore>
  <type>100000000</type>
</environmentvariabledefinition>