<ImportExportXml version="9.2.25031.228" SolutionPackageVersion="9.2" languagecode="1033" generatedBy="CrmLive" xmlns:xsi="http://www.w3.org/2001/XMLSchema-instance" OrganizationVersion="9.2.25031.228" OrganizationSchemaType="Standard" CRMServerServiceabilityVersion="9.2.25032.00228">
  <SolutionManifest>
    <UniqueName>EndpointManager</UniqueName>
    <LocalizedNames>
      <LocalizedName description="Endpoint Manager" languagecode="1033" />
    </LocalizedNames>
    <Descriptions />
    <Version>2025.04.16.2</Version>
    <Managed>0</Managed>
    <Publisher>
      <UniqueName>PowerTricks</UniqueName>
      <LocalizedNames>
        <LocalizedName description="PowerTricks" languagecode="1033" />
      </LocalizedNames>
      <Descriptions />
      <EMailAddress>valentin.mazhar@gmail.com</EMailAddress>
      <SupportingWebsiteUrl>https://powertricks.io</SupportingWebsiteUrl>
      <CustomizationPrefix>ptricks</CustomizationPrefix>
      <CustomizationOptionValuePrefix>49392</CustomizationOptionValuePrefix>
      <Addresses>
        <Address>
          <AddressNumber>1</AddressNumber>
          <AddressTypeCode>1</AddressTypeCode>
          <City xsi:nil="true"></City>
          <County xsi:nil="true"></County>
          <Country xsi:nil="true"></Country>
          <Fax xsi:nil="true"></Fax>
          <FreightTermsCode xsi:nil="true"></FreightTermsCode>
          <ImportSequenceNumber xsi:nil="true"></ImportSequenceNumber>
          <Latitude xsi:nil="true"></Latitude>
          <Line1 xsi:nil="true"></Line1>
          <Line2 xsi:nil="true"></Line2>
          <Line3 xsi:nil="true"></Line3>
          <Longitude xsi:nil="true"></Longitude>
          <Name xsi:nil="true"></Name>
          <PostalCode xsi:nil="true"></PostalCode>
          <PostOfficeBox xsi:nil="true"></PostOfficeBox>
          <PrimaryContactName xsi:nil="true"></PrimaryContactName>
          <ShippingMethodCode>1</ShippingMethodCode>
          <StateOrProvince xsi:nil="true"></StateOrProvince>
          <Telephone1 xsi:nil="true"></Telephone1>
          <Telephone2 xsi:nil="true"></Telephone2>
          <Telephone3 xsi:nil="true"></Telephone3>
          <TimeZoneRuleVersionNumber xsi:nil="true"></TimeZoneRuleVersionNumber>
          <UPSZone xsi:nil="true"></UPSZone>
          <UTCOffset xsi:nil="true"></UTCOffset>
          <UTCConversionTimeZoneCode xsi:nil="true"></UTCConversionTimeZoneCode>
        </Address>
        <Address>
          <AddressNumber>2</AddressNumber>
          <AddressTypeCode>1</AddressTypeCode>
          <City xsi:nil="true"></City>
          <County xsi:nil="true"></County>
          <Country xsi:nil="true"></Country>
          <Fax xsi:nil="true"></Fax>
          <FreightTermsCode xsi:nil="true"></FreightTermsCode>
          <ImportSequenceNumber xsi:nil="true"></ImportSequenceNumber>
          <Latitude xsi:nil="true"></Latitude>
          <Line1 xsi:nil="true"></Line1>
          <Line2 xsi:nil="true"></Line2>
          <Line3 xsi:nil="true"></Line3>
          <Longitude xsi:nil="true"></Longitude>
          <Name xsi:nil="true"></Name>
          <PostalCode xsi:nil="true"></PostalCode>
          <PostOfficeBox xsi:nil="true"></PostOfficeBox>
          <PrimaryContactName xsi:nil="true"></PrimaryContactName>
          <ShippingMethodCode>1</ShippingMethodCode>
          <StateOrProvince xsi:nil="true"></StateOrProvince>
          <Telephone1 xsi:nil="true"></Telephone1>
          <Telephone2 xsi:nil="true"></Telephone2>
          <Telephone3 xsi:nil="true"></Telephone3>
          <TimeZoneRuleVersionNumber xsi:nil="true"></TimeZoneRuleVersionNumber>
          <UPSZone xsi:nil="true"></UPSZone>
          <UTCOffset xsi:nil="true"></UTCOffset>
          <UTCConversionTimeZoneCode xsi:nil="true"></UTCConversionTimeZoneCode>
        </Address>
      </Addresses>
    </Publisher>
    <RootComponents>
      <RootComponent type="1" schemaName="ptricks_datapolicies" behavior="0" />
      <RootComponent type="1" schemaName="ptricks_endpointrule" behavior="0" />
      <RootComponent type="1" schemaName="ptricks_endpointruleset" behavior="0" />
      <RootComponent type="1" schemaName="ptricks_rulesetdeployment" behavior="0" />
      <RootComponent type="1" schemaName="ptricks_supportedconnector" behavior="0" />
      <RootComponent type="29" id="{22459429-280c-f011-bae1-002248202064}" behavior="0" />
      <RootComponent type="29" id="{6c9081d2-050f-f011-9989-002248202064}" behavior="0" />
      <RootComponent type="29" id="{7c3e94a6-e409-f011-bae2-002248202064}" behavior="0" />
      <RootComponent type="61" schemaName="ptricks_/Images/Table/ClipboardTaskListRtl.svg" behavior="0" />
      <RootComponent type="61" schemaName="ptricks_/Images/Table/CollectionsAdd.svg" behavior="0" />
      <RootComponent type="61" schemaName="ptricks_/Images/Table/PlugDisconnected.svg" behavior="0" />
      <RootComponent type="61" schemaName="ptricks_/Images/Table/Rocket.svg" behavior="0" />
      <RootComponent type="61" schemaName="ptricks_/Images/Table/ShieldTask.svg" behavior="0" />
      <RootComponent type="61" schemaName="ptricks_/Images/Table/Stack.svg" behavior="0" />
      <RootComponent type="61" schemaName="ptricks_bulkcreaterules" behavior="0" />
      <RootComponent type="61" schemaName="ptricks_EndpointRuleSetFormCustomization" behavior="0" />
      <RootComponent type="62" schemaName="ptricks_EndpointManager" behavior="0" />
      <RootComponent type="80" schemaName="ptricks_EndpointManager" behavior="0" />
      <RootComponent type="92" id="{85dda85f-d30d-f011-9989-002248202064}" behavior="0" />
      <RootComponent type="92" id="{ee35ed7b-d30d-f011-9989-002248202064}" behavior="0" />
      <RootComponent type="300" schemaName="ptricks_bulkcreateendpointrules_57c5c" behavior="0" />
      <RootComponent type="300" schemaName="ptricks_endpointmanagerdefaultcommandlibrary_7e703" behavior="0" />
    </RootComponents>
    <MissingDependencies>
      <MissingDependency>
        <Required type="61" schemaName="msdyn_/Images/AppModule_Default_Icon.png" displayName="msdyn_/Images/AppModule_Default_Icon.png" solution="AppModuleWebResources (2.5)" />
        <Dependent type="80" schemaName="ptricks_EndpointManager" displayName="Endpoint Manager" />
      </MissingDependency>
      <MissingDependency>
        <Required type="61" schemaName="msdyn_CopilotIcon.svg" displayName="msdyn_CopilotIcon.svg" solution="msdyn_AppCopilotFeatures (9.2.0.0)">
          <package appName="PowerAppsAppCopilotApp Package" version="9.2.0.1">PowerAppsAppCopilotApp_Anchor (9.2.0.1)</package>
        </Required>
        <Dependent type="appaction" displayName="ptricks__msdyn_Mscrm.Form.Copilot.Summarize!ptricks_EndpointManager!ptricks_endpointruleset!0" id.uniquename="ptricks__msdyn_Mscrm.Form.Copilot.Summarize!ptricks_EndpointManager!ptricks_endpointruleset!0" />
      </MissingDependency>
      <MissingDependency>
        <Required type="61" schemaName="msdyn_CopilotSummarizeLibrary.js" displayName="msdyn_CopilotSummarizeLibrary.js" solution="msdyn_AppCopilotFeatures (9.2.0.0)">
          <package appName="PowerAppsAppCopilotApp Package" version="9.2.0.1">PowerAppsAppCopilotApp_Anchor (9.2.0.1)</package>
        </Required>
        <Dependent type="appaction" displayName="ptricks__msdyn_Mscrm.Form.Copilot.Summarize!ptricks_EndpointManager!ptricks_endpointruleset!0" id.uniquename="ptricks__msdyn_Mscrm.Form.Copilot.Summarize!ptricks_EndpointManager!ptricks_endpointruleset!0" />
      </MissingDependency>
      <MissingDependency>
        <Required type="90" schemaName="Microsoft.PowerFx.Evaluator, Microsoft.PowerFx.PlexPlugins, Version=1.0.0.0, Culture=neutral, PublicKeyToken=31bf3856ad364e35" displayName="Microsoft.PowerFx.Evaluator" solution="msft_PowerfxRuleSolution (1.0.0.71)" id="{462b3e8f-beb4-4981-9b87-a60c2162a9f7}">
          <package appName="PowerfxRuleApp Package" version="1.0.0.71">PowerfxRuleApp_Anchor (1.0.0.71)</package>
        </Required>
        <Dependent type="92" id="{85dda85f-d30d-f011-9989-002248202064}" />
      </MissingDependency>
      <MissingDependency>
        <Required type="90" schemaName="Microsoft.PowerFx.Evaluator, Microsoft.PowerFx.PlexPlugins, Version=1.0.0.0, Culture=neutral, PublicKeyToken=31bf3856ad364e35" displayName="Microsoft.PowerFx.Evaluator" solution="msft_PowerfxRuleSolution (1.0.0.71)" id="{462b3e8f-beb4-4981-9b87-a60c2162a9f7}">
          <package appName="PowerfxRuleApp Package" version="1.0.0.71">PowerfxRuleApp_Anchor (1.0.0.71)</package>
        </Required>
        <Dependent type="92" id="{ee35ed7b-d30d-f011-9989-002248202064}" />
      </MissingDependency>
      <MissingDependency>
        <Required type="appactionrule" displayName="msdyn_Mscrm.AssignPrimaryPermission!0" solution="msdyn_SystemAppActions (9.1.0.55)" id.uniquename="msdyn_Mscrm.AssignPrimaryPermission!0">
          <package appName="PowerAppsActions Package" version="9.1.0.55">PowerAppsActions_Anchor (9.1.0.55)</package>
        </Required>
        <Dependent type="appaction_appactionrule_classicrules" displayName="appactionid.uniquename=ptricks__Mscrm.Form.%7B!EntityLogicalName%7D.Assign!ptricks_EndpointManager!ptricks_endpointruleset!0,appactionruleid.uniquename=msdyn_Mscrm.AssignPrimaryPermission!0" id.appactionid.uniquename="ptricks__Mscrm.Form.{!EntityLogicalName}.Assign!ptricks_EndpointManager!ptricks_endpointruleset!0" id.appactionruleid.uniquename="msdyn_Mscrm.AssignPrimaryPermission!0" />
      </MissingDependency>
      <MissingDependency>
        <Required type="appactionrule" displayName="msdyn_Mscrm.AssignPrimaryPermission!1" solution="msdyn_SystemAppActions (9.1.0.55)" id.uniquename="msdyn_Mscrm.AssignPrimaryPermission!1">
          <package appName="PowerAppsActions Package" version="9.1.0.55">PowerAppsActions_Anchor (9.1.0.55)</package>
        </Required>
        <Dependent type="appaction_appactionrule_classicrules" displayName="appactionid.uniquename=ptricks__Mscrm.Form.%7B!EntityLogicalName%7D.Assign!ptricks_EndpointManager!ptricks_endpointruleset!0,appactionruleid.uniquename=msdyn_Mscrm.AssignPrimaryPermission!1" id.appactionid.uniquename="ptricks__Mscrm.Form.{!EntityLogicalName}.Assign!ptricks_EndpointManager!ptricks_endpointruleset!0" id.appactionruleid.uniquename="msdyn_Mscrm.AssignPrimaryPermission!1" />
      </MissingDependency>
      <MissingDependency>
        <Required type="appactionrule" displayName="msdyn_Mscrm.AvailableOnForm!0" solution="msdyn_SystemAppActions (9.1.0.55)" id.uniquename="msdyn_Mscrm.AvailableOnForm!0">
          <package appName="PowerAppsActions Package" version="9.1.0.55">PowerAppsActions_Anchor (9.1.0.55)</package>
        </Required>
        <Dependent type="appaction_appactionrule_classicrules" displayName="appactionid.uniquename=ptricks__Mscrm.Form.%7B!EntityLogicalName%7D.SaveAsComplete!ptricks_EndpointManager!ptricks_endpointruleset!0,appactionruleid.uniquename=msdyn_Mscrm.AvailableOnForm!0" id.appactionid.uniquename="ptricks__Mscrm.Form.{!EntityLogicalName}.SaveAsComplete!ptricks_EndpointManager!ptricks_endpointruleset!0" id.appactionruleid.uniquename="msdyn_Mscrm.AvailableOnForm!0" />
      </MissingDependency>
      <MissingDependency>
        <Required type="appactionrule" displayName="msdyn_Mscrm.CanSavePrimary!0" solution="msdyn_SystemAppActions (9.1.0.55)" id.uniquename="msdyn_Mscrm.CanSavePrimary!0">
          <package appName="PowerAppsActions Package" version="9.1.0.55">PowerAppsActions_Anchor (9.1.0.55)</package>
        </Required>
        <Dependent type="appaction_appactionrule_classicrules" displayName="appactionid.uniquename=ptricks__Mscrm.Form.%7B!EntityLogicalName%7D.SaveAsComplete!ptricks_EndpointManager!ptricks_endpointruleset!0,appactionruleid.uniquename=msdyn_Mscrm.CanSavePrimary!0" id.appactionid.uniquename="ptricks__Mscrm.Form.{!EntityLogicalName}.SaveAsComplete!ptricks_EndpointManager!ptricks_endpointruleset!0" id.appactionruleid.uniquename="msdyn_Mscrm.CanSavePrimary!0" />
      </MissingDependency>
      <MissingDependency>
        <Required type="appactionrule" displayName="msdyn_Mscrm.CanSavePrimaryEntityType!1" solution="msdyn_SystemAppActions (9.1.0.55)" id.uniquename="msdyn_Mscrm.CanSavePrimaryEntityType!1">
          <package appName="PowerAppsActions Package" version="9.1.0.55">PowerAppsActions_Anchor (9.1.0.55)</package>
        </Required>
        <Dependent type="appaction_appactionrule_classicrules" displayName="appactionid.uniquename=ptricks__Mscrm.Form.%7B!EntityLogicalName%7D.SaveAsComplete!ptricks_EndpointManager!ptricks_endpointruleset!0,appactionruleid.uniquename=msdyn_Mscrm.CanSavePrimaryEntityType!1" id.appactionid.uniquename="ptricks__Mscrm.Form.{!EntityLogicalName}.SaveAsComplete!ptricks_EndpointManager!ptricks_endpointruleset!0" id.appactionruleid.uniquename="msdyn_Mscrm.CanSavePrimaryEntityType!1" />
      </MissingDependency>
      <MissingDependency>
        <Required type="appactionrule" displayName="msdyn_Mscrm.CanWritePrimary!0" solution="msdyn_SystemAppActions (9.1.0.55)" id.uniquename="msdyn_Mscrm.CanWritePrimary!0">
          <package appName="PowerAppsActions Package" version="9.1.0.55">PowerAppsActions_Anchor (9.1.0.55)</package>
        </Required>
        <Dependent type="appaction_appactionrule_classicrules" displayName="appactionid.uniquename=ptricks__Mscrm.Form.%7B!EntityLogicalName%7D.Close!ptricks_EndpointManager!ptricks_endpointruleset!0,appactionruleid.uniquename=msdyn_Mscrm.CanWritePrimary!0" id.appactionid.uniquename="ptricks__Mscrm.Form.{!EntityLogicalName}.Close!ptricks_EndpointManager!ptricks_endpointruleset!0" id.appactionruleid.uniquename="msdyn_Mscrm.CanWritePrimary!0" />
      </MissingDependency>
      <MissingDependency>
        <Required type="appactionrule" displayName="msdyn_Mscrm.CanWritePrimary!1" solution="msdyn_SystemAppActions (9.1.0.55)" id.uniquename="msdyn_Mscrm.CanWritePrimary!1">
          <package appName="PowerAppsActions Package" version="9.1.0.55">PowerAppsActions_Anchor (9.1.0.55)</package>
        </Required>
        <Dependent type="appaction_appactionrule_classicrules" displayName="appactionid.uniquename=ptricks__Mscrm.Form.%7B!EntityLogicalName%7D.Close!ptricks_EndpointManager!ptricks_endpointruleset!0,appactionruleid.uniquename=msdyn_Mscrm.CanWritePrimary!1" id.appactionid.uniquename="ptricks__Mscrm.Form.{!EntityLogicalName}.Close!ptricks_EndpointManager!ptricks_endpointruleset!0" id.appactionruleid.uniquename="msdyn_Mscrm.CanWritePrimary!1" />
      </MissingDependency>
      <MissingDependency>
        <Required type="appactionrule" displayName="msdyn_Mscrm.CopilotClientApi!1" solution="msdyn_AppCopilotFeatures (9.2.0.0)" id.uniquename="msdyn_Mscrm.CopilotClientApi!1">
          <package appName="PowerAppsAppCopilotApp Package" version="9.2.0.1">PowerAppsAppCopilotApp_Anchor (9.2.0.1)</package>
        </Required>
        <Dependent type="appaction_appactionrule_classicrules" displayName="appactionid.uniquename=ptricks__msdyn_Mscrm.Form.Copilot.Summarize!ptricks_EndpointManager!ptricks_endpointruleset!0,appactionruleid.uniquename=msdyn_Mscrm.CopilotClientApi!1" id.appactionid.uniquename="ptricks__msdyn_Mscrm.Form.Copilot.Summarize!ptricks_EndpointManager!ptricks_endpointruleset!0" id.appactionruleid.uniquename="msdyn_Mscrm.CopilotClientApi!1" />
      </MissingDependency>
      <MissingDependency>
        <Required type="appactionrule" displayName="msdyn_Mscrm.EnableCopilotSummarizeCommandButton!1" solution="msdyn_AppCopilotFeatures (9.2.0.0)" id.uniquename="msdyn_Mscrm.EnableCopilotSummarizeCommandButton!1">
          <package appName="PowerAppsAppCopilotApp Package" version="9.2.0.1">PowerAppsAppCopilotApp_Anchor (9.2.0.1)</package>
        </Required>
        <Dependent type="appaction_appactionrule_classicrules" displayName="appactionid.uniquename=ptricks__msdyn_Mscrm.Form.Copilot.Summarize!ptricks_EndpointManager!ptricks_endpointruleset!0,appactionruleid.uniquename=msdyn_Mscrm.EnableCopilotSummarizeCommandButton!1" id.appactionid.uniquename="ptricks__msdyn_Mscrm.Form.Copilot.Summarize!ptricks_EndpointManager!ptricks_endpointruleset!0" id.appactionruleid.uniquename="msdyn_Mscrm.EnableCopilotSummarizeCommandButton!1" />
      </MissingDependency>
      <MissingDependency>
        <Required type="appactionrule" displayName="msdyn_Mscrm.EnableCopilotSummarizeFeatures!1" solution="msdyn_AppCopilotFeatures (9.2.0.0)" id.uniquename="msdyn_Mscrm.EnableCopilotSummarizeFeatures!1">
          <package appName="PowerAppsAppCopilotApp Package" version="9.2.0.1">PowerAppsAppCopilotApp_Anchor (9.2.0.1)</package>
        </Required>
        <Dependent type="appaction_appactionrule_classicrules" displayName="appactionid.uniquename=ptricks__msdyn_Mscrm.Form.Copilot.Summarize!ptricks_EndpointManager!ptricks_endpointruleset!0,appactionruleid.uniquename=msdyn_Mscrm.EnableCopilotSummarizeFeatures!1" id.appactionid.uniquename="ptricks__msdyn_Mscrm.Form.Copilot.Summarize!ptricks_EndpointManager!ptricks_endpointruleset!0" id.appactionruleid.uniquename="msdyn_Mscrm.EnableCopilotSummarizeFeatures!1" />
      </MissingDependency>
      <MissingDependency>
        <Required type="appactionrule" displayName="msdyn_Mscrm.FormStateNotNew!0" solution="msdyn_SystemAppActions (9.1.0.55)" id.uniquename="msdyn_Mscrm.FormStateNotNew!0">
          <package appName="PowerAppsActions Package" version="9.1.0.55">PowerAppsActions_Anchor (9.1.0.55)</package>
        </Required>
        <Dependent type="appaction_appactionrule_classicrules" displayName="appactionid.uniquename=ptricks__Mscrm.Form.%7B!EntityLogicalName%7D.Assign!ptricks_EndpointManager!ptricks_endpointruleset!0,appactionruleid.uniquename=msdyn_Mscrm.FormStateNotNew!0" id.appactionid.uniquename="ptricks__Mscrm.Form.{!EntityLogicalName}.Assign!ptricks_EndpointManager!ptricks_endpointruleset!0" id.appactionruleid.uniquename="msdyn_Mscrm.FormStateNotNew!0" />
      </MissingDependency>
      <MissingDependency>
        <Required type="appactionrule" displayName="msdyn_Mscrm.FormStateNotNew!0" solution="msdyn_SystemAppActions (9.1.0.55)" id.uniquename="msdyn_Mscrm.FormStateNotNew!0">
          <package appName="PowerAppsActions Package" version="9.1.0.55">PowerAppsActions_Anchor (9.1.0.55)</package>
        </Required>
        <Dependent type="appaction_appactionrule_classicrules" displayName="appactionid.uniquename=ptricks__Mscrm.Form.%7B!EntityLogicalName%7D.OpenActiveStage!ptricks_EndpointManager!ptricks_endpointruleset!0,appactionruleid.uniquename=msdyn_Mscrm.FormStateNotNew!0" id.appactionid.uniquename="ptricks__Mscrm.Form.{!EntityLogicalName}.OpenActiveStage!ptricks_EndpointManager!ptricks_endpointruleset!0" id.appactionruleid.uniquename="msdyn_Mscrm.FormStateNotNew!0" />
      </MissingDependency>
      <MissingDependency>
        <Required type="appactionrule" displayName="msdyn_Mscrm.FormStateNotNew!0" solution="msdyn_SystemAppActions (9.1.0.55)" id.uniquename="msdyn_Mscrm.FormStateNotNew!0">
          <package appName="PowerAppsActions Package" version="9.1.0.55">PowerAppsActions_Anchor (9.1.0.55)</package>
        </Required>
        <Dependent type="appaction_appactionrule_classicrules" displayName="appactionid.uniquename=ptricks__msdyn_Mscrm.Form.Copilot.Summarize!ptricks_EndpointManager!ptricks_endpointruleset!0,appactionruleid.uniquename=msdyn_Mscrm.FormStateNotNew!0" id.appactionid.uniquename="ptricks__msdyn_Mscrm.Form.Copilot.Summarize!ptricks_EndpointManager!ptricks_endpointruleset!0" id.appactionruleid.uniquename="msdyn_Mscrm.FormStateNotNew!0" />
      </MissingDependency>
      <MissingDependency>
        <Required type="appactionrule" displayName="msdyn_Mscrm.HideOnMobile!0" solution="msdyn_AppCopilotFeatures (9.2.0.0)" id.uniquename="msdyn_Mscrm.HideOnMobile!0">
          <package appName="PowerAppsAppCopilotApp Package" version="9.2.0.1">PowerAppsAppCopilotApp_Anchor (9.2.0.1)</package>
        </Required>
        <Dependent type="appaction_appactionrule_classicrules" displayName="appactionid.uniquename=ptricks__msdyn_Mscrm.Form.Copilot.Summarize!ptricks_EndpointManager!ptricks_endpointruleset!0,appactionruleid.uniquename=msdyn_Mscrm.HideOnMobile!0" id.appactionid.uniquename="ptricks__msdyn_Mscrm.Form.Copilot.Summarize!ptricks_EndpointManager!ptricks_endpointruleset!0" id.appactionruleid.uniquename="msdyn_Mscrm.HideOnMobile!0" />
      </MissingDependency>
      <MissingDependency>
        <Required type="appactionrule" displayName="msdyn_Mscrm.InitializeCopilotSidePaneOnBoot!1" solution="msdyn_AppCopilotFeatures (9.2.0.0)" id.uniquename="msdyn_Mscrm.InitializeCopilotSidePaneOnBoot!1">
          <package appName="PowerAppsAppCopilotApp Package" version="9.2.0.1">PowerAppsAppCopilotApp_Anchor (9.2.0.1)</package>
        </Required>
        <Dependent type="appaction_appactionrule_classicrules" displayName="appactionid.uniquename=ptricks__msdyn_Mscrm.Form.Copilot.Summarize!ptricks_EndpointManager!ptricks_endpointruleset!0,appactionruleid.uniquename=msdyn_Mscrm.InitializeCopilotSidePaneOnBoot!1" id.appactionid.uniquename="ptricks__msdyn_Mscrm.Form.Copilot.Summarize!ptricks_EndpointManager!ptricks_endpointruleset!0" id.appactionruleid.uniquename="msdyn_Mscrm.InitializeCopilotSidePaneOnBoot!1" />
      </MissingDependency>
      <MissingDependency>
        <Required type="appactionrule" displayName="msdyn_Mscrm.IsAppCopilotEnabled!0" solution="msdyn_AppCopilotFeatures (9.2.0.0)" id.uniquename="msdyn_Mscrm.IsAppCopilotEnabled!0">
          <package appName="PowerAppsAppCopilotApp Package" version="9.2.0.1">PowerAppsAppCopilotApp_Anchor (9.2.0.1)</package>
        </Required>
        <Dependent type="appaction_appactionrule_classicrules" displayName="appactionid.uniquename=ptricks__msdyn_Mscrm.Form.Copilot.Summarize!ptricks_EndpointManager!ptricks_endpointruleset!0,appactionruleid.uniquename=msdyn_Mscrm.IsAppCopilotEnabled!0" id.appactionid.uniquename="ptricks__msdyn_Mscrm.Form.Copilot.Summarize!ptricks_EndpointManager!ptricks_endpointruleset!0" id.appactionruleid.uniquename="msdyn_Mscrm.IsAppCopilotEnabled!0" />
      </MissingDependency>
      <MissingDependency>
        <Required type="appactionrule" displayName="msdyn_Mscrm.IsBPFEntityCustomizationFeatureEnabled!1" solution="msdyn_SystemAppActions (9.1.0.55)" id.uniquename="msdyn_Mscrm.IsBPFEntityCustomizationFeatureEnabled!1">
          <package appName="PowerAppsActions Package" version="9.1.0.55">PowerAppsActions_Anchor (9.1.0.55)</package>
        </Required>
        <Dependent type="appaction_appactionrule_classicrules" displayName="appactionid.uniquename=ptricks__Mscrm.Form.%7B!EntityLogicalName%7D.OpenActiveStage!ptricks_EndpointManager!ptricks_endpointruleset!0,appactionruleid.uniquename=msdyn_Mscrm.IsBPFEntityCustomizationFeatureEnabled!1" id.appactionid.uniquename="ptricks__Mscrm.Form.{!EntityLogicalName}.OpenActiveStage!ptricks_EndpointManager!ptricks_endpointruleset!0" id.appactionruleid.uniquename="msdyn_Mscrm.IsBPFEntityCustomizationFeatureEnabled!1" />
      </MissingDependency>
      <MissingDependency>
        <Required type="appactionrule" displayName="msdyn_Mscrm.IsEntityAvailableForUserInMocaOffline!0" solution="msdyn_SystemAppActions (9.1.0.55)" id.uniquename="msdyn_Mscrm.IsEntityAvailableForUserInMocaOffline!0">
          <package appName="PowerAppsActions Package" version="9.1.0.55">PowerAppsActions_Anchor (9.1.0.55)</package>
        </Required>
        <Dependent type="appaction_appactionrule_classicrules" displayName="appactionid.uniquename=ptricks__Mscrm.Form.%7B!EntityLogicalName%7D.SaveAsComplete!ptricks_EndpointManager!ptricks_endpointruleset!0,appactionruleid.uniquename=msdyn_Mscrm.IsEntityAvailableForUserInMocaOffline!0" id.appactionid.uniquename="ptricks__Mscrm.Form.{!EntityLogicalName}.SaveAsComplete!ptricks_EndpointManager!ptricks_endpointruleset!0" id.appactionruleid.uniquename="msdyn_Mscrm.IsEntityAvailableForUserInMocaOffline!0" />
      </MissingDependency>
      <MissingDependency>
        <Required type="appactionrule" displayName="msdyn_Mscrm.IsPUV2EntityCustomizationEnabled!1" solution="msdyn_SystemAppActions (9.1.0.55)" id.uniquename="msdyn_Mscrm.IsPUV2EntityCustomizationEnabled!1">
          <package appName="PowerAppsActions Package" version="9.1.0.55">PowerAppsActions_Anchor (9.1.0.55)</package>
        </Required>
        <Dependent type="appaction_appactionrule_classicrules" displayName="appactionid.uniquename=ptricks__Mscrm.Form.%7B!EntityLogicalName%7D.OpenActiveStage!ptricks_EndpointManager!ptricks_endpointruleset!0,appactionruleid.uniquename=msdyn_Mscrm.IsPUV2EntityCustomizationEnabled!1" id.appactionid.uniquename="ptricks__Mscrm.Form.{!EntityLogicalName}.OpenActiveStage!ptricks_EndpointManager!ptricks_endpointruleset!0" id.appactionruleid.uniquename="msdyn_Mscrm.IsPUV2EntityCustomizationEnabled!1" />
      </MissingDependency>
      <MissingDependency>
        <Required type="appactionrule" displayName="msdyn_Mscrm.NotClosedActivity!1" solution="msdyn_SystemAppActions (9.1.0.55)" id.uniquename="msdyn_Mscrm.NotClosedActivity!1">
          <package appName="PowerAppsActions Package" version="9.1.0.55">PowerAppsActions_Anchor (9.1.0.55)</package>
        </Required>
        <Dependent type="appaction_appactionrule_classicrules" displayName="appactionid.uniquename=ptricks__Mscrm.Form.%7B!EntityLogicalName%7D.Assign!ptricks_EndpointManager!ptricks_endpointruleset!0,appactionruleid.uniquename=msdyn_Mscrm.NotClosedActivity!1" id.appactionid.uniquename="ptricks__Mscrm.Form.{!EntityLogicalName}.Assign!ptricks_EndpointManager!ptricks_endpointruleset!0" id.appactionruleid.uniquename="msdyn_Mscrm.NotClosedActivity!1" />
      </MissingDependency>
      <MissingDependency>
        <Required type="appactionrule" displayName="msdyn_Mscrm.NotOffline!0" solution="msdyn_SystemAppActions (9.1.0.55)" id.uniquename="msdyn_Mscrm.NotOffline!0">
          <package appName="PowerAppsActions Package" version="9.1.0.55">PowerAppsActions_Anchor (9.1.0.55)</package>
        </Required>
        <Dependent type="appaction_appactionrule_classicrules" displayName="appactionid.uniquename=ptricks__Mscrm.Form.%7B!EntityLogicalName%7D.Assign!ptricks_EndpointManager!ptricks_endpointruleset!0,appactionruleid.uniquename=msdyn_Mscrm.NotOffline!0" id.appactionid.uniquename="ptricks__Mscrm.Form.{!EntityLogicalName}.Assign!ptricks_EndpointManager!ptricks_endpointruleset!0" id.appactionruleid.uniquename="msdyn_Mscrm.NotOffline!0" />
      </MissingDependency>
      <MissingDependency>
        <Required type="appactionrule" displayName="msdyn_Mscrm.OutlookRenderTypeWeb!1" solution="msdyn_SystemAppActions (9.1.0.55)" id.uniquename="msdyn_Mscrm.OutlookRenderTypeWeb!1">
          <package appName="PowerAppsActions Package" version="9.1.0.55">PowerAppsActions_Anchor (9.1.0.55)</package>
        </Required>
        <Dependent type="appaction_appactionrule_classicrules" displayName="appactionid.uniquename=ptricks__Mscrm.Form.%7B!EntityLogicalName%7D.Assign!ptricks_EndpointManager!ptricks_endpointruleset!0,appactionruleid.uniquename=msdyn_Mscrm.OutlookRenderTypeWeb!1" id.appactionid.uniquename="ptricks__Mscrm.Form.{!EntityLogicalName}.Assign!ptricks_EndpointManager!ptricks_endpointruleset!0" id.appactionruleid.uniquename="msdyn_Mscrm.OutlookRenderTypeWeb!1" />
      </MissingDependency>
      <MissingDependency>
        <Required type="appactionrule" displayName="msdyn_Mscrm.OutlookRenderTypeWeb!1" solution="msdyn_SystemAppActions (9.1.0.55)" id.uniquename="msdyn_Mscrm.OutlookRenderTypeWeb!1">
          <package appName="PowerAppsActions Package" version="9.1.0.55">PowerAppsActions_Anchor (9.1.0.55)</package>
        </Required>
        <Dependent type="appaction_appactionrule_classicrules" displayName="appactionid.uniquename=ptricks__Mscrm.Form.%7B!EntityLogicalName%7D.Close!ptricks_EndpointManager!ptricks_endpointruleset!0,appactionruleid.uniquename=msdyn_Mscrm.OutlookRenderTypeWeb!1" id.appactionid.uniquename="ptricks__Mscrm.Form.{!EntityLogicalName}.Close!ptricks_EndpointManager!ptricks_endpointruleset!0" id.appactionruleid.uniquename="msdyn_Mscrm.OutlookRenderTypeWeb!1" />
      </MissingDependency>
      <MissingDependency>
        <Required type="appactionrule" displayName="msdyn_Mscrm.OutlookRenderTypeWeb!1" solution="msdyn_SystemAppActions (9.1.0.55)" id.uniquename="msdyn_Mscrm.OutlookRenderTypeWeb!1">
          <package appName="PowerAppsActions Package" version="9.1.0.55">PowerAppsActions_Anchor (9.1.0.55)</package>
        </Required>
        <Dependent type="appaction_appactionrule_classicrules" displayName="appactionid.uniquename=ptricks__Mscrm.Form.%7B!EntityLogicalName%7D.OpenActiveStage!ptricks_EndpointManager!ptricks_endpointruleset!0,appactionruleid.uniquename=msdyn_Mscrm.OutlookRenderTypeWeb!1" id.appactionid.uniquename="ptricks__Mscrm.Form.{!EntityLogicalName}.OpenActiveStage!ptricks_EndpointManager!ptricks_endpointruleset!0" id.appactionruleid.uniquename="msdyn_Mscrm.OutlookRenderTypeWeb!1" />
      </MissingDependency>
      <MissingDependency>
        <Required type="appactionrule" displayName="msdyn_Mscrm.OutlookRenderTypeWeb!1" solution="msdyn_SystemAppActions (9.1.0.55)" id.uniquename="msdyn_Mscrm.OutlookRenderTypeWeb!1">
          <package appName="PowerAppsActions Package" version="9.1.0.55">PowerAppsActions_Anchor (9.1.0.55)</package>
        </Required>
        <Dependent type="appaction_appactionrule_classicrules" displayName="appactionid.uniquename=ptricks__Mscrm.Form.%7B!EntityLogicalName%7D.SaveAsComplete!ptricks_EndpointManager!ptricks_endpointruleset!0,appactionruleid.uniquename=msdyn_Mscrm.OutlookRenderTypeWeb!1" id.appactionid.uniquename="ptricks__Mscrm.Form.{!EntityLogicalName}.SaveAsComplete!ptricks_EndpointManager!ptricks_endpointruleset!0" id.appactionruleid.uniquename="msdyn_Mscrm.OutlookRenderTypeWeb!1" />
      </MissingDependency>
      <MissingDependency>
        <Required type="appactionrule" displayName="msdyn_Mscrm.PrimaryEntityHasStatecode!1" solution="msdyn_SystemAppActions (9.1.0.55)" id.uniquename="msdyn_Mscrm.PrimaryEntityHasStatecode!1">
          <package appName="PowerAppsActions Package" version="9.1.0.55">PowerAppsActions_Anchor (9.1.0.55)</package>
        </Required>
        <Dependent type="appaction_appactionrule_classicrules" displayName="appactionid.uniquename=ptricks__Mscrm.Form.%7B!EntityLogicalName%7D.Close!ptricks_EndpointManager!ptricks_endpointruleset!0,appactionruleid.uniquename=msdyn_Mscrm.PrimaryEntityHasStatecode!1" id.appactionid.uniquename="ptricks__Mscrm.Form.{!EntityLogicalName}.Close!ptricks_EndpointManager!ptricks_endpointruleset!0" id.appactionruleid.uniquename="msdyn_Mscrm.PrimaryEntityHasStatecode!1" />
      </MissingDependency>
      <MissingDependency>
        <Required type="appactionrule" displayName="msdyn_Mscrm.PrimaryEntityIsBPFEntity!1" solution="msdyn_SystemAppActions (9.1.0.55)" id.uniquename="msdyn_Mscrm.PrimaryEntityIsBPFEntity!1">
          <package appName="PowerAppsActions Package" version="9.1.0.55">PowerAppsActions_Anchor (9.1.0.55)</package>
        </Required>
        <Dependent type="appaction_appactionrule_classicrules" displayName="appactionid.uniquename=ptricks__Mscrm.Form.%7B!EntityLogicalName%7D.OpenActiveStage!ptricks_EndpointManager!ptricks_endpointruleset!0,appactionruleid.uniquename=msdyn_Mscrm.PrimaryEntityIsBPFEntity!1" id.appactionid.uniquename="ptricks__Mscrm.Form.{!EntityLogicalName}.OpenActiveStage!ptricks_EndpointManager!ptricks_endpointruleset!0" id.appactionruleid.uniquename="msdyn_Mscrm.PrimaryEntityIsBPFEntity!1" />
      </MissingDependency>
      <MissingDependency>
        <Required type="appactionrule" displayName="msdyn_Mscrm.PrimaryIsActive!1" solution="msdyn_SystemAppActions (9.1.0.55)" id.uniquename="msdyn_Mscrm.PrimaryIsActive!1">
          <package appName="PowerAppsActions Package" version="9.1.0.55">PowerAppsActions_Anchor (9.1.0.55)</package>
        </Required>
        <Dependent type="appaction_appactionrule_classicrules" displayName="appactionid.uniquename=ptricks__Mscrm.Form.%7B!EntityLogicalName%7D.Close!ptricks_EndpointManager!ptricks_endpointruleset!0,appactionruleid.uniquename=msdyn_Mscrm.PrimaryIsActive!1" id.appactionid.uniquename="ptricks__Mscrm.Form.{!EntityLogicalName}.Close!ptricks_EndpointManager!ptricks_endpointruleset!0" id.appactionruleid.uniquename="msdyn_Mscrm.PrimaryIsActive!1" />
      </MissingDependency>
      <MissingDependency>
        <Required type="appactionrule" displayName="msdyn_Mscrm.PrimaryIsActivity!1" solution="msdyn_SystemAppActions (9.1.0.55)" id.uniquename="msdyn_Mscrm.PrimaryIsActivity!1">
          <package appName="PowerAppsActions Package" version="9.1.0.55">PowerAppsActions_Anchor (9.1.0.55)</package>
        </Required>
        <Dependent type="appaction_appactionrule_classicrules" displayName="appactionid.uniquename=ptricks__Mscrm.Form.%7B!EntityLogicalName%7D.Close!ptricks_EndpointManager!ptricks_endpointruleset!0,appactionruleid.uniquename=msdyn_Mscrm.PrimaryIsActivity!1" id.appactionid.uniquename="ptricks__Mscrm.Form.{!EntityLogicalName}.Close!ptricks_EndpointManager!ptricks_endpointruleset!0" id.appactionruleid.uniquename="msdyn_Mscrm.PrimaryIsActivity!1" />
      </MissingDependency>
      <MissingDependency>
        <Required type="appactionrule" displayName="msdyn_Mscrm.PrimaryIsActivity!1" solution="msdyn_SystemAppActions (9.1.0.55)" id.uniquename="msdyn_Mscrm.PrimaryIsActivity!1">
          <package appName="PowerAppsActions Package" version="9.1.0.55">PowerAppsActions_Anchor (9.1.0.55)</package>
        </Required>
        <Dependent type="appaction_appactionrule_classicrules" displayName="appactionid.uniquename=ptricks__Mscrm.Form.%7B!EntityLogicalName%7D.SaveAsComplete!ptricks_EndpointManager!ptricks_endpointruleset!0,appactionruleid.uniquename=msdyn_Mscrm.PrimaryIsActivity!1" id.appactionid.uniquename="ptricks__Mscrm.Form.{!EntityLogicalName}.SaveAsComplete!ptricks_EndpointManager!ptricks_endpointruleset!0" id.appactionruleid.uniquename="msdyn_Mscrm.PrimaryIsActivity!1" />
      </MissingDependency>
      <MissingDependency>
        <Required type="appactionrule" displayName="msdyn_Mscrm.ReadPrimaryPermission!0" solution="msdyn_SystemAppActions (9.1.0.55)" id.uniquename="msdyn_Mscrm.ReadPrimaryPermission!0">
          <package appName="PowerAppsActions Package" version="9.1.0.55">PowerAppsActions_Anchor (9.1.0.55)</package>
        </Required>
        <Dependent type="appaction_appactionrule_classicrules" displayName="appactionid.uniquename=ptricks__Mscrm.Form.%7B!EntityLogicalName%7D.SaveAsComplete!ptricks_EndpointManager!ptricks_endpointruleset!0,appactionruleid.uniquename=msdyn_Mscrm.ReadPrimaryPermission!0" id.appactionid.uniquename="ptricks__Mscrm.Form.{!EntityLogicalName}.SaveAsComplete!ptricks_EndpointManager!ptricks_endpointruleset!0" id.appactionruleid.uniquename="msdyn_Mscrm.ReadPrimaryPermission!0" />
      </MissingDependency>
      <MissingDependency>
        <Required type="SettingDefinition" displayName="AppChannel" solution="msdyn_AppFrameworkInfraExtensions (1.0.0.12)" id.uniquename="AppChannel">
          <package appName="PowerAppsAppFramework Package" version="1.0.0.17">PowerAppsAppFramework_Anchor (1.0.0.17)</package>
        </Required>
        <Dependent type="AppSetting" displayName="parentappmoduleid.uniquename=ptricks_EndpointManager,settingdefinitionid.uniquename=AppChannel" id.parentappmoduleid.uniquename="ptricks_EndpointManager" id.settingdefinitionid.uniquename="AppChannel" />
      </MissingDependency>
    </MissingDependencies>
  </SolutionManifest>
</ImportExportXml>