{
  "properties": {
    "connectionReferences": {
      "shared_powerplatformforadmins_1": {
        "runtimeSource": "embedded",
        "connection": {
          "connectionReferenceLogicalName": "ptricks_sharedpowerplatformforadmins_3a283"
        },
        "api": {
          "name": "shared_powerplatformforadmins"
        }
      },
      "shared_commondataserviceforapps_1": {
        "runtimeSource": "embedded",
        "connection": {
          "connectionReferenceLogicalName": "ptricks_sharedcommondataserviceforapps_cd495"
        },
        "api": {
          "name": "shared_commondataserviceforapps"
        }
      }
    },
    "definition": {
      "$schema": "https://schema.management.azure.com/providers/Microsoft.Logic/schemas/2016-06-01/workflowdefinition.json#",
      "contentVersion": "1.0.0.0",
      "parameters": {
        "$connections": {
          "defaultValue": {},
          "type": "Object"
        },
        "$authentication": {
          "defaultValue": {},
          "type": "SecureObject"
        },
        "AppUsersGeneratorClientId (ptricks_AppUsersGeneratorClientId)": {
          "defaultValue": "49826a30-5fce-416a-8716-4478dbb34903",
          "type": "String",
          "metadata": {
            "schemaName": "ptricks_AppUsersGeneratorClientId"
          }
        }
      },
      "triggers": {
        "manual": {
          "metadata": {
            "operationMetadataId": "64dca194-d08e-4171-99e6-1ed24f621eb6"
          },
          "type": "Request",
          "kind": "Button",
          "inputs": {
            "schema": {
              "type": "object",
              "properties": {
                "text": {
                  "title": "botId",
                  "type": "string",
                  "x-ms-dynamically-added": true,
                  "description": "Please enter your input",
                  "x-ms-content-hint": "TEXT"
                },
                "text_1": {
                  "title": "environmentId",
                  "type": "string",
                  "x-ms-dynamically-added": true,
                  "description": "Please enter your input",
                  "x-ms-content-hint": "TEXT"
                },
                "text_2": {
                  "title": "tenantId",
                  "type": "string",
                  "x-ms-dynamically-added": true,
                  "description": "Please enter your input",
                  "x-ms-content-hint": "TEXT"
                }
              },
              "required": [
                "text",
                "text_1",
                "text_2"
              ]
            }
          }
        }
      },
      "actions": {
        "Scope_Main": {
          "actions": {
            "Run_a_Child_Flow_-_Enable_or_Create_the_App_Users": {
              "runAfter": {},
              "metadata": {
                "operationMetadataId": "e711464e-2b1c-49fa-8914-06d5874b63d6"
              },
              "type": "Workflow",
              "inputs": {
                "host": {
                  "workflowReferenceName": "4ac1ae31-adef-ee11-904c-000d3a4eedfe"
                },
                "body": {
                  "text": "@triggerBody()['text_1']",
                  "text_1": "System Administrator"
                }
              }
            },
            "Scope_Delete_Bot": {
              "actions": {
                "Get_Environment_as_Admin": {
                  "runAfter": {},
                  "metadata": {
                    "operationMetadataId": "66ec7c00-44bb-4c5f-a03c-5b5bc6a22b49"
                  },
                  "type": "OpenApiConnection",
                  "inputs": {
                    "host": {
                      "connectionName": "shared_powerplatformforadmins_1",
                      "operationId": "GetSingleEnvironment",
                      "apiId": "/providers/Microsoft.PowerApps/apis/shared_powerplatformforadmins"
                    },
                    "parameters": {
                      "environment": "@triggerBody()['text_1']",
                      "api-version": "2018-10-01"
                    },
                    "authentication": {
                      "type": "Raw",
                      "value": "@json(decodeBase64(triggerOutputs().headers['X-MS-APIM-Tokens']))['$ConnectionKey']"
                    }
                  }
                },
                "Perform_an_unbound_action_-_Get_App_Secret": {
                  "runAfter": {
                    "Get_Environment_as_Admin": [
                      "Succeeded"
                    ]
                  },
                  "metadata": {
                    "operationMetadataId": "08ce565a-241f-42b6-9388-c6a99cdf233a"
                  },
                  "type": "OpenApiConnection",
                  "inputs": {
                    "host": {
                      "connectionName": "shared_commondataserviceforapps_1",
                      "operationId": "PerformUnboundAction",
                      "apiId": "/providers/Microsoft.PowerApps/apis/shared_commondataserviceforapps"
                    },
                    "parameters": {
                      "actionName": "RetrieveEnvironmentVariableSecretValue",
                      "item/EnvironmentVariableName": "ptricks_AppUsersGeneratorSecret"
                    },
                    "authentication": {
                      "type": "Raw",
                      "value": "@json(decodeBase64(triggerOutputs().headers['X-MS-APIM-Tokens']))['$ConnectionKey']"
                    }
                  },
                  "runtimeConfiguration": {
                    "secureData": {
                      "properties": [
                        "outputs"
                      ]
                    }
                  }
                },
                "HTTP_Delete_Bot": {
                  "runAfter": {
                    "Perform_an_unbound_action_-_Get_App_Secret": [
                      "Succeeded"
                    ]
                  },
                  "metadata": {
                    "operationMetadataId": "638a8959-f7ef-4c1a-bac4-3b7f9be0e7f6"
                  },
                  "type": "Http",
                  "inputs": {
                    "method": "POST",
                    "uri": "@{outputs('Get_Environment_as_Admin')?['body/properties/linkedEnvironmentMetadata/instanceApiUrl']}/api/data/v9.2/bots(@{triggerBody()['text']})/Microsoft.Dynamics.CRM.PvaDeleteBot?tag=deprovisionbotondelete",
                    "authentication": {
                      "type": "ActiveDirectoryOAuth",
                      "tenant": "@triggerBody()['text_2']",
                      "audience": "@outputs('Get_Environment_as_Admin')?['body/properties/linkedEnvironmentMetadata/instanceApiUrl']",
                      "clientId": "@parameters('AppUsersGeneratorClientId (ptricks_AppUsersGeneratorClientId)')",
                      "secret": "@outputs('Perform_an_unbound_action_-_Get_App_Secret')?['body/EnvironmentVariableSecretValue']"
                    }
                  }
                }
              },
              "runAfter": {
                "Run_a_Child_Flow_-_Enable_or_Create_the_App_Users": [
                  "Succeeded"
                ]
              },
              "metadata": {
                "operationMetadataId": "edaa9d7a-d4fd-4444-bcbd-438db62228a9"
              },
              "type": "Scope"
            },
            "Run_a_Child_Flow_-_Disable_the_App_User_for_Security": {
              "runAfter": {
                "Scope_Delete_Bot": [
                  "Succeeded"
                ]
              },
              "metadata": {
                "operationMetadataId": "c1bd6387-fd5f-462e-b9c9-751fdeea062d"
              },
              "type": "Workflow",
              "inputs": {
                "host": {
                  "workflowReferenceName": "bac52459-bcef-ee11-904c-000d3a4eedfe"
                },
                "body": {
                  "text": "@triggerBody()['text_1']"
                }
              }
            },
            "Respond_to_a_PowerApp_or_flow_2": {
              "runAfter": {
                "Run_a_Child_Flow_-_Disable_the_App_User_for_Security": [
                  "Succeeded"
                ]
              },
              "metadata": {
                "operationMetadataId": "46e46df3-3ed7-422e-bafe-d06ac839733d"
              },
              "type": "Response",
              "kind": "PowerApp",
              "inputs": {
                "statusCode": 200,
                "body": {
                  "result": "Succeeded",
                  "reason": "@{concat('https://make.powerautomate.com/manage/environments/', workflow()['tags']['environmentName'], '/flows/', workflow()['name'], '/runs/', workflow()['run']['name'])}"
                },
                "schema": {
                  "type": "object",
                  "properties": {
                    "result": {
                      "title": "Result",
                      "x-ms-dynamically-added": true,
                      "type": "string"
                    },
                    "reason": {
                      "title": "Reason",
                      "x-ms-dynamically-added": true,
                      "type": "string"
                    }
                  }
                }
              }
            }
          },
          "runAfter": {},
          "metadata": {
            "operationMetadataId": "5fb0d5b6-c82b-4f13-a9c9-c57bf85cb356"
          },
          "type": "Scope"
        },
        "Scope_Exception": {
          "actions": {
            "Respond_to_a_PowerApp_or_flow": {
              "runAfter": {},
              "metadata": {
                "operationMetadataId": "77086930-f6a6-42bc-84eb-6647ec75ac3d"
              },
              "type": "Response",
              "kind": "PowerApp",
              "inputs": {
                "statusCode": 200,
                "body": {
                  "result": "Failed",
                  "reason": "@{concat('https://make.powerautomate.com/manage/environments/',workflow()['tags']['environmentName'],'/flows/',workflow()['name'],'/runs/',workflow()['run']['name'])\r\n}"
                },
                "schema": {
                  "type": "object",
                  "properties": {
                    "result": {
                      "title": "Result",
                      "x-ms-dynamically-added": true,
                      "type": "string"
                    },
                    "reason": {
                      "title": "Reason",
                      "x-ms-dynamically-added": true,
                      "type": "string"
                    }
                  }
                }
              }
            },
            "Terminate": {
              "runAfter": {
                "Respond_to_a_PowerApp_or_flow": [
                  "Succeeded"
                ]
              },
              "metadata": {
                "operationMetadataId": "ba4e6e8a-5055-42d4-b970-da281f6710cb"
              },
              "type": "Terminate",
              "inputs": {
                "runStatus": "Failed"
              }
            }
          },
          "runAfter": {
            "Scope_Main": [
              "Failed",
              "TimedOut"
            ]
          },
          "metadata": {
            "operationMetadataId": "2a38730c-510c-493f-a25e-a247fec1e6ba"
          },
          "type": "Scope"
        }
      },
      "outputs": {}
    },
    "templateName": ""
  },
  "schemaVersion": "1.0.0.0"
}