<environmentvariabledefinition schemaname="ptricks_PpacReportsSPFolderPathPowerPagesAnonymous">
  <description default="Relative Folder Path where the Power Pages reports are uploaded for anonymous usage. Example &quot;/Shared Documents/PpacReports/PowerPages/Anonymous&quot;">
    <label description="Relative Folder Path where the Power Pages reports are uploaded for anonymous usage. Example &quot;/Shared Documents/PpacReports/PowerPages/Anonymous&quot;" languagecode="1033" />
  </description>
  <displayname default="PpacReportsSPFolderPathPowerPagesAnonymous">
    <label description="PpacReportsSPFolderPathPowerPagesAnonymous" languagecode="1033" />
  </displayname>
  <introducedversion>1.0.0.0</introducedversion>
  <iscustomizable>1</iscustomizable>
  <isrequired>0</isrequired>
  <secretstore>0</secretstore>
  <type>100000000</type>
</environmentvariabledefinition>