{
  "properties": {
    "connectionReferences": {
      "shared_powerplatformforadmins": {
        "runtimeSource": "invoker",
        "connection": {
          "connectionReferenceLogicalName": "ptricks_sharedpowerplatformforadmins_556a6"
        },
        "api": {
          "name": "shared_powerplatformforadmins"
        }
      }
    },
    "definition": {
      "$schema": "https://schema.management.azure.com/providers/Microsoft.Logic/schemas/2016-06-01/workflowdefinition.json#",
      "contentVersion": "1.0.0.0",
      "parameters": {
        "$connections": {
          "defaultValue": {},
          "type": "Object"
        },
        "$authentication": {
          "defaultValue": {},
          "type": "SecureObject"
        }
      },
      "triggers": {
        "manual": {
          "metadata": {
            "operationMetadataId": "bd69909c-9998-4b2d-80ee-bc6eef7d2670"
          },
          "type": "Request",
          "kind": "PowerAppV2",
          "inputs": {
            "schema": {
              "type": "object",
              "properties": {},
              "required": []
            }
          }
        }
      },
      "actions": {
        "Scope_Execution": {
          "actions": {
            "List_DLP_Policies_V2": {
              "runAfter": {},
              "metadata": {
                "operationMetadataId": "932db2ab-2913-45ce-a7d1-fade2d6e6cca"
              },
              "type": "OpenApiConnection",
              "inputs": {
                "host": {
                  "connectionName": "shared_powerplatformforadmins",
                  "operationId": "ListPoliciesV2",
                  "apiId": "/providers/Microsoft.PowerApps/apis/shared_powerplatformforadmins"
                },
                "parameters": {},
                "authentication": "@parameters('$authentication')"
              }
            },
            "Select_Required_Info": {
              "runAfter": {
                "List_DLP_Policies_V2": [
                  "Succeeded"
                ]
              },
              "metadata": {
                "operationMetadataId": "ce5da9e0-c200-4ccf-aca4-ddd711119768"
              },
              "type": "Select",
              "inputs": {
                "from": "@outputs('List_DLP_Policies_V2')?['body/value']",
                "select": {
                  "environmentType": "@item()?['environmentType']",
                  "displayName": "@item()?['displayName']",
                  "name": "@item()?['name']",
                  "defaultGroup": "@item()?['defaultConnectorsClassification']",
                  "createdTime": "@item()?['createdTime']"
                }
              }
            },
            "Respond_to_a_PowerApp_or_flow": {
              "runAfter": {
                "Compose_All_tenant_Dlps": [
                  "Succeeded"
                ]
              },
              "metadata": {
                "operationMetadataId": "1accad53-9467-4dac-a01b-54495f6ba8ec"
              },
              "type": "Response",
              "kind": "PowerApp",
              "inputs": {
                "statusCode": 200,
                "body": {
                  "alltenantdlps": "@{outputs('Compose_All_tenant_Dlps')}"
                },
                "schema": {
                  "type": "object",
                  "properties": {
                    "alltenantdlps": {
                      "title": "allTenantDlps",
                      "x-ms-dynamically-added": true,
                      "type": "string"
                    }
                  }
                }
              }
            },
            "Compose_All_tenant_Dlps": {
              "runAfter": {
                "Filter_array_remove_Env_Dlps": [
                  "Succeeded"
                ]
              },
              "metadata": {
                "operationMetadataId": "1baf4717-ec71-4d3d-b8e5-b6dbcc8cee56"
              },
              "type": "Compose",
              "inputs": "@body('Filter_array_remove_Env_Dlps')"
            },
            "Filter_array_remove_Env_Dlps": {
              "runAfter": {
                "Select_Required_Info": [
                  "Succeeded"
                ]
              },
              "metadata": {
                "operationMetadataId": "8a65fcf9-ef4d-4ec6-a11f-11291f5cece3"
              },
              "type": "Query",
              "inputs": {
                "from": "@body('Select_Required_Info')",
                "where": "@not(equals(item()?['environmentType'], 'SingleEnvironment'))"
              }
            }
          },
          "runAfter": {},
          "metadata": {
            "operationMetadataId": "baf6c272-ca3c-4fe5-9dfa-761bba239f2e"
          },
          "type": "Scope"
        },
        "Scope_Error": {
          "actions": {
            "Respond_to_a_PowerApp_or_flow_2": {
              "runAfter": {},
              "metadata": {
                "operationMetadataId": "1accad53-9467-4dac-a01b-54495f6ba8ec"
              },
              "type": "Response",
              "kind": "PowerApp",
              "inputs": {
                "statusCode": 200,
                "body": {
                  "alltenantdlps": "error"
                },
                "schema": {
                  "type": "object",
                  "properties": {
                    "alltenantdlps": {
                      "title": "allTenantDlps",
                      "x-ms-dynamically-added": true,
                      "type": "string"
                    }
                  }
                }
              }
            }
          },
          "runAfter": {
            "Scope_Execution": [
              "Skipped",
              "Failed",
              "TimedOut"
            ]
          },
          "metadata": {
            "operationMetadataId": "e91fadfd-418a-47c8-80de-3250e352919a"
          },
          "type": "Scope"
        }
      },
      "outputs": {}
    },
    "templateName": ""
  },
  "schemaVersion": "1.0.0.0"
}