{
  "properties": {
    "connectionReferences": {
      "shared_powerplatformforadmins": {
        "runtimeSource": "invoker",
        "connection": {
          "connectionReferenceLogicalName": "ptricks_sharedpowerplatformforadmins_556a6"
        },
        "api": {
          "name": "shared_powerplatformforadmins"
        }
      }
    },
    "definition": {
      "$schema": "https://schema.management.azure.com/providers/Microsoft.Logic/schemas/2016-06-01/workflowdefinition.json#",
      "contentVersion": "1.0.0.0",
      "parameters": {
        "$connections": {
          "defaultValue": {},
          "type": "Object"
        },
        "$authentication": {
          "defaultValue": {},
          "type": "SecureObject"
        }
      },
      "triggers": {
        "manual": {
          "metadata": {
            "operationMetadataId": "5f6105ee-b206-484d-89bb-7c29bcef819c"
          },
          "type": "Request",
          "kind": "PowerAppV2",
          "inputs": {
            "schema": {
              "type": "object",
              "properties": {
                "text": {
                  "title": "envName",
                  "type": "string",
                  "x-ms-dynamically-added": true,
                  "description": "Please enter your input",
                  "x-ms-content-hint": "TEXT"
                }
              },
              "required": [
                "text"
              ]
            }
          }
        }
      },
      "actions": {
        "Scope_Execution": {
          "actions": {
            "List_DLP_Policies_V2": {
              "runAfter": {},
              "metadata": {
                "operationMetadataId": "e1776c6c-a1e4-41df-a0e6-29a35d7ee80c"
              },
              "type": "OpenApiConnection",
              "inputs": {
                "host": {
                  "connectionName": "shared_powerplatformforadmins",
                  "operationId": "ListPoliciesV2",
                  "apiId": "/providers/Microsoft.PowerApps/apis/shared_powerplatformforadmins"
                },
                "parameters": {},
                "authentication": "@parameters('$authentication')"
              }
            },
            "Select_DLPs_Key_info": {
              "runAfter": {
                "List_DLP_Policies_V2": [
                  "Succeeded"
                ]
              },
              "metadata": {
                "operationMetadataId": "fde3ec76-7dcc-434a-a243-05765e8c0735"
              },
              "type": "Select",
              "inputs": {
                "from": "@outputs('List_DLP_Policies_V2')?['body/value']",
                "select": {
                  "name": "@item()?['name']",
                  "displayName": "@item()?['displayName']",
                  "environmentType": "@item()?['environmentType']",
                  "environments": "@item()?['environments']"
                }
              }
            },
            "Apply_to_each_DLP": {
              "foreach": "@body('Select_DLPs_Key_info')",
              "actions": {
                "Select_Includes_Envs": {
                  "runAfter": {},
                  "metadata": {
                    "operationMetadataId": "b4e615a0-b760-4d47-b8d9-8f97a1ec8896"
                  },
                  "type": "Select",
                  "inputs": {
                    "from": "@item()?['environments']",
                    "select": "@item()?['name']"
                  }
                },
                "Switch_on_environmentType": {
                  "runAfter": {
                    "Select_Includes_Envs": [
                      "Succeeded"
                    ]
                  },
                  "cases": {
                    "Case_AllEnvironments": {
                      "case": "AllEnvironments",
                      "actions": {
                        "Append_to_varDlpsApplied": {
                          "runAfter": {},
                          "metadata": {
                            "operationMetadataId": "3e7c5ae3-f833-48be-ac04-1857ede27cdf"
                          },
                          "type": "AppendToArrayVariable",
                          "inputs": {
                            "name": "varDlpsApplied",
                            "value": {
                              "name": "@item()?['name']",
                              "displayName": "@item()?['displayName']",
                              "description": "Applies to all environments"
                            }
                          }
                        }
                      }
                    },
                    "Case_ExceptEnvironments": {
                      "case": "ExceptEnvironments",
                      "actions": {
                        "Condition_add_if_not_excluded": {
                          "actions": {
                            "Append_to_varDlpsApplied_2": {
                              "runAfter": {},
                              "metadata": {
                                "operationMetadataId": "b11ceb8e-fc49-42c9-be3f-cd08f50f1ee5"
                              },
                              "type": "AppendToArrayVariable",
                              "inputs": {
                                "name": "varDlpsApplied",
                                "value": {
                                  "name": "@items('Apply_to_each_DLP')?['name']",
                                  "displayName": "@items('Apply_to_each_DLP')?['displayName']",
                                  "description": "Not excluded from DLP"
                                }
                              }
                            }
                          },
                          "runAfter": {},
                          "expression": {
                            "not": {
                              "contains": [
                                "@body('Select_Includes_Envs')",
                                "@triggerBody()['text']"
                              ]
                            }
                          },
                          "metadata": {
                            "operationMetadataId": "57bbf277-4226-44e9-9da4-37231e387159"
                          },
                          "type": "If"
                        }
                      }
                    },
                    "Case_OnlyEnvironments": {
                      "case": "OnlyEnvironments",
                      "actions": {
                        "Condition_add_if_included": {
                          "actions": {
                            "Append_to_varDlpsApplied_3": {
                              "runAfter": {},
                              "metadata": {
                                "operationMetadataId": "7aebf18d-4c3c-4a1e-ad88-4afa3d615c22"
                              },
                              "type": "AppendToArrayVariable",
                              "inputs": {
                                "name": "varDlpsApplied",
                                "value": {
                                  "name": "@items('Apply_to_each_DLP')?['name']",
                                  "displayName": "@items('Apply_to_each_DLP')?['displayName']",
                                  "description": "Included in DLP"
                                }
                              }
                            }
                          },
                          "runAfter": {},
                          "expression": {
                            "contains": [
                              "@body('Select_Includes_Envs')",
                              "@triggerBody()['text']"
                            ]
                          },
                          "metadata": {
                            "operationMetadataId": "d4659514-516d-4e9b-9fac-fef983b18dfb"
                          },
                          "type": "If"
                        }
                      }
                    }
                  },
                  "default": {
                    "actions": {}
                  },
                  "expression": "@item()?['environmentType']",
                  "metadata": {
                    "operationMetadataId": "e86089e4-fdeb-4f10-b580-078b7b28d7be"
                  },
                  "type": "Switch"
                }
              },
              "runAfter": {
                "Select_DLPs_Key_info": [
                  "Succeeded"
                ]
              },
              "metadata": {
                "operationMetadataId": "8193462b-48f5-4713-94e4-70b2c9badd53"
              },
              "type": "Foreach",
              "runtimeConfiguration": {
                "concurrency": {
                  "repetitions": 50
                }
              }
            },
            "Compose_DLPs_Applied": {
              "runAfter": {
                "Apply_to_each_DLP": [
                  "Succeeded"
                ]
              },
              "metadata": {
                "operationMetadataId": "3935f820-07a0-4a9b-bb05-24f7349e3b1a"
              },
              "type": "Compose",
              "inputs": "@variables('varDlpsApplied')"
            },
            "Respond_to_a_PowerApp_or_flow": {
              "runAfter": {
                "Compose_DLPs_Applied": [
                  "Succeeded"
                ]
              },
              "metadata": {
                "operationMetadataId": "eaf235b3-d176-4106-8ede-5316c508f65b"
              },
              "type": "Response",
              "kind": "PowerApp",
              "inputs": {
                "statusCode": 200,
                "body": {
                  "applieddlps": "@{outputs('Compose_DLPs_Applied')}"
                },
                "schema": {
                  "type": "object",
                  "properties": {
                    "applieddlps": {
                      "title": "appliedDlps",
                      "x-ms-dynamically-added": true,
                      "type": "string"
                    }
                  }
                }
              }
            }
          },
          "runAfter": {
            "Initialize_varDlpsApplied": [
              "Succeeded"
            ]
          },
          "metadata": {
            "operationMetadataId": "31d11463-b39c-4973-b527-86be1c0fbaff"
          },
          "type": "Scope"
        },
        "Initialize_varDlpsApplied": {
          "runAfter": {},
          "metadata": {
            "operationMetadataId": "3e019662-d87a-466f-80d6-3e4c551ddba8"
          },
          "type": "InitializeVariable",
          "inputs": {
            "variables": [
              {
                "name": "varDlpsApplied",
                "type": "array"
              }
            ]
          }
        },
        "Scope_Error": {
          "actions": {
            "Respond_to_a_PowerApp_or_flow_2": {
              "runAfter": {},
              "metadata": {
                "operationMetadataId": "eaf235b3-d176-4106-8ede-5316c508f65b"
              },
              "type": "Response",
              "kind": "PowerApp",
              "inputs": {
                "statusCode": 200,
                "body": {
                  "applieddlps": "error"
                },
                "schema": {
                  "type": "object",
                  "properties": {
                    "applieddlps": {
                      "title": "appliedDlps",
                      "x-ms-dynamically-added": true,
                      "type": "string"
                    }
                  }
                }
              }
            }
          },
          "runAfter": {
            "Scope_Execution": [
              "Failed",
              "Skipped",
              "TimedOut"
            ]
          },
          "metadata": {
            "operationMetadataId": "c86754d6-b106-4c24-8fb9-87b5e97ebb37"
          },
          "type": "Scope"
        }
      },
      "outputs": {}
    },
    "templateName": ""
  },
  "schemaVersion": "1.0.0.0"
}