{
  "properties": {
    "connectionReferences": {
      "shared_webcontents": {
        "runtimeSource": "embedded",
        "connection": {
          "connectionReferenceLogicalName": "ptricks_PpacReportsHTTPwithAzureADGraphAPI"
        },
        "api": {
          "name": "shared_webcontents"
        }
      },
      "shared_webcontents_1": {
        "runtimeSource": "embedded",
        "connection": {
          "connectionReferenceLogicalName": "ptricks_PpacReportsHTTPwithAzureADLicensingAPI"
        },
        "api": {
          "name": "shared_webcontents"
        }
      },
      "shared_sharepointonline": {
        "runtimeSource": "embedded",
        "connection": {
          "connectionReferenceLogicalName": "ptricks_sharedsharepointonline_74526"
        },
        "api": {
          "name": "shared_sharepointonline"
        }
      }
    },
    "definition": {
      "$schema": "https://schema.management.azure.com/providers/Microsoft.Logic/schemas/2016-06-01/workflowdefinition.json#",
      "contentVersion": "1.0.0.0",
      "parameters": {
        "$connections": {
          "defaultValue": {},
          "type": "Object"
        },
        "$authentication": {
          "defaultValue": {},
          "type": "SecureObject"
        },
        "PpacReportsNumberDelay (ptricks_PpacReportsNumberDelay)": {
          "defaultValue": 1,
          "type": "Int",
          "metadata": {
            "schemaName": "ptricks_PpacReportsNumberDelay",
            "description": "Delay in minutes to wait for report generation. Can be set to 1 minute but might need to be increased for large tenants"
          }
        },
        "PpacReportsSPSite (ptricks_PpacReportsSPSite)": {
          "defaultValue": "https://powertricks.sharepoint.com/sites/PpacReports",
          "type": "String",
          "metadata": {
            "schemaName": "ptricks_PpacReportsSPSite",
            "description": "SharePoint site where the reports are uploaded"
          }
        },
        "PpacReportsSPFolderPathAIBuilder (ptricks_PpacReportsSPFolderPathAIBuilder)": {
          "defaultValue": "/Shared Documents/AIBuilderReports",
          "type": "String",
          "metadata": {
            "schemaName": "ptricks_PpacReportsSPFolderPathAIBuilder",
            "description": "Relative Folder Path where the AI Builder reports are uploaded. Example \"/Shared Documents/AIBuilderReports\""
          }
        },
        "PpacReportsSPFolderPathRequestsLicensedUsers (ptricks_PpacReportsSPFolderPathRequestsLicensedUsers)": {
          "defaultValue": "/Shared Documents/PowerPlatformRequestReports/LicensedUsers",
          "type": "String",
          "metadata": {
            "schemaName": "ptricks_PpacReportsSPFolderPathRequestsLicensedUsers",
            "description": "Relative Folder Path where the requests reports are uploaded for licensed users. Example \"/Shared Documents/Requests/LicensedUsers\""
          }
        },
        "PpacReportsSPFolderPathRequestsNonLicensedUsers (ptricks_PpacReportsSPFolderPathRequestsNonLicensedUsers)": {
          "defaultValue": "/Shared Documents/PowerPlatformRequestReports/NonLicensedUsers",
          "type": "String",
          "metadata": {
            "schemaName": "ptricks_PpacReportsSPFolderPathRequestsNonLicensedUsers",
            "description": "Relative Folder Path where the requests reports are uploaded for non licensed users. Example \"/Shared Documents/Requests/NonLicensedUsers\""
          }
        },
        "PpacReportsSPFolderPathRequestsFlows (ptricks_PpacReportsSPFolderPathRequestsFlows)": {
          "defaultValue": "/Shared Documents/PowerPlatformRequestReports/Flows",
          "type": "String",
          "metadata": {
            "schemaName": "ptricks_PpacReportsSPFolderPathRequestsFlows",
            "description": "Relative Folder Path where the requests reports are uploaded for licensed flows. Example \"/Shared Documents/Requests/Flows\""
          }
        },
        "PpacReportsSPFolderPathPowerPagesAuth (ptricks_PpacReportsSPFolderPathPowerPagesAuth)": {
          "defaultValue": "/Shared Documents/PowerPages/Authenticated",
          "type": "String",
          "metadata": {
            "schemaName": "ptricks_PpacReportsSPFolderPathPowerPagesAuth",
            "description": "Relative Folder Path where the Power Pages reports are uploaded for authenticated usage. Example \"/Shared Documents/PowerPages/Authenticated\""
          }
        },
        "PpacReportsSPFolderPathPowerPagesAnonymous (ptricks_PpacReportsSPFolderPathPowerPagesAnonymous)": {
          "defaultValue": "/Shared Documents/PowerPages/Anonymous",
          "type": "String",
          "metadata": {
            "schemaName": "ptricks_PpacReportsSPFolderPathPowerPagesAnonymous",
            "description": "Relative Folder Path where the Power Pages reports are uploaded for anonymous usage. Example \"/Shared Documents/PowerPages/Anonymous\""
          }
        }
      },
      "triggers": {
        "manual": {
          "metadata": {
            "operationMetadataId": "dc93c07a-ada5-4e74-b3dc-b3846721ff7e"
          },
          "type": "Request",
          "kind": "Button",
          "inputs": {
            "schema": {
              "type": "object",
              "properties": {
                "text": {
                  "title": "StartDate",
                  "type": "string",
                  "x-ms-dynamically-added": true,
                  "description": "Please enter your input",
                  "x-ms-content-hint": "TEXT"
                },
                "text_1": {
                  "title": "EndDate",
                  "type": "string",
                  "x-ms-dynamically-added": true,
                  "description": "Please enter your input",
                  "x-ms-content-hint": "TEXT"
                },
                "text_3": {
                  "title": "ReportType",
                  "type": "string",
                  "x-ms-dynamically-added": true,
                  "description": "Please enter your input",
                  "x-ms-content-hint": "TEXT",
                  "enum": [
                    "AIByUserAndEnvironment",
                    "ApiByLicensedUser",
                    "ApiByNonLicensedUser",
                    "ApiByFlow",
                    "PowerPagesAnonymous",
                    "PowerPagesAuthenticated"
                  ]
                },
                "text_2": {
                  "title": "IsAdhoc",
                  "type": "string",
                  "x-ms-dynamically-added": true,
                  "description": "Please enter your input",
                  "x-ms-content-hint": "TEXT",
                  "enum": [
                    "Auto",
                    "Adhoc"
                  ]
                }
              },
              "required": [
                "text",
                "text_1",
                "text_3"
              ]
            }
          }
        }
      },
      "actions": {
        "Main": {
          "actions": {
            "Get_Tenant_ID": {
              "runAfter": {},
              "metadata": {
                "operationMetadataId": "7b2a4fa7-9e3f-40bb-b5d4-4a544e7c02fc"
              },
              "type": "OpenApiConnection",
              "inputs": {
                "host": {
                  "apiId": "/providers/Microsoft.PowerApps/apis/shared_webcontents",
                  "connectionName": "shared_webcontents",
                  "operationId": "InvokeHttp"
                },
                "parameters": {
                  "request/method": "GET",
                  "request/url": "https://graph.microsoft.com/v1.0/organization?$select=id"
                },
                "authentication": "@parameters('$authentication')"
              }
            },
            "Parse_Tenant_ID_JSON": {
              "runAfter": {
                "Get_Tenant_ID": [
                  "Succeeded"
                ]
              },
              "metadata": {
                "operationMetadataId": "37135736-34d1-4673-a5fc-96cb170ca119"
              },
              "type": "ParseJson",
              "inputs": {
                "content": "@first(body('Get_Tenant_ID')['value'])",
                "schema": {
                  "type": "object",
                  "properties": {
                    "id": {
                      "type": "string"
                    }
                  },
                  "required": [
                    "id"
                  ]
                }
              }
            },
            "Start_API_report_generation": {
              "runAfter": {
                "Parse_Tenant_ID_JSON": [
                  "Succeeded"
                ]
              },
              "metadata": {
                "operationMetadataId": "45a9a189-386f-4a3c-8973-8c79b7982c25"
              },
              "type": "OpenApiConnection",
              "inputs": {
                "host": {
                  "apiId": "/providers/Microsoft.PowerApps/apis/shared_webcontents",
                  "connectionName": "shared_webcontents_1",
                  "operationId": "InvokeHttp"
                },
                "parameters": {
                  "request/method": "POST",
                  "request/url": "https://licensing.powerplatform.microsoft.com/v0.1-alpha/tenants/@{body('Parse_Tenant_ID_JSON')['id']}/TenantConsumptionReport/GenerateReportURL",
                  "request/body": "{\n  \"consumptionReportDownload\": \"\",\n  \"endDate\": \"@{triggerBody()['text_1']}\",\n  \"forceRegenerate\": true,\n  \"reportType\": \"@{triggerBody()['text_3']}\",\n  \"startDate\": \"@{triggerBody()['text']}\",\n  \"status\": \"None\",\n  \"tenantId\": \"@{body('Parse_Tenant_ID_JSON')['id']}\"\n}"
                },
                "authentication": "@parameters('$authentication')"
              }
            },
            "Delay": {
              "runAfter": {
                "Start_API_report_generation": [
                  "Succeeded"
                ]
              },
              "metadata": {
                "operationMetadataId": "40b15645-af6a-452f-bc56-0b7ea05451ef"
              },
              "type": "Wait",
              "inputs": {
                "interval": {
                  "count": "@parameters('PpacReportsNumberDelay (ptricks_PpacReportsNumberDelay)')",
                  "unit": "Minute"
                }
              }
            },
            "Download_API_calls_report": {
              "runAfter": {
                "Delay": [
                  "Succeeded"
                ]
              },
              "metadata": {
                "operationMetadataId": "357935b9-7e3c-4963-ad05-d686c3a15e2f"
              },
              "type": "OpenApiConnection",
              "inputs": {
                "host": {
                  "apiId": "/providers/Microsoft.PowerApps/apis/shared_webcontents",
                  "connectionName": "shared_webcontents_1",
                  "operationId": "InvokeHttp"
                },
                "parameters": {
                  "request/method": "POST",
                  "request/url": "https://licensing.powerplatform.microsoft.com/v0.1-alpha/tenants/@{body('Parse_Tenant_ID_JSON')['id']}/TenantConsumptionReport/DownloadReport",
                  "request/body": "{\n  \"startDate\": \"@{triggerBody()['text']}\",\n  \"endDate\": \"@{triggerBody()['text_1']}\",\n  \"reportType\": \"@{triggerBody()['text_3']}\",\n  \"status\": \"None\",\n  \"tenantId\": \"@{body('Parse_Tenant_ID_JSON')['id']}\"\n}"
                },
                "authentication": "@parameters('$authentication')"
              }
            },
            "Create_file": {
              "runAfter": {
                "Set_FolderPath": [
                  "Succeeded"
                ]
              },
              "metadata": {
                "operationMetadataId": "dd795fd3-e2fe-407d-81d4-07992c7f5be8"
              },
              "type": "OpenApiConnection",
              "inputs": {
                "host": {
                  "apiId": "/providers/Microsoft.PowerApps/apis/shared_sharepointonline",
                  "connectionName": "shared_sharepointonline",
                  "operationId": "CreateFile"
                },
                "parameters": {
                  "dataset": "@parameters('PpacReportsSPSite (ptricks_PpacReportsSPSite)')",
                  "folderPath": "@variables('FolderPath')",
                  "name": "@variables('FileName')",
                  "body": "@body('Download_API_calls_report')"
                },
                "authentication": "@parameters('$authentication')"
              }
            },
            "Filter_MappingToSharePoint": {
              "runAfter": {
                "Download_API_calls_report": [
                  "Succeeded"
                ]
              },
              "metadata": {
                "operationMetadataId": "46d7f36a-f7f2-4ae5-84cf-f73da960722b"
              },
              "type": "Query",
              "inputs": {
                "from": "@variables('MappingToSharePoint')",
                "where": "@equals(item()?['type'], triggerBody()['text_3'])"
              }
            },
            "Append_to_FileName": {
              "runAfter": {
                "Filter_MappingToSharePoint": [
                  "Succeeded"
                ]
              },
              "metadata": {
                "operationMetadataId": "877ee1e4-480a-4db6-8cf6-535d18ec1b29"
              },
              "type": "AppendToStringVariable",
              "inputs": {
                "name": "FileName",
                "value": "@first(body('Filter_MappingToSharePoint'))?['fileName']"
              }
            },
            "Set_FolderPath": {
              "runAfter": {
                "Append_to_FileName": [
                  "Succeeded"
                ]
              },
              "metadata": {
                "operationMetadataId": "673a3bf5-0ba3-484e-a9d7-d719d1438108"
              },
              "type": "SetVariable",
              "inputs": {
                "name": "FolderPath",
                "value": "@{first(body('Filter_MappingToSharePoint'))?['folderPath']}"
              }
            }
          },
          "runAfter": {
            "Initialize_MappingToSharePoint": [
              "Succeeded"
            ]
          },
          "metadata": {
            "operationMetadataId": "6bea41a1-a01f-4cff-9791-f61223e7df26"
          },
          "type": "Scope"
        },
        "Failure": {
          "actions": {
            "Filter_array": {
              "runAfter": {},
              "metadata": {
                "operationMetadataId": "ab920ab0-fcca-4bb6-9ffb-1683b4b23035"
              },
              "type": "Query",
              "inputs": {
                "from": "@result('Main')",
                "where": "@equals(item()?['Status'],'Failed')"
              }
            },
            "Failure_Response": {
              "runAfter": {
                "Filter_array": [
                  "Succeeded"
                ]
              },
              "metadata": {
                "operationMetadataId": "b2cf6f7a-b205-4d4f-b107-d0e22addf11c"
              },
              "type": "Response",
              "kind": "Http",
              "inputs": {
                "statusCode": 400,
                "body": "@first(body('Filter_array'))"
              }
            }
          },
          "runAfter": {
            "Main": [
              "Failed"
            ]
          },
          "metadata": {
            "operationMetadataId": "9f03b6c0-6e55-4400-937d-c53b087632a9"
          },
          "type": "Scope"
        },
        "Success": {
          "actions": {
            "Response": {
              "runAfter": {},
              "metadata": {
                "operationMetadataId": "4057940c-4292-4f50-a684-019d0d9ba1dd"
              },
              "type": "Response",
              "kind": "Http",
              "inputs": {
                "statusCode": 200,
                "body": "@{parameters('PpacReportsSPSite (ptricks_PpacReportsSPSite)')}/@{outputs('Create_file')?['body/Path']}"
              }
            }
          },
          "runAfter": {
            "Main": [
              "Succeeded"
            ]
          },
          "metadata": {
            "operationMetadataId": "de0c80f4-5c53-4513-9195-587a3371d4af"
          },
          "type": "Scope"
        },
        "TimeOut": {
          "actions": {
            "TimeOut_Response": {
              "runAfter": {},
              "metadata": {
                "operationMetadataId": "cef69e1c-8058-4792-b3ca-7f898fe9f6f1"
              },
              "type": "Response",
              "kind": "Http",
              "inputs": {
                "statusCode": 408
              }
            }
          },
          "runAfter": {
            "Main": [
              "TimedOut"
            ]
          },
          "metadata": {
            "operationMetadataId": "fe7804f7-a511-4dad-a763-9f3c193a1326"
          },
          "type": "Scope"
        },
        "Initialize_FileName": {
          "runAfter": {},
          "metadata": {
            "operationMetadataId": "1f20cca6-b0b9-484e-9fd2-d6df91dd5318"
          },
          "type": "InitializeVariable",
          "inputs": {
            "variables": [
              {
                "name": "FileName",
                "type": "string",
                "value": "@{formatDateTime(triggerBody()['text'],'yyyy-MM-dd')}_@{formatDateTime(triggerBody()['text_1'],'yyyy-MM-dd')}_@{If(Equals(triggerBody()?['text_2'],'Adhoc'),'Adhoc_',null)}"
              }
            ]
          }
        },
        "Initialize_FolderPath": {
          "runAfter": {
            "Initialize_FileName": [
              "Succeeded"
            ]
          },
          "metadata": {
            "operationMetadataId": "094243b3-3e22-4fd3-9c84-3c4e6e7a0823"
          },
          "type": "InitializeVariable",
          "inputs": {
            "variables": [
              {
                "name": "FolderPath",
                "type": "string"
              }
            ]
          }
        },
        "Initialize_MappingToSharePoint": {
          "runAfter": {
            "Initialize_FolderPath": [
              "Succeeded"
            ]
          },
          "metadata": {
            "operationMetadataId": "e8947c01-5d8e-4dc7-b5e7-e868909fdef5"
          },
          "type": "InitializeVariable",
          "inputs": {
            "variables": [
              {
                "name": "MappingToSharePoint",
                "type": "array",
                "value": [
                  {
                    "type": "AIByUserAndEnvironment",
                    "fileName": "AIBuilder.csv",
                    "folderPath": "@{parameters('PpacReportsSPFolderPathAIBuilder (ptricks_PpacReportsSPFolderPathAIBuilder)')}"
                  },
                  {
                    "type": "ApiByLicensedUser",
                    "fileName": "PowerPlatformRequestsLicensedUsers.csv",
                    "folderPath": "@{parameters('PpacReportsSPFolderPathRequestsLicensedUsers (ptricks_PpacReportsSPFolderPathRequestsLicensedUsers)')}"
                  },
                  {
                    "type": "ApiByNonLicensedUser",
                    "fileName": "PowerPlatformRequestsNonLicensedUsers.csv",
                    "folderPath": "@{parameters('PpacReportsSPFolderPathRequestsNonLicensedUsers (ptricks_PpacReportsSPFolderPathRequestsNonLicensedUsers)')}"
                  },
                  {
                    "type": "ApiByFlow",
                    "fileName": "PowerPlatformRequestsFlows.csv",
                    "folderPath": "@{parameters('PpacReportsSPFolderPathRequestsFlows (ptricks_PpacReportsSPFolderPathRequestsFlows)')}"
                  },
                  {
                    "type": "PowerPagesAnonymous",
                    "fileName": "PowerPagesAnonymous.csv",
                    "folderPath": "@{parameters('PpacReportsSPFolderPathPowerPagesAnonymous (ptricks_PpacReportsSPFolderPathPowerPagesAnonymous)')}"
                  },
                  {
                    "type": "PowerPagesAuthenticated",
                    "fileName": "PowerPagesAuthenticated.csv",
                    "folderPath": "@{parameters('PpacReportsSPFolderPathPowerPagesAuth (ptricks_PpacReportsSPFolderPathPowerPagesAuth)')}"
                  }
                ]
              }
            ]
          }
        }
      },
      "outputs": {}
    },
    "templateName": null
  },
  "schemaVersion": "1.0.0.0"
}