<ImportExportXml version="9.2.24031.194" SolutionPackageVersion="9.2" languagecode="1033" generatedBy="CrmLive" xmlns:xsi="http://www.w3.org/2001/XMLSchema-instance">
  <SolutionManifest>
    <UniqueName>OwnershipToolbox</UniqueName>
    <LocalizedNames>
      <LocalizedName description="OwnershipToolbox" languagecode="1033" />
    </LocalizedNames>
    <Descriptions />
    <Version>2024.04.02.3</Version>
    <Managed>1</Managed>
    <Publisher>
      <UniqueName>PowerTricks</UniqueName>
      <LocalizedNames>
        <LocalizedName description="PowerTricks" languagecode="1033" />
      </LocalizedNames>
      <Descriptions />
      <EMailAddress>valentin.mazhar@gmail.com</EMailAddress>
      <SupportingWebsiteUrl>https://powertricks.io</SupportingWebsiteUrl>
      <CustomizationPrefix>ptricks</CustomizationPrefix>
      <CustomizationOptionValuePrefix>49392</CustomizationOptionValuePrefix>
      <Addresses>
        <Address>
          <AddressNumber>1</AddressNumber>
          <AddressTypeCode>1</AddressTypeCode>
          <City xsi:nil="true"></City>
          <County xsi:nil="true"></County>
          <Country xsi:nil="true"></Country>
          <Fax xsi:nil="true"></Fax>
          <FreightTermsCode xsi:nil="true"></FreightTermsCode>
          <ImportSequenceNumber xsi:nil="true"></ImportSequenceNumber>
          <Latitude xsi:nil="true"></Latitude>
          <Line1 xsi:nil="true"></Line1>
          <Line2 xsi:nil="true"></Line2>
          <Line3 xsi:nil="true"></Line3>
          <Longitude xsi:nil="true"></Longitude>
          <Name xsi:nil="true"></Name>
          <PostalCode xsi:nil="true"></PostalCode>
          <PostOfficeBox xsi:nil="true"></PostOfficeBox>
          <PrimaryContactName xsi:nil="true"></PrimaryContactName>
          <ShippingMethodCode>1</ShippingMethodCode>
          <StateOrProvince xsi:nil="true"></StateOrProvince>
          <Telephone1 xsi:nil="true"></Telephone1>
          <Telephone2 xsi:nil="true"></Telephone2>
          <Telephone3 xsi:nil="true"></Telephone3>
          <TimeZoneRuleVersionNumber xsi:nil="true"></TimeZoneRuleVersionNumber>
          <UPSZone xsi:nil="true"></UPSZone>
          <UTCOffset xsi:nil="true"></UTCOffset>
          <UTCConversionTimeZoneCode xsi:nil="true"></UTCConversionTimeZoneCode>
        </Address>
        <Address>
          <AddressNumber>2</AddressNumber>
          <AddressTypeCode>1</AddressTypeCode>
          <City xsi:nil="true"></City>
          <County xsi:nil="true"></County>
          <Country xsi:nil="true"></Country>
          <Fax xsi:nil="true"></Fax>
          <FreightTermsCode xsi:nil="true"></FreightTermsCode>
          <ImportSequenceNumber xsi:nil="true"></ImportSequenceNumber>
          <Latitude xsi:nil="true"></Latitude>
          <Line1 xsi:nil="true"></Line1>
          <Line2 xsi:nil="true"></Line2>
          <Line3 xsi:nil="true"></Line3>
          <Longitude xsi:nil="true"></Longitude>
          <Name xsi:nil="true"></Name>
          <PostalCode xsi:nil="true"></PostalCode>
          <PostOfficeBox xsi:nil="true"></PostOfficeBox>
          <PrimaryContactName xsi:nil="true"></PrimaryContactName>
          <ShippingMethodCode>1</ShippingMethodCode>
          <StateOrProvince xsi:nil="true"></StateOrProvince>
          <Telephone1 xsi:nil="true"></Telephone1>
          <Telephone2 xsi:nil="true"></Telephone2>
          <Telephone3 xsi:nil="true"></Telephone3>
          <TimeZoneRuleVersionNumber xsi:nil="true"></TimeZoneRuleVersionNumber>
          <UPSZone xsi:nil="true"></UPSZone>
          <UTCOffset xsi:nil="true"></UTCOffset>
          <UTCConversionTimeZoneCode xsi:nil="true"></UTCConversionTimeZoneCode>
        </Address>
      </Addresses>
    </Publisher>
    <RootComponents>
      <RootComponent type="29" id="{7107653e-eaf0-ee11-904b-000d3a202756}" behavior="0" />
      <RootComponent type="300" schemaName="ptricks_ownershiptoolbox_b0472" behavior="0" />
    </RootComponents>
    <MissingDependencies>
      <MissingDependency>
        <Required type="1" schemaName="aaduser" displayName="Microsoft Entra ID" solution="MetadataExtension (1.0.2.91)" />
        <Dependent type="300" schemaName="ptricks_ownershiptoolbox_b0472" displayName="Ownership Toolbox" />
      </MissingDependency>
      <MissingDependency>
        <Required type="1" schemaName="admin_app" displayName="PowerApps App" solution="CenterofExcellenceCoreComponents (4.24)" />
        <Dependent type="300" schemaName="ptricks_ownershiptoolbox_b0472" displayName="Ownership Toolbox" />
      </MissingDependency>
      <MissingDependency>
        <Required type="1" schemaName="admin_environment" displayName="Environment" solution="CenterofExcellenceCoreComponents (4.24)" />
        <Dependent type="300" schemaName="ptricks_ownershiptoolbox_b0472" displayName="Ownership Toolbox" />
      </MissingDependency>
      <MissingDependency>
        <Required type="1" schemaName="admin_flow" displayName="Flow" solution="CenterofExcellenceCoreComponents (4.24)" />
        <Dependent type="29" displayName="Ownership Toolbox - Change Flow Main Owners" id="{7107653e-eaf0-ee11-904b-000d3a202756}" />
      </MissingDependency>
      <MissingDependency>
        <Required type="1" schemaName="admin_flow" displayName="Flow" solution="CenterofExcellenceCoreComponents (4.24)" />
        <Dependent type="300" schemaName="ptricks_ownershiptoolbox_b0472" displayName="Ownership Toolbox" />
      </MissingDependency>
      <MissingDependency>
        <Required type="1" schemaName="admin_maker" displayName="Maker" solution="CenterofExcellenceCoreComponents (4.24)" />
        <Dependent type="29" displayName="Ownership Toolbox - Change Flow Main Owners" id="{7107653e-eaf0-ee11-904b-000d3a202756}" />
      </MissingDependency>
      <MissingDependency>
        <Required type="1" schemaName="admin_maker" displayName="Maker" solution="CenterofExcellenceCoreComponents (4.24)" />
        <Dependent type="300" schemaName="ptricks_ownershiptoolbox_b0472" displayName="Ownership Toolbox" />
      </MissingDependency>
      <MissingDependency>
        <Required type="29" displayName="HELPER - Maker Check" solution="CenterofExcellenceCoreComponents (4.24)" id="{9301f01a-cb40-ec11-8c62-00224829b4c1}" />
        <Dependent type="29" displayName="Ownership Toolbox - Change Flow Main Owners" id="{7107653e-eaf0-ee11-904b-000d3a202756}" />
      </MissingDependency>
      <MissingDependency>
        <Required type="29" displayName="Ownership Updater Child - Main" solution="OwnershipUpdater (2024.04.02.0)" id="{b4a4adb4-68f0-ee11-904c-000d3a4eedfe}" />
        <Dependent type="29" displayName="Ownership Toolbox - Change Flow Main Owners" id="{7107653e-eaf0-ee11-904b-000d3a202756}" />
      </MissingDependency>
    </MissingDependencies>
  </SolutionManifest>
</ImportExportXml>