{
  "properties": {
    "connectionReferences": {
      "shared_commondataserviceforapps": {
        "runtimeSource": "embedded",
        "connection": {
          "connectionReferenceLogicalName": "ptricks_sharedcommondataserviceforapps_65c9c"
        },
        "api": {
          "name": "shared_commondataserviceforapps"
        }
      },
      "shared_office365-2": {
        "runtimeSource": "embedded",
        "connection": {
          "connectionReferenceLogicalName": "ptricks_sharedoffice365_2aaa0"
        },
        "api": {
          "name": "shared_office365"
        }
      }
    },
    "definition": {
      "$schema": "https://schema.management.azure.com/providers/Microsoft.Logic/schemas/2016-06-01/workflowdefinition.json#",
      "contentVersion": "1.0.0.0",
      "parameters": {
        "$authentication": {
          "defaultValue": {},
          "type": "SecureObject"
        },
        "$connections": {
          "defaultValue": {},
          "type": "Object"
        }
      },
      "triggers": {
        "When_a_row_is_added,_modified_or_deleted_(accident_is_recorded)": {
          "metadata": {
            "operationMetadataId": "a074725c-0e16-4b44-ac0d-6b40eb76717e"
          },
          "type": "OpenApiConnectionWebhook",
          "inputs": {
            "parameters": {
              "subscriptionRequest/message": 4,
              "subscriptionRequest/entityname": "ptricks_bpf_accidentrecording",
              "subscriptionRequest/scope": 4,
              "subscriptionRequest/name": "d8d21c06-d28a-ee11-8179-000d3adbb47b"
            },
            "host": {
              "apiId": "/providers/Microsoft.PowerApps/apis/shared_commondataserviceforapps",
              "operationId": "SubscribeWebhookTrigger",
              "connectionName": "shared_commondataserviceforapps"
            }
          },
          "conditions": [
            {
              "expression": "@Equals(triggerOutputs()['body/_statuscode_label'],'Finished')"
            }
          ]
        }
      },
      "actions": {
        "Get_a_row_by_ID_(details_from_accident)": {
          "runAfter": {},
          "metadata": {
            "operationMetadataId": "7850fe8c-46f8-46eb-9c63-4fdab05cd1d0"
          },
          "type": "OpenApiConnection",
          "inputs": {
            "parameters": {
              "entityName": "ptricks_accidents",
              "recordId": "@triggerOutputs()?['body/_bpf_ptricks_accidentid_value']"
            },
            "host": {
              "apiId": "/providers/Microsoft.PowerApps/apis/shared_commondataserviceforapps",
              "operationId": "GetItem",
              "connectionName": "shared_commondataserviceforapps"
            }
          }
        },
        "Send_an_email_(V2)_(inform_head_of_safety)": {
          "runAfter": {
            "Get_a_row_by_ID_(details_from_accident)": [
              "Succeeded"
            ]
          },
          "metadata": {
            "operationMetadataId": "663f222e-9fb6-47f4-acdf-83bd0ed095c4"
          },
          "type": "OpenApiConnection",
          "inputs": {
            "parameters": {
              "emailMessage/To": "ValAdmin@powertricks.onmicrosoft.com",
              "emailMessage/Subject": "New Accident Reported: @{outputs('Get_a_row_by_ID_(details_from_accident)')?['body/ptricks_accidentnumber']}",
              "emailMessage/Body": "<p>A new accident was reported.<br>\nAccident Description: @{outputs('Get_a_row_by_ID_(details_from_accident)')?['body/ptricks_accidentdescription']}<br>\nAccident Date: @{outputs('Get_a_row_by_ID_(details_from_accident)')?['body/ptricks_accidentdate']}</p>",
              "emailMessage/Importance": "Normal"
            },
            "host": {
              "apiId": "/providers/Microsoft.PowerApps/apis/shared_office365",
              "operationId": "SendEmailV2",
              "connectionName": "shared_office365-2"
            }
          }
        }
      },
      "outputs": {}
    },
    "templateName": null
  },
  "schemaVersion": "1.0.0.0"
}