<environmentvariabledefinition schemaname="ptricks_PpacReportsNumberSoonestReport">
  <defaultvalue>3</defaultvalue>
  <description default="Number of days before today that we can get the report for. Default is 3, meaning that each day the reports will be extracted related to 3 days ago. 3 is the latest confirmed number, if less than 3 the reports might come out empty">
    <label description="Number of days before today that we can get the report for. Default is 3, meaning that each day the reports will be extracted related to 3 days ago. 3 is the latest confirmed number, if less than 3 the reports might come out empty" languagecode="1033" />
  </description>
  <displayname default="PpacReportsNumberSoonestReport">
    <label description="PpacReportsNumberSoonestReport" languagecode="1033" />
  </displayname>
  <introducedversion>2024.10.22.0</introducedversion>
  <iscustomizable>1</iscustomizable>
  <isrequired>0</isrequired>
  <secretstore>0</secretstore>
  <type>100000001</type>
</environmentvariabledefinition>