<environmentvariabledefinition schemaname="ptricks_LpcTextSnapshotFrequency">
  <description default="Day, Week, or Month">
    <label description="Day, Week, or Month" languagecode="1033" />
  </description>
  <displayname default="LpcTextSnapshotFrequency">
    <label description="LpcTextSnapshotFrequency" languagecode="1033" />
  </displayname>
  <introducedversion>2024.10.30.2</introducedversion>
  <iscustomizable>1</iscustomizable>
  <isrequired>0</isrequired>
  <secretstore>0</secretstore>
  <type>100000000</type>
</environmentvariabledefinition>