{
  "fxexpression": {
    "@uniquename": "ptricks_SetEndpointRuleNameonCreate",
    "category": "0",
    "context": "{\"Tables\":[\"ptricks_endpointrule\",\"ptricks_supportedconnector\"],\"CustomApis\":[],\"ConnectionReferences\":[],\"TabularConnectionReferences\":[],\"ActionConnectorConnectionReferences\":[]}",
    "entitylogicalname": "ptricks_endpointrule",
    "iscustomizable": "1",
    "messagename": "Create",
    "name": "Set Endpoint Rule Name on Create",
    "statecode": "0",
    "statuscode": "1"
  }
}