{
  "properties": {
    "connectionReferences": {
      "shared_commondataserviceforapps_1": {
        "runtimeSource": "embedded",
        "connection": {
          "connectionReferenceLogicalName": "ptricks_sharedcommondataserviceforapps_ced1f"
        },
        "api": {
          "name": "shared_commondataserviceforapps"
        }
      },
      "shared_office365_1": {
        "runtimeSource": "embedded",
        "connection": {
          "connectionReferenceLogicalName": "ptricks_sharedoffice365_8eb79"
        },
        "api": {
          "name": "shared_office365"
        }
      }
    },
    "definition": {
      "$schema": "https://schema.management.azure.com/providers/Microsoft.Logic/schemas/2016-06-01/workflowdefinition.json#",
      "contentVersion": "1.0.0.0",
      "parameters": {
        "$connections": {
          "defaultValue": {},
          "type": "Object"
        },
        "$authentication": {
          "defaultValue": {},
          "type": "SecureObject"
        },
        "EpmTenantId (ptricks_EpmTenantId)": {
          "defaultValue": "58f1a3b1-81b9-4355-8de1-fa00d6102a86",
          "type": "String",
          "metadata": {
            "schemaName": "ptricks_EpmTenantId"
          }
        },
        "EpmClientId (ptricks_EpmClientId)": {
          "defaultValue": "3839d13e-4741-43b6-9e0b-ec2540bf3575",
          "type": "String",
          "metadata": {
            "schemaName": "ptricks_EpmClientId"
          }
        },
        "EpmEmailFailure (ptricks_EpmEmailFailure)": {
          "defaultValue": "valadmin@powertricks.onmicrosoft.com",
          "type": "String",
          "metadata": {
            "schemaName": "ptricks_EpmEmailFailure",
            "description": "Email address used to send emails to and from in case of failures"
          }
        }
      },
      "triggers": {
        "When_a_row_is_added,_modified_or_deleted": {
          "metadata": {
            "operationMetadataId": "44e9bc9b-7e57-4111-9a65-fa66f1e4f085"
          },
          "type": "OpenApiConnectionWebhook",
          "inputs": {
            "host": {
              "connectionName": "shared_commondataserviceforapps_1",
              "operationId": "SubscribeWebhookTrigger",
              "apiId": "/providers/Microsoft.PowerApps/apis/shared_commondataserviceforapps"
            },
            "parameters": {
              "subscriptionRequest/message": 1,
              "subscriptionRequest/entityname": "ptricks_rulesetdeployment",
              "subscriptionRequest/scope": 4
            },
            "authentication": "@parameters('$authentication')"
          }
        }
      },
      "actions": {
        "Scope_Main": {
          "actions": {
            "Scope_update_DLP": {
              "actions": {
                "Perform_an_unbound_action_-_get_secret": {
                  "runAfter": {},
                  "metadata": {
                    "operationMetadataId": "81559147-30c7-498a-a993-aa51920fba8c"
                  },
                  "type": "OpenApiConnection",
                  "inputs": {
                    "host": {
                      "connectionName": "shared_commondataserviceforapps_1",
                      "operationId": "PerformUnboundAction",
                      "apiId": "/providers/Microsoft.PowerApps/apis/shared_commondataserviceforapps"
                    },
                    "parameters": {
                      "actionName": "RetrieveEnvironmentVariableSecretValue",
                      "item/EnvironmentVariableName": "ptricks_EpmSecret"
                    },
                    "authentication": "@parameters('$authentication')"
                  }
                },
                "Condition_if_endpointConfigurationRule_exists": {
                  "actions": {
                    "HTTP_GET_Endpoint_Filtering_Rules": {
                      "runAfter": {},
                      "metadata": {
                        "operationMetadataId": "d5c3887d-8e72-4143-88ef-c72d54ebb44d"
                      },
                      "type": "Http",
                      "inputs": {
                        "method": "GET",
                        "uri": "https://api.bap.microsoft.com/providers/PowerPlatform.Governance/v1/tenants/@{parameters('EpmTenantId (ptricks_EpmTenantId)')}/policies/@{triggerOutputs()?['body/_ptricks_datapolicy_value']}/policyconnectorconfigurations",
                        "authentication": {
                          "type": "ActiveDirectoryOAuth",
                          "tenant": "@parameters('EpmTenantId (ptricks_EpmTenantId)')",
                          "audience": "https://api.bap.microsoft.com",
                          "clientId": "@parameters('EpmClientId (ptricks_EpmClientId)')",
                          "secret": "@outputs('Perform_an_unbound_action_-_get_secret')?['body/EnvironmentVariableSecretValue']"
                        }
                      }
                    },
                    "HTTP_POST_Endpoint_Filtering_Rules": {
                      "runAfter": {
                        "HTTP_GET_Endpoint_Filtering_Rules": [
                          "Succeeded"
                        ]
                      },
                      "metadata": {
                        "operationMetadataId": "d5c3887d-8e72-4143-88ef-c72d54ebb44d"
                      },
                      "type": "Http",
                      "inputs": {
                        "method": "POST",
                        "uri": "https://api.bap.microsoft.com/providers/PowerPlatform.Governance/v1/tenants/@{parameters('EpmTenantId (ptricks_EpmTenantId)')}/policies/@{triggerOutputs()?['body/_ptricks_datapolicy_value']}/policyconnectorconfigurations",
                        "body": {
                          "endpointConfigurations": "@variables('varEndpointConfigurationsRequestBody')",
                          "connectorActionConfigurations": "@body('HTTP_GET_Endpoint_Filtering_Rules')?['connectorActionConfigurations']"
                        },
                        "authentication": {
                          "type": "ActiveDirectoryOAuth",
                          "tenant": "@parameters('EpmTenantId (ptricks_EpmTenantId)')",
                          "audience": "https://api.bap.microsoft.com",
                          "clientId": "@parameters('EpmClientId (ptricks_EpmClientId)')",
                          "secret": "@outputs('Perform_an_unbound_action_-_get_secret')?['body/EnvironmentVariableSecretValue']"
                        }
                      }
                    },
                    "Update_a_row_-_Data_Policies_with_Endpoint_Filtering_Rules": {
                      "runAfter": {
                        "HTTP_POST_Endpoint_Filtering_Rules": [
                          "Succeeded"
                        ]
                      },
                      "metadata": {
                        "operationMetadataId": "96f5ca15-72cc-417a-ba90-7038263cb045"
                      },
                      "type": "OpenApiConnection",
                      "inputs": {
                        "host": {
                          "connectionName": "shared_commondataserviceforapps_1",
                          "operationId": "UpdateOnlyRecord",
                          "apiId": "/providers/Microsoft.PowerApps/apis/shared_commondataserviceforapps"
                        },
                        "parameters": {
                          "entityName": "ptricks_datapolicieses",
                          "recordId": "@outputs('Update_a_row_-_update_deployment_with_flow_run_url')?['body/_ptricks_datapolicy_value']",
                          "item/ptricks_currentendpointconfigurations": "@body('HTTP_POST_Endpoint_Filtering_Rules')?['endpointConfigurations']"
                        },
                        "authentication": "@parameters('$authentication')"
                      }
                    }
                  },
                  "runAfter": {
                    "Perform_an_unbound_action_-_get_secret": [
                      "Succeeded"
                    ]
                  },
                  "expression": {
                    "greater": [
                      "@length(variables('varEndpointConfigurationsRequestBody'))",
                      0
                    ]
                  },
                  "metadata": {
                    "operationMetadataId": "777046d7-44b7-42d4-8612-462befa9c199"
                  },
                  "type": "If"
                },
                "Condition_if_customConnectorRule_exists": {
                  "actions": {
                    "HTTP_GET_CustomConnector_Rules": {
                      "runAfter": {},
                      "metadata": {
                        "operationMetadataId": "d5c3887d-8e72-4143-88ef-c72d54ebb44d"
                      },
                      "type": "Http",
                      "inputs": {
                        "method": "GET",
                        "uri": "https://api.bap.microsoft.com/providers/PowerPlatform.Governance/v1/tenants/@{parameters('EpmTenantId (ptricks_EpmTenantId)')}/policies/@{triggerOutputs()?['body/_ptricks_datapolicy_value']}/urlPatterns",
                        "authentication": {
                          "type": "ActiveDirectoryOAuth",
                          "tenant": "@parameters('EpmTenantId (ptricks_EpmTenantId)')",
                          "audience": "https://api.bap.microsoft.com",
                          "clientId": "@parameters('EpmClientId (ptricks_EpmClientId)')",
                          "secret": "@outputs('Perform_an_unbound_action_-_get_secret')?['body/EnvironmentVariableSecretValue']"
                        }
                      }
                    },
                    "HTTP_POST_CustomConnector_Rules": {
                      "runAfter": {
                        "HTTP_GET_CustomConnector_Rules": [
                          "Succeeded"
                        ]
                      },
                      "metadata": {
                        "operationMetadataId": "d5c3887d-8e72-4143-88ef-c72d54ebb44d"
                      },
                      "type": "Http",
                      "inputs": {
                        "method": "POST",
                        "uri": "https://api.bap.microsoft.com/providers/PowerPlatform.Governance/v1/tenants/@{parameters('EpmTenantId (ptricks_EpmTenantId)')}/policies/@{triggerOutputs()?['body/_ptricks_datapolicy_value']}/urlPatterns",
                        "body": {
                          "rules": "@sort(variables('varCustomConnectorRulesRequestBody'),'order')"
                        },
                        "authentication": {
                          "type": "ActiveDirectoryOAuth",
                          "tenant": "@parameters('EpmTenantId (ptricks_EpmTenantId)')",
                          "audience": "https://api.bap.microsoft.com",
                          "clientId": "@parameters('EpmClientId (ptricks_EpmClientId)')",
                          "secret": "@outputs('Perform_an_unbound_action_-_get_secret')?['body/EnvironmentVariableSecretValue']"
                        }
                      }
                    },
                    "Update_a_row_-_Data_Policies_with_Custom_Connector_Rules": {
                      "runAfter": {
                        "HTTP_POST_CustomConnector_Rules": [
                          "Succeeded"
                        ]
                      },
                      "metadata": {
                        "operationMetadataId": "ba06bfd7-1d21-45cb-9e61-712c222106ee"
                      },
                      "type": "OpenApiConnection",
                      "inputs": {
                        "host": {
                          "connectionName": "shared_commondataserviceforapps_1",
                          "operationId": "UpdateOnlyRecord",
                          "apiId": "/providers/Microsoft.PowerApps/apis/shared_commondataserviceforapps"
                        },
                        "parameters": {
                          "entityName": "ptricks_datapolicieses",
                          "recordId": "@outputs('Update_a_row_-_update_deployment_with_flow_run_url')?['body/_ptricks_datapolicy_value']",
                          "item/ptricks_currentcustomconnectorrules": "@body('HTTP_POST_CustomConnector_Rules')"
                        },
                        "authentication": "@parameters('$authentication')"
                      }
                    }
                  },
                  "runAfter": {
                    "Condition_if_endpointConfigurationRule_exists": [
                      "Succeeded"
                    ]
                  },
                  "expression": {
                    "greater": [
                      "@length(variables('varCustomConnectorRulesRequestBody'))",
                      0
                    ]
                  },
                  "metadata": {
                    "operationMetadataId": "777046d7-44b7-42d4-8612-462befa9c199"
                  },
                  "type": "If"
                }
              },
              "runAfter": {
                "Scope_prepare_Body_for_HTTP_Calls": [
                  "Succeeded"
                ]
              },
              "metadata": {
                "operationMetadataId": "4878af7e-9da8-45ca-a41f-e372c2d1af44"
              },
              "type": "Scope"
            },
            "Update_a_row_-_update_deployment_with_flow_run_url": {
              "runAfter": {},
              "metadata": {
                "operationMetadataId": "72132722-5e87-46dd-8dc7-61143e042f1f"
              },
              "type": "OpenApiConnection",
              "inputs": {
                "host": {
                  "connectionName": "shared_commondataserviceforapps_1",
                  "operationId": "UpdateOnlyRecord",
                  "apiId": "/providers/Microsoft.PowerApps/apis/shared_commondataserviceforapps"
                },
                "parameters": {
                  "entityName": "ptricks_rulesetdeployments",
                  "recordId": "@triggerOutputs()?['body/ptricks_rulesetdeploymentid']",
                  "item/ptricks_flowrun": "@concat('https://make.powerautomate.com/manage/environments/',workflow()['tags']['environmentName'],'/flows/',workflow()['name'],'/runs/',workflow()['run']['name'])"
                },
                "authentication": "@parameters('$authentication')"
              }
            },
            "Scope_prepare_Body_for_HTTP_Calls": {
              "actions": {
                "Select_-_connectorIds": {
                  "runAfter": {
                    "List_rows_-_related_rules": [
                      "Succeeded"
                    ]
                  },
                  "metadata": {
                    "operationMetadataId": "84e955fc-2f06-4ad7-abf3-4693667577b6"
                  },
                  "type": "Select",
                  "inputs": {
                    "from": "@outputs('List_rows_-_related_rules')?['body/value']",
                    "select": "@item()?['ptricks_Connector']?['ptricks_connectorid']"
                  }
                },
                "Compose_-_remove_connectorIds_duplicate": {
                  "runAfter": {
                    "Select_-_connectorIds": [
                      "Succeeded"
                    ]
                  },
                  "metadata": {
                    "operationMetadataId": "744c5bd2-0735-4089-af37-9c99f2a9e045"
                  },
                  "type": "Compose",
                  "inputs": "@union(body('Select_-_connectorIds'),body('Select_-_connectorIds'))"
                },
                "Apply_to_each_connector": {
                  "foreach": "@outputs('Compose_-_remove_connectorIds_duplicate')",
                  "actions": {
                    "Filter_array_-_rules_related_to_connector": {
                      "runAfter": {},
                      "metadata": {
                        "operationMetadataId": "82a1445f-1d74-4d0f-ac09-8df88766f435"
                      },
                      "type": "Query",
                      "inputs": {
                        "from": "@outputs('List_rows_-_related_rules')?['body/value']",
                        "where": "@equals(item()?['ptricks_Connector/ptricks_connectorid'], items('Apply_to_each_connector'))"
                      }
                    },
                    "Condition_if_not_custom_connector": {
                      "actions": {
                        "Select_endpointRules": {
                          "runAfter": {},
                          "metadata": {
                            "operationMetadataId": "e97f3e68-3358-40e6-bf22-040f9a6274f3"
                          },
                          "type": "Select",
                          "inputs": {
                            "from": "@body('Filter_array_-_rules_related_to_connector')",
                            "select": {
                              "order": "@item()?['ptricks_order']",
                              "behavior": "@if(equals(item()?['ptricks_action'],1),'Allow','Deny')",
                              "endPoint": "@item()?['ptricks_endpoint']"
                            }
                          }
                        },
                        "Append_to_array_varEndpointConfigurationsRequestBody": {
                          "runAfter": {
                            "Select_endpointRules": [
                              "Succeeded"
                            ]
                          },
                          "metadata": {
                            "operationMetadataId": "fe81ba02-e6ea-48ed-8fd3-b990bc8fbb1a"
                          },
                          "type": "AppendToArrayVariable",
                          "inputs": {
                            "name": "varEndpointConfigurationsRequestBody",
                            "value": {
                              "connectorId": "@{items('Apply_to_each_connector')}",
                              "endpointRules": "@sort(body('Select_endpointRules'),'order')"
                            }
                          }
                        }
                      },
                      "runAfter": {
                        "Filter_array_-_rules_related_to_connector": [
                          "Succeeded"
                        ]
                      },
                      "else": {
                        "actions": {
                          "Select_endpointRules_2": {
                            "runAfter": {},
                            "metadata": {
                              "operationMetadataId": "e97f3e68-3358-40e6-bf22-040f9a6274f3"
                            },
                            "type": "Select",
                            "inputs": {
                              "from": "@body('Filter_array_-_rules_related_to_connector')",
                              "select": {
                                "order": "@item()?['ptricks_order']",
                                "customConnectorRuleClassification": "@if(equals(item()?['ptricks_action'], 1), 'Confidential', 'Blocked')",
                                "pattern": "@item()?['ptricks_endpoint']"
                              }
                            }
                          },
                          "Set_variable_varCustomConnectorRulesRequestBody": {
                            "runAfter": {
                              "Select_endpointRules_2": [
                                "Succeeded"
                              ]
                            },
                            "metadata": {
                              "operationMetadataId": "ca530dc0-2224-4b13-b976-4bc30a898bee"
                            },
                            "type": "SetVariable",
                            "inputs": {
                              "name": "varCustomConnectorRulesRequestBody",
                              "value": "@body('Select_endpointRules_2')"
                            }
                          }
                        }
                      },
                      "expression": {
                        "not": {
                          "equals": [
                            "@item()",
                            "CustomConnector"
                          ]
                        }
                      },
                      "metadata": {
                        "operationMetadataId": "4f4c6dce-9d7e-4b94-b8ad-083207651ba1"
                      },
                      "type": "If"
                    }
                  },
                  "runAfter": {
                    "Compose_-_remove_connectorIds_duplicate": [
                      "Succeeded"
                    ]
                  },
                  "metadata": {
                    "operationMetadataId": "6bc5c16c-a124-4ff5-8a0f-8151e936fdfe"
                  },
                  "type": "Foreach"
                },
                "List_rows_-_related_rules": {
                  "runAfter": {},
                  "metadata": {
                    "operationMetadataId": "ac496e95-ec4e-4749-a5f3-7e2027469ca4"
                  },
                  "type": "OpenApiConnection",
                  "inputs": {
                    "host": {
                      "connectionName": "shared_commondataserviceforapps_1",
                      "operationId": "ListRecords",
                      "apiId": "/providers/Microsoft.PowerApps/apis/shared_commondataserviceforapps"
                    },
                    "parameters": {
                      "entityName": "ptricks_endpointrules",
                      "$select": "ptricks_displayname,ptricks_action,ptricks_endpoint,ptricks_order",
                      "$filter": "_ptricks_ruleset_value eq '@{triggerOutputs()?['body/_ptricks_endpointruleset_value']}'",
                      "$expand": "ptricks_Connector($select=ptricks_name,ptricks_connectorid)"
                    },
                    "authentication": "@parameters('$authentication')"
                  },
                  "runtimeConfiguration": {
                    "paginationPolicy": {
                      "minimumItemCount": 5000
                    }
                  }
                }
              },
              "runAfter": {
                "Update_a_row_-_update_deployment_with_flow_run_url": [
                  "Succeeded"
                ]
              },
              "metadata": {
                "operationMetadataId": "38782df4-a993-47dd-a113-7a3b3f30d3d0"
              },
              "type": "Scope"
            },
            "Update_a_row_-_update_with_status": {
              "runAfter": {
                "Scope_update_DLP": [
                  "Succeeded"
                ]
              },
              "metadata": {
                "operationMetadataId": "d5f1dfd7-ff88-43e8-8b71-f63a1f9de24f"
              },
              "type": "OpenApiConnection",
              "inputs": {
                "host": {
                  "connectionName": "shared_commondataserviceforapps_1",
                  "operationId": "UpdateOnlyRecord",
                  "apiId": "/providers/Microsoft.PowerApps/apis/shared_commondataserviceforapps"
                },
                "parameters": {
                  "entityName": "ptricks_rulesetdeployments",
                  "recordId": "@triggerOutputs()?['body/ptricks_rulesetdeploymentid']",
                  "item/ptricks_requestbody": "Endpoint Configurations:\n@{variables('varEndpointConfigurationsRequestBody')}\n\nCustom Connector Rules:\n@{variables('varCustomConnectorRulesRequestBody')}",
                  "item/ptricks_status": 2
                },
                "authentication": "@parameters('$authentication')"
              }
            }
          },
          "runAfter": {
            "Initialize_varCustomConnectorRulesRequestBody": [
              "Succeeded"
            ]
          },
          "metadata": {
            "operationMetadataId": "26194ef2-fe17-4dc5-b579-e3131216ef80"
          },
          "type": "Scope"
        },
        "Initialize_varEndpointConfigurationsRequestBody": {
          "runAfter": {},
          "metadata": {
            "operationMetadataId": "1fc510a6-a2ca-4e16-a8d5-597f75489c4a"
          },
          "type": "InitializeVariable",
          "inputs": {
            "variables": [
              {
                "name": "varEndpointConfigurationsRequestBody",
                "type": "array"
              }
            ]
          }
        },
        "Initialize_varCustomConnectorRulesRequestBody": {
          "runAfter": {
            "Initialize_varEndpointConfigurationsRequestBody": [
              "Succeeded"
            ]
          },
          "metadata": {
            "operationMetadataId": "1fc510a6-a2ca-4e16-a8d5-597f75489c4a"
          },
          "type": "InitializeVariable",
          "inputs": {
            "variables": [
              {
                "name": "varCustomConnectorRulesRequestBody",
                "type": "array"
              }
            ]
          }
        },
        "Scope_If_Error": {
          "actions": {
            "Update_a_row_-_update_with_status_2": {
              "runAfter": {},
              "metadata": {
                "operationMetadataId": "d5f1dfd7-ff88-43e8-8b71-f63a1f9de24f"
              },
              "type": "OpenApiConnection",
              "inputs": {
                "host": {
                  "connectionName": "shared_commondataserviceforapps_1",
                  "operationId": "UpdateOnlyRecord",
                  "apiId": "/providers/Microsoft.PowerApps/apis/shared_commondataserviceforapps"
                },
                "parameters": {
                  "entityName": "ptricks_rulesetdeployments",
                  "recordId": "@triggerOutputs()?['body/ptricks_rulesetdeploymentid']",
                  "item/ptricks_status": 3
                },
                "authentication": "@parameters('$authentication')"
              }
            },
            "Send_an_email_(V2)": {
              "runAfter": {
                "Update_a_row_-_update_with_status_2": [
                  "Succeeded"
                ]
              },
              "metadata": {
                "operationMetadataId": "6503c7d4-cafa-4d58-bf43-186269572808"
              },
              "type": "OpenApiConnection",
              "inputs": {
                "host": {
                  "connectionName": "shared_office365_1",
                  "operationId": "SendEmailV2",
                  "apiId": "/providers/Microsoft.PowerApps/apis/shared_office365"
                },
                "parameters": {
                  "emailMessage/To": "@parameters('EpmEmailFailure (ptricks_EpmEmailFailure)')",
                  "emailMessage/Subject": "Epm - Failure to deply Endpoint Policy",
                  "emailMessage/Body": "<p>This is an automated email to let you know that there has been an error to deploy an endpoint policy.<br>\nFlow run: @{concat('https://make.powerautomate.com/manage/environments/',workflow()['tags']['environmentName'],'/flows/',workflow()['name'],'/runs/',workflow()['run']['name'])}<br>\nMany thanks</p>",
                  "emailMessage/From": "@parameters('EpmEmailFailure (ptricks_EpmEmailFailure)')",
                  "emailMessage/Importance": "Normal"
                },
                "authentication": "@parameters('$authentication')"
              }
            },
            "Terminate": {
              "runAfter": {
                "Send_an_email_(V2)": [
                  "Succeeded"
                ]
              },
              "metadata": {
                "operationMetadataId": "9d733d9d-5c4e-4238-8fb8-441a0a412bdd"
              },
              "type": "Terminate",
              "inputs": {
                "runStatus": "Failed"
              }
            }
          },
          "runAfter": {
            "Scope_Main": [
              "Failed",
              "TimedOut",
              "Skipped"
            ]
          },
          "metadata": {
            "operationMetadataId": "4d979020-fdfa-4dea-a44a-f78fde3c49e7"
          },
          "type": "Scope"
        }
      },
      "outputs": {}
    },
    "templateName": ""
  },
  "schemaVersion": "1.0.0.0"
}