<appaction uniquename="ptricks__NewCommand!27b04241a784456b8a09a94fd970ffe1!ptricks_deployment!1">
  <buttonlabeltext default="Add">
    <label description="Add" languagecode="1033" />
  </buttonlabeltext>
  <context>1</context>
  <contextentity>
    <logicalname>ptricks_deployment</logicalname>
  </contextentity>
  <contextvalue>ptricks_deployment</contextvalue>
  <fonticon>$clientsvg:Add</fonticon>
  <hidden>0</hidden>
  <iscustomizable>1</iscustomizable>
  <isdisabled>0</isdisabled>
  <isgrouptitlehidden>0</isgrouptitlehidden>
  <location>1</location>
  <name>NewCommand!27b04241a784456b8a09a94fd970ffe1</name>
  <onclickeventjavascriptfunctionname>openSidePage</onclickeventjavascriptfunctionname>
  <onclickeventjavascriptparameters>[{"type":21,"value":"ptricks_newdeployment_6da91"},{"type":21,"value":"Create a Deployment"}]</onclickeventjavascriptparameters>
  <onclickeventjavascriptwebresourceid>
    <webresourceid>815de421-fada-ee11-904d-000d3a4eedfe</webresourceid>
  </onclickeventjavascriptwebresourceid>
  <onclickeventtype>2</onclickeventtype>
  <origin>0</origin>
  <sequence>1000100010.0000000000</sequence>
  <statecode>0</statecode>
  <statuscode>1</statuscode>
  <type>0</type>
  <visibilitytype>0</visibilitytype>
</appaction>