{
  "properties": {
    "connectionReferences": {
      "shared_commondataserviceforapps-1": {
        "runtimeSource": "embedded",
        "connection": {
          "connectionReferenceLogicalName": "ptricks_sharedcommondataserviceforapps_2255c"
        },
        "api": {
          "name": "shared_commondataserviceforapps"
        }
      },
      "shared_commondataserviceforapps": {
        "runtimeSource": "embedded",
        "connection": {
          "connectionReferenceLogicalName": "ptricks_sharedcommondataserviceforapps_2255c"
        },
        "api": {
          "name": "shared_commondataserviceforapps"
        }
      },
      "shared_powerplatformforadmins-1": {
        "runtimeSource": "embedded",
        "connection": {
          "connectionReferenceLogicalName": "ptricks_sharedpowerplatformforadmins_80884"
        },
        "api": {
          "name": "shared_powerplatformforadmins"
        }
      }
    },
    "definition": {
      "$schema": "https://schema.management.azure.com/providers/Microsoft.Logic/schemas/2016-06-01/workflowdefinition.json#",
      "contentVersion": "1.0.0.0",
      "parameters": {
        "$connections": {
          "defaultValue": {},
          "type": "Object"
        },
        "$authentication": {
          "defaultValue": {},
          "type": "SecureObject"
        },
        "AppUsersGeneratorClientId (ptricks_AppUsersGeneratorClientId)": {
          "defaultValue": "49826a30-5fce-416a-8716-4478dbb34903",
          "type": "String",
          "metadata": {
            "schemaName": "ptricks_AppUsersGeneratorClientId"
          }
        }
      },
      "triggers": {
        "manual": {
          "metadata": {
            "operationMetadataId": "7a804ab4-7a09-49a7-a14a-239fbfd13b75"
          },
          "type": "Request",
          "kind": "Button",
          "inputs": {
            "schema": {
              "type": "object",
              "properties": {
                "text": {
                  "title": "environmentId",
                  "type": "string",
                  "x-ms-dynamically-added": true,
                  "description": "Please enter your input",
                  "x-ms-content-hint": "TEXT"
                }
              },
              "required": [
                "text"
              ]
            }
          }
        }
      },
      "actions": {
        "Scope_Main": {
          "actions": {
            "Scope_Assign_System_Admin_Role": {
              "actions": {
                "List_rows_from_selected_environment_-_Find_System_Admin_Role": {
                  "runAfter": {},
                  "metadata": {
                    "operationMetadataId": "6a52430f-6b32-4eaa-98e8-f746d0620799"
                  },
                  "type": "OpenApiConnection",
                  "inputs": {
                    "host": {
                      "connectionName": "shared_commondataserviceforapps-1",
                      "operationId": "ListRecordsWithOrganization",
                      "apiId": "/providers/Microsoft.PowerApps/apis/shared_commondataserviceforapps"
                    },
                    "parameters": {
                      "organization": "@outputs('Get_Environment_as_Admin')?['body/properties/linkedEnvironmentMetadata/instanceUrl']",
                      "entityName": "roles",
                      "$filter": "name eq 'System Administrator'"
                    },
                    "authentication": {
                      "type": "Raw",
                      "value": "@json(decodeBase64(triggerOutputs().headers['X-MS-APIM-Tokens']))['$ConnectionKey']"
                    }
                  }
                },
                "Unrelate_rows_in_selected_environment": {
                  "runAfter": {
                    "List_rows_from_selected_environment_-_Find_System_Admin_Role": [
                      "Succeeded"
                    ]
                  },
                  "metadata": {
                    "operationMetadataId": "8c07b6c9-5b3c-42af-a67a-c9804348aa78"
                  },
                  "type": "OpenApiConnection",
                  "inputs": {
                    "host": {
                      "connectionName": "shared_commondataserviceforapps-1",
                      "operationId": "DisassociateEntitiesWithOrganization",
                      "apiId": "/providers/Microsoft.PowerApps/apis/shared_commondataserviceforapps"
                    },
                    "parameters": {
                      "organization": "@outputs('Get_Environment_as_Admin')?['body/properties/linkedEnvironmentMetadata/instanceUrl']",
                      "entityName": "systemusers",
                      "recordId": "@outputs('List_rows_from_selected_environment_-_Search_App_User')?['body/value'][0]?['systemuserid']",
                      "associationEntityRelationship": "systemuserroles_association",
                      "$id": "@outputs('List_rows_from_selected_environment_-_Find_System_Admin_Role')?['body/value'][0]?['@odata.id']"
                    },
                    "authentication": {
                      "type": "Raw",
                      "value": "@json(decodeBase64(triggerOutputs().headers['X-MS-APIM-Tokens']))['$ConnectionKey']"
                    }
                  }
                }
              },
              "runAfter": {
                "Scope_Check_if_App_User_already_created": [
                  "Succeeded"
                ]
              },
              "metadata": {
                "operationMetadataId": "0c14b1ae-c6eb-450b-a83f-752380a3200a"
              },
              "type": "Scope"
            },
            "Scope_Check_if_App_User_already_created": {
              "actions": {
                "List_rows_from_selected_environment_-_search_app_user": {
                  "runAfter": {},
                  "metadata": {
                    "operationMetadataId": "dcc3ba60-38c4-4024-9607-a105b83874b8"
                  },
                  "type": "OpenApiConnection",
                  "inputs": {
                    "host": {
                      "connectionName": "shared_commondataserviceforapps-1",
                      "operationId": "ListRecordsWithOrganization",
                      "apiId": "/providers/Microsoft.PowerApps/apis/shared_commondataserviceforapps"
                    },
                    "parameters": {
                      "organization": "@outputs('Get_Environment_as_Admin')?['body/properties/linkedEnvironmentMetadata/instanceUrl']",
                      "entityName": "systemusers",
                      "$filter": "applicationid eq '@{parameters('AppUsersGeneratorClientId (ptricks_AppUsersGeneratorClientId)')}'",
                      "$expand": "systemuserroles_association"
                    },
                    "authentication": {
                      "type": "Raw",
                      "value": "@json(decodeBase64(triggerOutputs().headers['X-MS-APIM-Tokens']))['$ConnectionKey']"
                    }
                  }
                },
                "Condition_Disable_if_Exists": {
                  "actions": {
                    "Apply_to_any_Assigned_Role_-_Remove_Role": {
                      "foreach": "@outputs('List_rows_from_selected_environment_-_search_app_user')?['body/value'][0]?['systemuserroles_association']",
                      "actions": {
                        "Unrelate_rows_in_selected_environment_-_Remove_Role": {
                          "runAfter": {},
                          "metadata": {
                            "operationMetadataId": "92f6e1f5-4b57-402d-b443-4850bf364af0"
                          },
                          "type": "OpenApiConnection",
                          "inputs": {
                            "host": {
                              "connectionName": "shared_commondataserviceforapps",
                              "operationId": "DisassociateEntitiesWithOrganization",
                              "apiId": "/providers/Microsoft.PowerApps/apis/shared_commondataserviceforapps"
                            },
                            "parameters": {
                              "organization": "@outputs('Get_Environment_as_Admin')?['body/properties/linkedEnvironmentMetadata/instanceUrl']",
                              "entityName": "systemusers",
                              "recordId": "@outputs('List_rows_from_selected_environment_-_search_app_user')?['body/value'][0]?['systemuserid']",
                              "associationEntityRelationship": "systemuserroles_association",
                              "$id": "@items('Apply_to_any_Assigned_Role_-_Remove_Role')?['roleid']"
                            },
                            "authentication": {
                              "type": "Raw",
                              "value": "@json(decodeBase64(triggerOutputs().headers['X-MS-APIM-Tokens']))['$ConnectionKey']"
                            }
                          }
                        }
                      },
                      "runAfter": {},
                      "metadata": {
                        "operationMetadataId": "92b70aa4-870a-4ede-99bd-c51d818b8ba2"
                      },
                      "type": "Foreach"
                    },
                    "Update_a_row_in_selected_environment_-_Disable_App_User": {
                      "runAfter": {
                        "Apply_to_any_Assigned_Role_-_Remove_Role": [
                          "Succeeded"
                        ]
                      },
                      "metadata": {
                        "operationMetadataId": "93e61162-df5f-4f66-b8c6-6aa90093cc23"
                      },
                      "type": "OpenApiConnection",
                      "inputs": {
                        "host": {
                          "connectionName": "shared_commondataserviceforapps-1",
                          "operationId": "UpdateRecordWithOrganization",
                          "apiId": "/providers/Microsoft.PowerApps/apis/shared_commondataserviceforapps"
                        },
                        "parameters": {
                          "organization": "@outputs('Get_Environment_as_Admin')?['body/properties/linkedEnvironmentMetadata/instanceUrl']",
                          "entityName": "systemusers",
                          "recordId": "@outputs('List_rows_from_selected_environment_-_search_app_user')?['body/value'][0]?['systemuserid']",
                          "item": {
                            "applicationid": "@{parameters('AppUsersGeneratorClientId (ptricks_AppUsersGeneratorClientId)')}",
                            "isdisabled": "@true"
                          }
                        },
                        "authentication": {
                          "type": "Raw",
                          "value": "@json(decodeBase64(triggerOutputs().headers['X-MS-APIM-Tokens']))['$ConnectionKey']"
                        }
                      }
                    }
                  },
                  "runAfter": {
                    "List_rows_from_selected_environment_-_search_app_user": [
                      "Succeeded"
                    ]
                  },
                  "else": {
                    "actions": {
                      "Respond_to_a_PowerApp_or_flow": {
                        "runAfter": {},
                        "metadata": {
                          "operationMetadataId": "85aff2fb-ff85-4f98-b08f-725a53459b86"
                        },
                        "type": "Response",
                        "kind": "PowerApp",
                        "inputs": {
                          "statusCode": 200,
                          "body": {
                            "result": "Cancelled",
                            "reason": "App User does not exist"
                          },
                          "schema": {
                            "type": "object",
                            "properties": {
                              "result": {
                                "title": "Result",
                                "x-ms-dynamically-added": true,
                                "type": "string"
                              },
                              "reason": {
                                "title": "Reason",
                                "x-ms-dynamically-added": true,
                                "type": "string"
                              }
                            }
                          }
                        }
                      },
                      "Terminate_1": {
                        "runAfter": {
                          "Respond_to_a_PowerApp_or_flow": [
                            "Succeeded"
                          ]
                        },
                        "metadata": {
                          "operationMetadataId": "cb246769-6a85-46be-a467-edc954ff44c8"
                        },
                        "type": "Terminate",
                        "inputs": {
                          "runStatus": "Cancelled"
                        }
                      }
                    }
                  },
                  "expression": {
                    "greater": [
                      "@length(outputs('List_rows_from_selected_environment_-_search_app_user')?['body/value'])",
                      0
                    ]
                  },
                  "metadata": {
                    "operationMetadataId": "5f693ac4-514c-430b-94bf-0dd3c5c392ff"
                  },
                  "type": "If"
                }
              },
              "runAfter": {
                "Get_Environment_as_Admin": [
                  "Succeeded"
                ]
              },
              "metadata": {
                "operationMetadataId": "d699846d-c256-4319-a0ef-da514797557d"
              },
              "type": "Scope"
            },
            "Get_Environment_as_Admin": {
              "runAfter": {},
              "metadata": {
                "operationMetadataId": "21ade5a5-9eae-449a-aac2-c25d6f575c05"
              },
              "type": "OpenApiConnection",
              "inputs": {
                "host": {
                  "connectionName": "shared_powerplatformforadmins-1",
                  "operationId": "GetSingleEnvironment",
                  "apiId": "/providers/Microsoft.PowerApps/apis/shared_powerplatformforadmins"
                },
                "parameters": {
                  "environment": "@triggerBody()['text']",
                  "api-version": "2018-10-01"
                },
                "authentication": {
                  "type": "Raw",
                  "value": "@json(decodeBase64(triggerOutputs().headers['X-MS-APIM-Tokens']))['$ConnectionKey']"
                }
              }
            },
            "Respond_to_a_PowerApp_or_flow_3": {
              "runAfter": {
                "Scope_Assign_System_Admin_Role": [
                  "Succeeded"
                ]
              },
              "metadata": {
                "operationMetadataId": "2ca23b3e-9bd9-4800-acdd-ea35274bc70b"
              },
              "type": "Response",
              "kind": "PowerApp",
              "inputs": {
                "statusCode": 200,
                "body": {
                  "result": "Succeeded",
                  "reason": "@{concat('https://make.powerautomate.com/manage/environments/', workflow()['tags']['environmentName'], '/flows/', workflow()['name'], '/runs/', workflow()['run']['name'])}"
                },
                "schema": {
                  "type": "object",
                  "properties": {
                    "result": {
                      "title": "Result",
                      "x-ms-dynamically-added": true,
                      "type": "string"
                    },
                    "reason": {
                      "title": "Reason",
                      "x-ms-dynamically-added": true,
                      "type": "string"
                    }
                  }
                }
              }
            }
          },
          "runAfter": {},
          "metadata": {
            "operationMetadataId": "086590ce-9041-4939-a955-5b2433faa595"
          },
          "type": "Scope"
        },
        "Scope_Exception": {
          "actions": {
            "Respond_to_a_PowerApp_or_flow_2": {
              "runAfter": {},
              "metadata": {
                "operationMetadataId": "2ca23b3e-9bd9-4800-acdd-ea35274bc70b"
              },
              "type": "Response",
              "kind": "PowerApp",
              "inputs": {
                "statusCode": 200,
                "body": {
                  "result": "Failed",
                  "reason": "@{concat('https://make.powerautomate.com/manage/environments/',workflow()['tags']['environmentName'],'/flows/',workflow()['name'],'/runs/',workflow()['run']['name'])}"
                },
                "schema": {
                  "type": "object",
                  "properties": {
                    "result": {
                      "title": "Result",
                      "x-ms-dynamically-added": true,
                      "type": "string"
                    },
                    "reason": {
                      "title": "Reason",
                      "x-ms-dynamically-added": true,
                      "type": "string"
                    }
                  }
                }
              }
            },
            "Terminate_2": {
              "runAfter": {
                "Respond_to_a_PowerApp_or_flow_2": [
                  "Succeeded"
                ]
              },
              "metadata": {
                "operationMetadataId": "f44805c5-a9e9-4053-870c-348b9d5ba4b4"
              },
              "type": "Terminate",
              "inputs": {
                "runStatus": "Failed"
              }
            }
          },
          "runAfter": {
            "Scope_Main": [
              "Failed",
              "TimedOut"
            ]
          },
          "metadata": {
            "operationMetadataId": "e64061d0-25bf-47bb-8b54-b631c257f8cc"
          },
          "type": "Scope"
        }
      },
      "outputs": {}
    },
    "templateName": ""
  },
  "schemaVersion": "1.0.0.0"
}