<environmentvariabledefinition schemaname="ptricks_EnvSetEnforcerRandomDelayOn">
  <defaultvalue>no</defaultvalue>
  <description default="Setting this variable to yes will result in the automatic policies being deployed at a different time every day.">
    <label description="Setting this variable to yes will result in the automatic policies being deployed at a different time every day." languagecode="1033" />
  </description>
  <displayname default="EnvSetEnforcerRandomDelayOn">
    <label description="EnvSetEnforcerRandomDelayOn" languagecode="1033" />
  </displayname>
  <introducedversion>1.0.0.0</introducedversion>
  <iscustomizable>1</iscustomizable>
  <isrequired>0</isrequired>
  <secretstore>0</secretstore>
  <type>100000002</type>
</environmentvariabledefinition>