<environmentvariabledefinition schemaname="ptricks_SolDeployerEmailNotifyFrom">
  <description default="Mailbox from which notification emails should be sent">
    <label description="Mailbox from which notification emails should be sent" languagecode="1033" />
  </description>
  <displayname default="SolDeployerEmailNotifyFrom">
    <label description="SolDeployerEmailNotifyFrom" languagecode="1033" />
  </displayname>
  <introducedversion>1.0.0.2</introducedversion>
  <iscustomizable>1</iscustomizable>
  <isrequired>0</isrequired>
  <secretstore>0</secretstore>
  <type>100000000</type>
</environmentvariabledefinition>