<ImportExportXml version="9.2.24022.196" SolutionPackageVersion="9.2" languagecode="1033" generatedBy="CrmLive" xmlns:xsi="http://www.w3.org/2001/XMLSchema-instance">
  <SolutionManifest>
    <UniqueName>SolutionDeployer</UniqueName>
    <LocalizedNames>
      <LocalizedName description="Solution Deployer" languagecode="1033" />
    </LocalizedNames>
    <Descriptions />
    <Version>2024.03.15.0</Version>
    <Managed>1</Managed>
    <Publisher>
      <UniqueName>PowerTricks</UniqueName>
      <LocalizedNames>
        <LocalizedName description="PowerTricks" languagecode="1033" />
      </LocalizedNames>
      <Descriptions />
      <EMailAddress>valentin.mazhar@gmail.com</EMailAddress>
      <SupportingWebsiteUrl>https://powertricks.io</SupportingWebsiteUrl>
      <CustomizationPrefix>ptricks</CustomizationPrefix>
      <CustomizationOptionValuePrefix>49392</CustomizationOptionValuePrefix>
      <Addresses>
        <Address>
          <AddressNumber>1</AddressNumber>
          <AddressTypeCode>1</AddressTypeCode>
          <City xsi:nil="true"></City>
          <County xsi:nil="true"></County>
          <Country xsi:nil="true"></Country>
          <Fax xsi:nil="true"></Fax>
          <FreightTermsCode xsi:nil="true"></FreightTermsCode>
          <ImportSequenceNumber xsi:nil="true"></ImportSequenceNumber>
          <Latitude xsi:nil="true"></Latitude>
          <Line1 xsi:nil="true"></Line1>
          <Line2 xsi:nil="true"></Line2>
          <Line3 xsi:nil="true"></Line3>
          <Longitude xsi:nil="true"></Longitude>
          <Name xsi:nil="true"></Name>
          <PostalCode xsi:nil="true"></PostalCode>
          <PostOfficeBox xsi:nil="true"></PostOfficeBox>
          <PrimaryContactName xsi:nil="true"></PrimaryContactName>
          <ShippingMethodCode>1</ShippingMethodCode>
          <StateOrProvince xsi:nil="true"></StateOrProvince>
          <Telephone1 xsi:nil="true"></Telephone1>
          <Telephone2 xsi:nil="true"></Telephone2>
          <Telephone3 xsi:nil="true"></Telephone3>
          <TimeZoneRuleVersionNumber xsi:nil="true"></TimeZoneRuleVersionNumber>
          <UPSZone xsi:nil="true"></UPSZone>
          <UTCOffset xsi:nil="true"></UTCOffset>
          <UTCConversionTimeZoneCode xsi:nil="true"></UTCConversionTimeZoneCode>
        </Address>
        <Address>
          <AddressNumber>2</AddressNumber>
          <AddressTypeCode>1</AddressTypeCode>
          <City xsi:nil="true"></City>
          <County xsi:nil="true"></County>
          <Country xsi:nil="true"></Country>
          <Fax xsi:nil="true"></Fax>
          <FreightTermsCode xsi:nil="true"></FreightTermsCode>
          <ImportSequenceNumber xsi:nil="true"></ImportSequenceNumber>
          <Latitude xsi:nil="true"></Latitude>
          <Line1 xsi:nil="true"></Line1>
          <Line2 xsi:nil="true"></Line2>
          <Line3 xsi:nil="true"></Line3>
          <Longitude xsi:nil="true"></Longitude>
          <Name xsi:nil="true"></Name>
          <PostalCode xsi:nil="true"></PostalCode>
          <PostOfficeBox xsi:nil="true"></PostOfficeBox>
          <PrimaryContactName xsi:nil="true"></PrimaryContactName>
          <ShippingMethodCode>1</ShippingMethodCode>
          <StateOrProvince xsi:nil="true"></StateOrProvince>
          <Telephone1 xsi:nil="true"></Telephone1>
          <Telephone2 xsi:nil="true"></Telephone2>
          <Telephone3 xsi:nil="true"></Telephone3>
          <TimeZoneRuleVersionNumber xsi:nil="true"></TimeZoneRuleVersionNumber>
          <UPSZone xsi:nil="true"></UPSZone>
          <UTCOffset xsi:nil="true"></UTCOffset>
          <UTCConversionTimeZoneCode xsi:nil="true"></UTCConversionTimeZoneCode>
        </Address>
      </Addresses>
    </Publisher>
    <RootComponents>
      <RootComponent type="1" schemaName="ptricks_deployment" behavior="0" />
      <RootComponent type="1" schemaName="ptricks_solutionsubscription" behavior="0" />
      <RootComponent type="1" schemaName="ptricks_subscriptiondeployment" behavior="0" />
      <RootComponent type="1" schemaName="ptricks_targetenvironment" behavior="0" />
      <RootComponent type="1" schemaName="systemuser" behavior="2" />
      <RootComponent type="29" id="{09761742-fbd9-ee11-904d-000d3a4eedfe}" behavior="0" />
      <RootComponent type="29" id="{273b06dd-e0de-ee11-904d-000d3a4eedfe}" behavior="0" />
      <RootComponent type="29" id="{63119e80-fed9-ee11-904d-000d3a4eedfe}" behavior="0" />
      <RootComponent type="29" id="{d79b453c-a8e2-ee11-904d-000d3a4eedfe}" behavior="0" />
      <RootComponent type="29" id="{e126ceb1-3dd8-ee11-9079-000d3a4eedfe}" behavior="0" />
      <RootComponent type="29" id="{e7b115d0-9fe0-ee11-904d-000d3a4eedfe}" behavior="0" />
      <RootComponent type="29" id="{e895f361-a5d9-ee11-904d-000d3a4eedfe}" behavior="0" />
      <RootComponent type="29" id="{ffe25840-43d8-ee11-9079-000d3a1837a3}" behavior="0" />
      <RootComponent type="61" schemaName="ptricks_showsidepage" behavior="0" />
      <RootComponent type="61" schemaName="ptricks_xmltheme" behavior="0" />
      <RootComponent type="62" schemaName="ptricks_DeploymentManager" behavior="0" />
      <RootComponent type="80" schemaName="ptricks_DeploymentManager" behavior="0" />
      <RootComponent type="300" schemaName="ptricks_deploymentmanagerdefaultcommandlibrary_fdc60" behavior="0" />
      <RootComponent type="300" schemaName="ptricks_newdeployment_6da91" behavior="0" />
      <RootComponent type="300" schemaName="ptricks_newsolutionsubscription_c0c7d" behavior="0" />
    </RootComponents>
    <MissingDependencies>
      <MissingDependency>
        <Required type="1" schemaName="connectionreference" displayName="Connection Reference" solution="PowerPlatformConnectionReferences (1.3.5.0)" />
        <Dependent type="29" displayName="Importer Child - Ownership Updater" id="{e895f361-a5d9-ee11-904d-000d3a4eedfe}" />
      </MissingDependency>
      <MissingDependency>
        <Required type="1" schemaName="environmentvariabledefinition" displayName="Environment Variable Definition" solution="EnvironmentVariables (1.0.2.293)" />
        <Dependent type="29" displayName="Importer Child - Variable Checker" id="{63119e80-fed9-ee11-904d-000d3a4eedfe}" />
      </MissingDependency>
      <MissingDependency>
        <Required type="1" schemaName="environmentvariabledefinition" displayName="Environment Variable Definition" solution="EnvironmentVariables (1.0.2.293)" />
        <Dependent type="29" displayName="Importer Child - Ownership Updater" id="{e895f361-a5d9-ee11-904d-000d3a4eedfe}" />
      </MissingDependency>
      <MissingDependency>
        <Required type="1" schemaName="environmentvariabledefinition" displayName="Environment Variable Definition" solution="EnvironmentVariables (1.0.2.293)" />
        <Dependent type="300" schemaName="ptricks_newdeployment_6da91" displayName="New Deployment" />
      </MissingDependency>
      <MissingDependency>
        <Required type="1" schemaName="environmentvariabledefinition" displayName="Environment Variable Definition" solution="EnvironmentVariables (1.0.2.293)" />
        <Dependent type="300" schemaName="ptricks_newsolutionsubscription_c0c7d" displayName="New Solution Subscription" />
      </MissingDependency>
      <MissingDependency>
        <Required type="1" schemaName="environmentvariablevalue" displayName="Environment Variable Value" solution="EnvironmentVariables (1.0.2.293)" />
        <Dependent type="29" displayName="Importer Child - Variable Checker" id="{63119e80-fed9-ee11-904d-000d3a4eedfe}" />
      </MissingDependency>
      <MissingDependency>
        <Required type="1" schemaName="environmentvariablevalue" displayName="Environment Variable Value" solution="EnvironmentVariables (1.0.2.293)" />
        <Dependent type="300" schemaName="ptricks_newdeployment_6da91" displayName="New Deployment" />
      </MissingDependency>
      <MissingDependency>
        <Required type="1" schemaName="environmentvariablevalue" displayName="Environment Variable Value" solution="EnvironmentVariables (1.0.2.293)" />
        <Dependent type="300" schemaName="ptricks_newsolutionsubscription_c0c7d" displayName="New Solution Subscription" />
      </MissingDependency>
      <MissingDependency>
        <Required type="61" schemaName="cat_dataverse_action_icon" displayName="cat_dataverse_action_icon" solution="msdyn_DataverseAcceleratorApp (1.0.2.95)" />
        <Dependent type="62" schemaName="ptricks_DeploymentManager" />
      </MissingDependency>
      <MissingDependency>
        <Required type="61" schemaName="cat_ic_fluent_flash_28_regular" displayName="cat_ic_fluent_flash_28_regular" solution="msdyn_DataverseAcceleratorApp (1.0.2.95)" />
        <Dependent type="62" schemaName="ptricks_DeploymentManager" />
      </MissingDependency>
      <MissingDependency>
        <Required type="61" schemaName="msdyn_/Images/AppModule_Default_Icon.png" displayName="msdyn_/Images/AppModule_Default_Icon.png" solution="AppModuleWebResources (2.5)" />
        <Dependent type="80" schemaName="ptricks_DeploymentManager" displayName="Deployment Manager" />
      </MissingDependency>
      <MissingDependency>
        <Required type="61" schemaName="mspp_entity_lists.svg" displayName="mspp_entity_lists.svg" solution="PowerPages_AppResources (1.0.2308.1)">
          <package>PowerPages_Core (1.0.2311.74)</package>
        </Required>
        <Dependent type="62" schemaName="ptricks_DeploymentManager" />
      </MissingDependency>
      <MissingDependency>
        <Required type="66" schemaName="MscrmControls.Grid.GridControl" displayName="MscrmControls.Grid.GridControl" solution="BaseCustomControlsCore (9.0.2402.2022)" />
        <Dependent type="26" schemaName="Editable Grid" displayName="Editable Grid" parentSchemaName="ptricks_targetenvironment" parentDisplayName="Target Environment" id="{a1973c06-3adb-ee11-904d-000d3a4eedfe}" />
      </MissingDependency>
      <MissingDependency>
        <Required type="SettingDefinition" displayName="AppChannel" solution="msdyn_AppFrameworkInfraExtensions (1.0.0.6)" id.uniquename="AppChannel" />
        <Dependent type="AppSetting" displayName="parentappmoduleid.uniquename=ptricks_DeploymentManager,settingdefinitionid.uniquename=AppChannel" id.parentappmoduleid.uniquename="ptricks_DeploymentManager" id.settingdefinitionid.uniquename="AppChannel" />
      </MissingDependency>
      <MissingDependency>
        <Required type="SettingDefinition" displayName="OverrideAppHeaderColor" solution="msdyn_PowerAppsThemingSettings (1.0.0.11)" id.uniquename="OverrideAppHeaderColor" />
        <Dependent type="OrganizationSetting" displayName="OverrideAppHeaderColor" id.settingdefinitionid.uniquename="OverrideAppHeaderColor" />
      </MissingDependency>
      <MissingDependency>
        <Required type="SettingDefinition" displayName="OverrideAppHeaderColor" solution="msdyn_PowerAppsThemingSettings (1.0.0.11)" id.uniquename="OverrideAppHeaderColor" />
        <Dependent type="SettingDefinition" displayName="OverrideAppHeaderColor" id.uniquename="OverrideAppHeaderColor" />
      </MissingDependency>
    </MissingDependencies>
  </SolutionManifest>
</ImportExportXml>