<appaction uniquename="ptricks__Deploy!35226eed9a2c4479b9c09d7c9318cfda!ptricks_EnvironmentsSettingManager!ptricks_settingpolicy!0">
  <appmoduleid>
    <uniquename>ptricks_EnvironmentsSettingManager</uniquename>
  </appmoduleid>
  <buttonlabeltext default="Deploy">
    <label description="Deploy" languagecode="1033" />
  </buttonlabeltext>
  <context>1</context>
  <contextentity>
    <logicalname>ptricks_settingpolicy</logicalname>
  </contextentity>
  <contextvalue>ptricks_settingpolicy</contextvalue>
  <fonticon>SendEmail</fonticon>
  <hidden>0</hidden>
  <iscustomizable>1</iscustomizable>
  <isdisabled>0</isdisabled>
  <isgrouptitlehidden>0</isgrouptitlehidden>
  <location>0</location>
  <name>Deploy!35226eed9a2c4479b9c09d7c9318cfda</name>
  <onclickeventformulacomponentlibraryid>
    <name>ptricks_environmentssettingmanagerdefaultcommandlibrary_866a6</name>
  </onclickeventformulacomponentlibraryid>
  <onclickeventformulacomponentname>d7cd86d200c84b95a16f08a9bd32354d</onclickeventformulacomponentname>
  <onclickeventformulafunctionname>OnSelect</onclickeventformulafunctionname>
  <onclickeventtype>1</onclickeventtype>
  <origin>0</origin>
  <sequence>100100015.0000000000</sequence>
  <statecode>0</statecode>
  <statuscode>1</statuscode>
  <type>0</type>
  <visibilitytype>0</visibilitytype>
</appaction>