<appaction uniquename="ptricks__Deploy!ec43da49156f4d7095b5495b130b6fd8!ptricks_EndpointManager!ptricks_endpointruleset!0">
  <appmoduleid>
    <uniquename>ptricks_EndpointManager</uniquename>
  </appmoduleid>
  <buttonlabeltext default="Deploy">
    <label description="Deploy" languagecode="1033" />
  </buttonlabeltext>
  <context>1</context>
  <contextentity>
    <logicalname>ptricks_endpointruleset</logicalname>
  </contextentity>
  <contextvalue>ptricks_endpointruleset</contextvalue>
  <fonticon>SendEmail</fonticon>
  <hidden>0</hidden>
  <iconwebresourceid>
    <webresourceid>b98c18a5-6a12-f011-9989-002248202064</webresourceid>
  </iconwebresourceid>
  <iscustomizable>1</iscustomizable>
  <isdisabled>0</isdisabled>
  <isgrouptitlehidden>0</isgrouptitlehidden>
  <location>0</location>
  <name>Deploy!ec43da49156f4d7095b5495b130b6fd8</name>
  <onclickeventformulacomponentlibraryid>
    <name>ptricks_endpointmanagerdefaultcommandlibrary_7e703</name>
  </onclickeventformulacomponentlibraryid>
  <onclickeventformulacomponentname>08acb646243c4d6abff965699177c081</onclickeventformulacomponentname>
  <onclickeventformulafunctionname>OnSelect</onclickeventformulafunctionname>
  <onclickeventtype>1</onclickeventtype>
  <origin>0</origin>
  <sequence>100100041.2500000000</sequence>
  <statecode>0</statecode>
  <statuscode>1</statuscode>
  <type>0</type>
  <visibilitytype>0</visibilitytype>
</appaction>