<ImportExportXml version="9.2.24034.284" SolutionPackageVersion="9.2" languagecode="1033" generatedBy="CrmLive" xmlns:xsi="http://www.w3.org/2001/XMLSchema-instance">
  <SolutionManifest>
    <UniqueName>EnvironmentSettingsEnforcer</UniqueName>
    <LocalizedNames>
      <LocalizedName description="Environment Settings Enforcer" languagecode="1033" />
    </LocalizedNames>
    <Descriptions />
    <Version>2024.04.26.2</Version>
    <Managed>0</Managed>
    <Publisher>
      <UniqueName>PowerTricks</UniqueName>
      <LocalizedNames>
        <LocalizedName description="PowerTricks" languagecode="1033" />
      </LocalizedNames>
      <Descriptions />
      <EMailAddress>valentin.mazhar@gmail.com</EMailAddress>
      <SupportingWebsiteUrl>https://powertricks.io</SupportingWebsiteUrl>
      <CustomizationPrefix>ptricks</CustomizationPrefix>
      <CustomizationOptionValuePrefix>49392</CustomizationOptionValuePrefix>
      <Addresses>
        <Address>
          <AddressNumber>1</AddressNumber>
          <AddressTypeCode>1</AddressTypeCode>
          <City xsi:nil="true"></City>
          <County xsi:nil="true"></County>
          <Country xsi:nil="true"></Country>
          <Fax xsi:nil="true"></Fax>
          <FreightTermsCode xsi:nil="true"></FreightTermsCode>
          <ImportSequenceNumber xsi:nil="true"></ImportSequenceNumber>
          <Latitude xsi:nil="true"></Latitude>
          <Line1 xsi:nil="true"></Line1>
          <Line2 xsi:nil="true"></Line2>
          <Line3 xsi:nil="true"></Line3>
          <Longitude xsi:nil="true"></Longitude>
          <Name xsi:nil="true"></Name>
          <PostalCode xsi:nil="true"></PostalCode>
          <PostOfficeBox xsi:nil="true"></PostOfficeBox>
          <PrimaryContactName xsi:nil="true"></PrimaryContactName>
          <ShippingMethodCode>1</ShippingMethodCode>
          <StateOrProvince xsi:nil="true"></StateOrProvince>
          <Telephone1 xsi:nil="true"></Telephone1>
          <Telephone2 xsi:nil="true"></Telephone2>
          <Telephone3 xsi:nil="true"></Telephone3>
          <TimeZoneRuleVersionNumber xsi:nil="true"></TimeZoneRuleVersionNumber>
          <UPSZone xsi:nil="true"></UPSZone>
          <UTCOffset xsi:nil="true"></UTCOffset>
          <UTCConversionTimeZoneCode xsi:nil="true"></UTCConversionTimeZoneCode>
        </Address>
        <Address>
          <AddressNumber>2</AddressNumber>
          <AddressTypeCode>1</AddressTypeCode>
          <City xsi:nil="true"></City>
          <County xsi:nil="true"></County>
          <Country xsi:nil="true"></Country>
          <Fax xsi:nil="true"></Fax>
          <FreightTermsCode xsi:nil="true"></FreightTermsCode>
          <ImportSequenceNumber xsi:nil="true"></ImportSequenceNumber>
          <Latitude xsi:nil="true"></Latitude>
          <Line1 xsi:nil="true"></Line1>
          <Line2 xsi:nil="true"></Line2>
          <Line3 xsi:nil="true"></Line3>
          <Longitude xsi:nil="true"></Longitude>
          <Name xsi:nil="true"></Name>
          <PostalCode xsi:nil="true"></PostalCode>
          <PostOfficeBox xsi:nil="true"></PostOfficeBox>
          <PrimaryContactName xsi:nil="true"></PrimaryContactName>
          <ShippingMethodCode>1</ShippingMethodCode>
          <StateOrProvince xsi:nil="true"></StateOrProvince>
          <Telephone1 xsi:nil="true"></Telephone1>
          <Telephone2 xsi:nil="true"></Telephone2>
          <Telephone3 xsi:nil="true"></Telephone3>
          <TimeZoneRuleVersionNumber xsi:nil="true"></TimeZoneRuleVersionNumber>
          <UPSZone xsi:nil="true"></UPSZone>
          <UTCOffset xsi:nil="true"></UTCOffset>
          <UTCConversionTimeZoneCode xsi:nil="true"></UTCConversionTimeZoneCode>
        </Address>
      </Addresses>
    </Publisher>
    <RootComponents>
      <RootComponent type="1" schemaName="admin_environment" behavior="2" />
      <RootComponent type="1" schemaName="ptricks_settingconfiguration" behavior="0" />
      <RootComponent type="1" schemaName="ptricks_settingdeployment" behavior="0" />
      <RootComponent type="1" schemaName="ptricks_settingoption" behavior="0" />
      <RootComponent type="1" schemaName="ptricks_settingpolicy" behavior="0" />
      <RootComponent type="1" schemaName="ptricks_settingpolicydeployment" behavior="0" />
      <RootComponent type="29" id="{0583e0c2-2ef2-ee11-a1fd-000d3a202756}" behavior="0" />
      <RootComponent type="29" id="{2b095a06-4ef2-ee11-a1fd-000d3a202756}" behavior="0" />
      <RootComponent type="29" id="{307edfa3-48f2-ee11-a1fd-000d3a202756}" behavior="0" />
      <RootComponent type="29" id="{b5ffcf35-51f2-ee11-a1fd-000d3a202756}" behavior="0" />
      <RootComponent type="61" schemaName="ptricks_showHideSettingValues" behavior="0" />
      <RootComponent type="62" schemaName="ptricks_EnvironmentsSettingManager" behavior="0" />
      <RootComponent type="80" schemaName="ptricks_EnvironmentsSettingManager" behavior="0" />
      <RootComponent type="300" schemaName="ptricks_environmentssettingmanagerdefaultcommandlibrary_866a6" behavior="0" />
    </RootComponents>
    <MissingDependencies>
      <MissingDependency>
        <Required type="1" schemaName="admin_environment" displayName="Environment" solution="CenterofExcellenceCoreComponents (4.24)" />
        <Dependent type="1" schemaName="admin_environment" displayName="Environment" />
      </MissingDependency>
      <MissingDependency>
        <Required type="1" schemaName="admin_environment" displayName="Environment" solution="CenterofExcellenceCoreComponents (4.24)" />
        <Dependent type="29" displayName="Setting Enforcer - Deploy Settings On Environment" id="{2b095a06-4ef2-ee11-a1fd-000d3a202756}" />
      </MissingDependency>
      <MissingDependency>
        <Required type="1" schemaName="admin_environment" displayName="Environment" solution="CenterofExcellenceCoreComponents (4.24)" />
        <Dependent type="300" schemaName="ptricks_environmentssettingmanagerdefaultcommandlibrary_866a6" displayName="EnvironmentsSettingManager_DefaultCommandLibrary" />
      </MissingDependency>
      <MissingDependency>
        <Required type="1" schemaName="admin_environment" displayName="Environment" solution="CenterofExcellenceCoreComponents (4.24)" />
        <Dependent type="60" displayName="Information" parentDisplayName="Setting Policy" id="{7e1ecd96-6e1f-41fb-8486-0aa0d59c342a}" />
      </MissingDependency>
      <MissingDependency>
        <Required type="2" schemaName="admin_displayname" displayName="Display Name" parentSchemaName="admin_environment" parentDisplayName="Environment" solution="CenterofExcellenceCoreComponents (4.24)" />
        <Dependent type="10" schemaName="ptricks_settingdeployment_Environment_admin_envir" displayName="ptricks_settingdeployment_Environment_admin_envir" parentSchemaName="admin_environment" parentDisplayName="Environment" />
      </MissingDependency>
      <MissingDependency>
        <Required type="26" schemaName="Active Environments" displayName="Active Environments" parentSchemaName="admin_environment" parentDisplayName="Environment" solution="CenterofExcellenceCoreComponents (4.24)" id="{5a4ff862-63ee-4b61-bf91-e15901265488}" />
        <Dependent type="60" displayName="Information" parentDisplayName="Setting Policy" id="{7e1ecd96-6e1f-41fb-8486-0aa0d59c342a}" />
      </MissingDependency>
      <MissingDependency>
        <Required type="59" schemaName="Environments" displayName="Environments" parentSchemaName="admin_environment" parentDisplayName="Environment" solution="CenterofExcellenceCoreComponents (4.24)" id="{cd098782-fa70-e911-a833-000d3a375590}" />
        <Dependent type="60" displayName="Information" parentDisplayName="Setting Policy" id="{7e1ecd96-6e1f-41fb-8486-0aa0d59c342a}" />
      </MissingDependency>
      <MissingDependency>
        <Required type="61" schemaName="admin_datapolicyicon" displayName="admin_datapolicyicon" solution="CenterofExcellenceCoreComponents (4.24)" />
        <Dependent type="62" schemaName="ptricks_EnvironmentsSettingManager" />
      </MissingDependency>
      <MissingDependency>
        <Required type="61" schemaName="cat_dataverse_action_icon" displayName="cat_dataverse_action_icon" solution="msdyn_DataverseAcceleratorApp (1.0.2.123)">
          <package>DataverseAccelerator_Anchor (1.0.2.123)</package>
        </Required>
        <Dependent type="62" schemaName="ptricks_EnvironmentsSettingManager" />
      </MissingDependency>
      <MissingDependency>
        <Required type="61" schemaName="cat_ic_fluent_flash_28_regular" displayName="cat_ic_fluent_flash_28_regular" solution="msdyn_DataverseAcceleratorApp (1.0.2.123)">
          <package>DataverseAccelerator_Anchor (1.0.2.123)</package>
        </Required>
        <Dependent type="62" schemaName="ptricks_EnvironmentsSettingManager" />
      </MissingDependency>
      <MissingDependency>
        <Required type="61" schemaName="msdyn_/Images/AppModule_Default_Icon.png" displayName="msdyn_/Images/AppModule_Default_Icon.png" solution="AppModuleWebResources (2.5)" />
        <Dependent type="80" schemaName="ptricks_EnvironmentsSettingManager" displayName="Environments Setting Manager" />
      </MissingDependency>
      <MissingDependency>
        <Required type="61" schemaName="msdyncrm_/KnowledgeSearch/Link.svg" displayName="msdyncrm_/KnowledgeSearch/Link.svg" solution="msdynce_KnowledgeManagementFeatures (9.0.24031.5004)">
          <package>msdynce_KnowledgeManagementAnchor (9.0.24031.5004)</package>
        </Required>
        <Dependent type="62" schemaName="ptricks_EnvironmentsSettingManager" />
      </MissingDependency>
      <MissingDependency>
        <Required type="61" schemaName="mspp_settings.svg" displayName="mspp_settings.svg" solution="PowerPages_AppResources (1.0.2312.1)">
          <package>PowerPages_Core (1.0.2401.75)</package>
        </Required>
        <Dependent type="62" schemaName="ptricks_EnvironmentsSettingManager" />
      </MissingDependency>
      <MissingDependency>
        <Required type="connectionreference" displayName="ptricks_sharedcommondataserviceforapps_4dbd3" solution="Active" id.connectionreferencelogicalname="ptricks_sharedcommondataserviceforapps_4dbd3" />
        <Dependent type="29" displayName="Setting Enforcer - Trigger Setting Deployments" id="{307edfa3-48f2-ee11-a1fd-000d3a202756}" />
      </MissingDependency>
      <MissingDependency>
        <Required type="connectionreference" displayName="ptricks_sharedcommondataserviceforapps_4dbd3" solution="Active" id.connectionreferencelogicalname="ptricks_sharedcommondataserviceforapps_4dbd3" />
        <Dependent type="29" displayName="Setting Enforcer - Auto-Request Policy Deployments" id="{b5ffcf35-51f2-ee11-a1fd-000d3a202756}" />
      </MissingDependency>
      <MissingDependency>
        <Required type="SettingDefinition" displayName="AppChannel" solution="msdyn_AppFrameworkInfraExtensions (1.0.0.8)" id.uniquename="AppChannel" />
        <Dependent type="AppSetting" displayName="parentappmoduleid.uniquename=ptricks_EnvironmentsSettingManager,settingdefinitionid.uniquename=AppChannel" id.parentappmoduleid.uniquename="ptricks_EnvironmentsSettingManager" id.settingdefinitionid.uniquename="AppChannel" />
      </MissingDependency>
    </MissingDependencies>
  </SolutionManifest>
</ImportExportXml>