<environmentvariabledefinition schemaname="ptricks_EpmEmailFailure">
  <description default="Email address used to send emails to and from in case of failures">
    <label description="Email address used to send emails to and from in case of failures" languagecode="1033" />
  </description>
  <displayname default="EpmEmailFailure">
    <label description="EpmEmailFailure" languagecode="1033" />
  </displayname>
  <introducedversion>2025.03.26.1</introducedversion>
  <iscustomizable>1</iscustomizable>
  <isrequired>0</isrequired>
  <secretstore>0</secretstore>
  <type>100000000</type>
</environmentvariabledefinition>