{
  "properties": {
    "connectionReferences": {
      "shared_commondataserviceforapps": {
        "runtimeSource": "embedded",
        "connection": {
          "connectionReferenceLogicalName": "ptricks_sharedcommondataserviceforapps_2255c"
        },
        "api": {
          "name": "shared_commondataserviceforapps"
        }
      },
      "shared_powerplatformforadmins": {
        "runtimeSource": "invoker",
        "connection": {
          "connectionReferenceLogicalName": "ptricks_sharedpowerplatformforadmins_80884"
        },
        "api": {
          "name": "shared_powerplatformforadmins"
        }
      }
    },
    "definition": {
      "$schema": "https://schema.management.azure.com/providers/Microsoft.Logic/schemas/2016-06-01/workflowdefinition.json#",
      "contentVersion": "1.0.0.0",
      "parameters": {
        "$connections": {
          "defaultValue": {},
          "type": "Object"
        },
        "$authentication": {
          "defaultValue": {},
          "type": "SecureObject"
        },
        "AppUsersGeneratorClientId (ptricks_AppUsersGeneratorClientId)": {
          "defaultValue": "49826a30-5fce-416a-8716-4478dbb34903",
          "type": "String",
          "metadata": {
            "schemaName": "ptricks_AppUsersGeneratorClientId"
          }
        }
      },
      "triggers": {
        "manual": {
          "metadata": {
            "operationMetadataId": "eb310d0e-cb78-436e-838c-343168b6c392"
          },
          "type": "Request",
          "kind": "Button",
          "inputs": {
            "schema": {
              "type": "object",
              "properties": {
                "text": {
                  "title": "Environment Name",
                  "type": "string",
                  "x-ms-dynamically-added": true,
                  "description": "Please enter your input",
                  "x-ms-content-hint": "TEXT"
                }
              },
              "required": [
                "text"
              ]
            }
          }
        }
      },
      "actions": {
        "HTTP_Demo_that_Dataverse_API_request_no_longer_succeeds": {
          "runAfter": {
            "Run_a_Child_Flow_-_Disable_the_App_User_for_Security": [
              "Succeeded"
            ]
          },
          "metadata": {
            "operationMetadataId": "a8938403-37d3-4ea6-a58f-6e4cfd18be17"
          },
          "type": "Http",
          "inputs": {
            "method": "GET",
            "uri": "@{outputs('Get_Environment_as_Admin')?['body/properties/linkedEnvironmentMetadata/instanceUrl']}/api/data/v9.2/",
            "authentication": {
              "type": "ActiveDirectoryOAuth",
              "tenant": "@outputs('Get_Environment_as_Admin')?['body/properties/createdBy/tenantId']",
              "audience": "@outputs('Get_Environment_as_Admin')?['body/properties/linkedEnvironmentMetadata/instanceApiUrl']",
              "clientId": "@parameters('AppUsersGeneratorClientId (ptricks_AppUsersGeneratorClientId)')",
              "secret": "@outputs('Perform_an_unbound_action_-_Get_App_Secret')?['body/EnvironmentVariableSecretValue']"
            }
          },
          "runtimeConfiguration": {
            "secureData": {
              "properties": [
                "inputs"
              ]
            }
          }
        },
        "Run_a_Child_Flow_-_Enable_or_Create_the_App_Users": {
          "runAfter": {},
          "metadata": {
            "operationMetadataId": "39cd6689-5f67-41b6-8a67-93f961670dd2"
          },
          "type": "Workflow",
          "inputs": {
            "host": {
              "workflowReferenceName": "4ac1ae31-adef-ee11-904c-000d3a4eedfe"
            },
            "body": {
              "text": "@triggerBody()['text']"
            }
          }
        },
        "Run_a_Child_Flow_-_Disable_the_App_User_for_Security": {
          "runAfter": {
            "Scope_Actions_requiring_App_User_and_Dataverse_API": [
              "Succeeded"
            ]
          },
          "metadata": {
            "operationMetadataId": "ebd9fb49-095c-45f4-9033-e911407b2f0b"
          },
          "type": "Workflow",
          "inputs": {
            "host": {
              "workflowReferenceName": "bac52459-bcef-ee11-904c-000d3a4eedfe"
            },
            "body": {
              "text": "@triggerBody()['text']"
            }
          }
        },
        "Scope_Actions_requiring_App_User_and_Dataverse_API": {
          "actions": {
            "Perform_an_unbound_action_-_Get_App_Secret": {
              "runAfter": {},
              "metadata": {
                "operationMetadataId": "324e84cc-eb67-4fea-8c38-f55b562d646e"
              },
              "type": "OpenApiConnection",
              "inputs": {
                "host": {
                  "connectionName": "shared_commondataserviceforapps",
                  "operationId": "PerformUnboundAction",
                  "apiId": "/providers/Microsoft.PowerApps/apis/shared_commondataserviceforapps"
                },
                "parameters": {
                  "actionName": "RetrieveEnvironmentVariableSecretValue",
                  "item/EnvironmentVariableName": "ptricks_AppUsersGeneratorSecret"
                },
                "authentication": {
                  "type": "Raw",
                  "value": "@json(decodeBase64(triggerOutputs().headers['X-MS-APIM-Tokens']))['$ConnectionKey']"
                }
              },
              "runtimeConfiguration": {
                "secureData": {
                  "properties": [
                    "outputs"
                  ]
                }
              }
            },
            "HTTP_Example_Dataverse_API_request": {
              "runAfter": {
                "Get_Environment_as_Admin": [
                  "Succeeded"
                ]
              },
              "metadata": {
                "operationMetadataId": "35c2f38c-313f-470f-bb44-a870e2b975de"
              },
              "type": "Http",
              "inputs": {
                "method": "GET",
                "uri": "@{outputs('Get_Environment_as_Admin')?['body/properties/linkedEnvironmentMetadata/instanceUrl']}/api/data/v9.2/",
                "authentication": {
                  "type": "ActiveDirectoryOAuth",
                  "tenant": "@outputs('Get_Environment_as_Admin')?['body/properties/createdBy/tenantId']",
                  "audience": "@outputs('Get_Environment_as_Admin')?['body/properties/linkedEnvironmentMetadata/instanceApiUrl']",
                  "clientId": "@parameters('AppUsersGeneratorClientId (ptricks_AppUsersGeneratorClientId)')",
                  "secret": "@outputs('Perform_an_unbound_action_-_Get_App_Secret')?['body/EnvironmentVariableSecretValue']"
                }
              },
              "runtimeConfiguration": {
                "secureData": {
                  "properties": [
                    "inputs"
                  ]
                }
              }
            },
            "Get_Environment_as_Admin": {
              "runAfter": {
                "Perform_an_unbound_action_-_Get_App_Secret": [
                  "Succeeded"
                ]
              },
              "metadata": {
                "operationMetadataId": "72624d58-4158-4f29-add2-2c40b58b705d"
              },
              "type": "OpenApiConnection",
              "inputs": {
                "host": {
                  "connectionName": "shared_powerplatformforadmins",
                  "operationId": "GetSingleEnvironment",
                  "apiId": "/providers/Microsoft.PowerApps/apis/shared_powerplatformforadmins"
                },
                "parameters": {
                  "environment": "@triggerBody()['text']",
                  "api-version": "2018-10-01"
                },
                "authentication": {
                  "type": "Raw",
                  "value": "@json(decodeBase64(triggerOutputs().headers['X-MS-APIM-Tokens']))['$ConnectionKey']"
                }
              }
            }
          },
          "runAfter": {
            "Run_a_Child_Flow_-_Enable_or_Create_the_App_Users": [
              "Succeeded"
            ]
          },
          "metadata": {
            "operationMetadataId": "337624ad-dfa1-49a8-9be8-6acaf0d362d3"
          },
          "type": "Scope"
        },
        "Terminate_-_Expected_failure_for_demo": {
          "runAfter": {
            "HTTP_Demo_that_Dataverse_API_request_no_longer_succeeds": [
              "Failed",
              "TimedOut"
            ]
          },
          "metadata": {
            "operationMetadataId": "d723af2b-95f7-46e5-b294-c026aad01c36"
          },
          "type": "Terminate",
          "inputs": {
            "runStatus": "Succeeded"
          }
        }
      },
      "outputs": {}
    },
    "templateName": ""
  },
  "schemaVersion": "1.0.0.0"
}