{
  "properties": {
    "connectionReferences": {},
    "definition": {
      "$schema": "https://schema.management.azure.com/providers/Microsoft.Logic/schemas/2016-06-01/workflowdefinition.json#",
      "contentVersion": "1.0.0.0",
      "parameters": {
        "$authentication": {
          "defaultValue": {},
          "type": "SecureObject"
        }
      },
      "triggers": {
        "manual": {
          "metadata": {
            "operationMetadataId": "096d8c00-6366-42fd-ac32-8fbb6a001bb2"
          },
          "type": "Request",
          "kind": "PowerAppV2",
          "inputs": {
            "schema": {
              "type": "object",
              "properties": {
                "text": {
                  "title": "ReportType",
                  "type": "string",
                  "x-ms-dynamically-added": true,
                  "description": "Please enter your input",
                  "x-ms-content-hint": "TEXT"
                },
                "text_1": {
                  "title": "StartDate",
                  "type": "string",
                  "x-ms-dynamically-added": true,
                  "description": "Please enter your input",
                  "x-ms-content-hint": "TEXT"
                },
                "text_2": {
                  "title": "EndDate",
                  "type": "string",
                  "x-ms-dynamically-added": true,
                  "description": "Please enter your input",
                  "x-ms-content-hint": "TEXT"
                }
              },
              "required": [
                "text",
                "text_1",
                "text_2"
              ]
            }
          }
        }
      },
      "actions": {
        "Run_a_Child_Flow": {
          "runAfter": {},
          "metadata": {
            "operationMetadataId": "38619d89-feea-43b5-9110-35e55238cd64"
          },
          "type": "Workflow",
          "inputs": {
            "host": {
              "workflowReferenceName": "a2dafcd4-9d78-ee11-8179-000d3a4eedfe"
            },
            "body": {
              "text": "@triggerBody()['text_1']",
              "text_1": "@triggerBody()['text_2']",
              "text_3": "@triggerBody()['text']",
              "text_2": "Adhoc"
            }
          }
        },
        "Respond_to_a_PowerApp_or_flow": {
          "runAfter": {
            "Run_a_Child_Flow": [
              "Succeeded"
            ]
          },
          "metadata": {
            "operationMetadataId": "8f800aba-3432-4345-a305-a1da5fa636d4"
          },
          "type": "Response",
          "kind": "PowerApp",
          "inputs": {
            "statusCode": 200,
            "body": {
              "link": "@{body('Run_a_Child_Flow')}"
            },
            "schema": {
              "type": "object",
              "properties": {
                "link": {
                  "title": "link",
                  "x-ms-dynamically-added": true,
                  "type": "string"
                }
              }
            }
          }
        }
      },
      "outputs": {}
    },
    "templateName": null
  },
  "schemaVersion": "1.0.0.0"
}