{
  "properties": {
    "connectionReferences": {
      "shared_commondataserviceforapps_1": {
        "runtimeSource": "embedded",
        "connection": {
          "connectionReferenceLogicalName": "ptricks_sharedcommondataserviceforapps_4dbd3"
        },
        "api": {
          "name": "shared_commondataserviceforapps"
        }
      },
      "shared_flowmanagement_1": {
        "runtimeSource": "embedded",
        "connection": {
          "connectionReferenceLogicalName": "ptricks_sharedflowmanagement_8fee1"
        },
        "api": {
          "name": "shared_flowmanagement"
        }
      }
    },
    "definition": {
      "$schema": "https://schema.management.azure.com/providers/Microsoft.Logic/schemas/2016-06-01/workflowdefinition.json#",
      "contentVersion": "1.0.0.0",
      "parameters": {
        "$authentication": {
          "defaultValue": {},
          "type": "SecureObject"
        },
        "$connections": {
          "defaultValue": {},
          "type": "Object"
        }
      },
      "triggers": {
        "manual": {
          "metadata": {
            "operationMetadataId": "94313c58-a69a-41ab-9b03-7844bae83414"
          },
          "type": "Request",
          "kind": "PowerAppV2",
          "inputs": {
            "schema": {
              "type": "object",
              "properties": {
                "email": {
                  "title": "newOwnerEmail",
                  "type": "string",
                  "format": "email",
                  "x-ms-dynamically-added": true,
                  "description": "Please enter an e-mail address",
                  "x-ms-content-hint": "EMAIL"
                },
                "text": {
                  "title": "flowArray",
                  "type": "string",
                  "x-ms-dynamically-added": true,
                  "description": "Please enter your input",
                  "x-ms-content-hint": "TEXT"
                },
                "text_1": {
                  "title": "environmentId",
                  "type": "string",
                  "x-ms-dynamically-added": true,
                  "description": "Please enter your input",
                  "x-ms-content-hint": "TEXT"
                },
                "text_2": {
                  "title": "aadUserId",
                  "type": "string",
                  "x-ms-dynamically-added": true,
                  "description": "Please enter your input",
                  "x-ms-content-hint": "TEXT"
                }
              },
              "required": [
                "email",
                "text",
                "text_1",
                "text_2"
              ]
            }
          }
        }
      },
      "actions": {
        "Respond_to_a_PowerApp_or_flow": {
          "runAfter": {
            "Apply_to_each_Flow": [
              "Succeeded"
            ]
          },
          "metadata": {
            "operationMetadataId": "78fb24d7-130e-4666-816c-f8ac283c7db0"
          },
          "type": "Response",
          "kind": "PowerApp",
          "inputs": {
            "schema": {
              "type": "object",
              "properties": {
                "result": {
                  "title": "Result",
                  "x-ms-dynamically-added": true,
                  "type": "string"
                },
                "countcoowneronly": {
                  "title": "CountCoOwnerOnly",
                  "x-ms-dynamically-added": true,
                  "type": "string"
                }
              },
              "additionalProperties": {}
            },
            "statusCode": 200,
            "body": {
              "result": "Succeeded",
              "countcoowneronly": "@{variables('varCountrCoOwnerOnly')}"
            }
          }
        },
        "Apply_to_each_Flow": {
          "foreach": "@json(triggerBody()['text'])",
          "actions": {
            "Run_a_Child_Flow_-_Update_main_Owner": {
              "metadata": {
                "operationMetadataId": "90ad1e59-e0a9-4a5f-b0cc-874351147f1c"
              },
              "type": "Workflow",
              "inputs": {
                "host": {
                  "workflowReferenceName": "b4a4adb4-68f0-ee11-904c-000d3a4eedfe"
                },
                "body": {
                  "text": "@item()?['Value']",
                  "text_1": "@triggerBody()['text_1']",
                  "text_2": "Cloud Flow",
                  "boolean": true,
                  "email": "@triggerBody()['email']"
                }
              }
            },
            "Condition_if_succeeded": {
              "actions": {
                "See_if_already_in_Maker_Table": {
                  "metadata": {
                    "operationMetadataId": "482e8b7a-5875-4a91-8d5f-4ebad8a4bd73"
                  },
                  "type": "OpenApiConnection",
                  "inputs": {
                    "parameters": {
                      "entityName": "admin_makers",
                      "$filter": "admin_makerid eq '@{triggerBody()['text_2']}'"
                    },
                    "host": {
                      "apiId": "/providers/Microsoft.PowerApps/apis/shared_commondataserviceforapps",
                      "operationId": "ListRecords",
                      "connectionName": "shared_commondataserviceforapps_1"
                    }
                  }
                },
                "if_not,_add_them": {
                  "actions": {
                    "Maker_Check": {
                      "metadata": {
                        "operationMetadataId": "8d6cb808-f0e3-4ae9-94ff-a748bea47d1e"
                      },
                      "type": "Workflow",
                      "inputs": {
                        "host": {
                          "workflowReferenceName": "9301f01a-cb40-ec11-8c62-00224829b4c1"
                        },
                        "body": {
                          "text": "@triggerBody()['text_2']",
                          "boolean": false
                        }
                      }
                    }
                  },
                  "runAfter": {
                    "See_if_already_in_Maker_Table": [
                      "Succeeded"
                    ]
                  },
                  "else": {
                    "actions": {}
                  },
                  "expression": {
                    "equals": [
                      "@length(outputs('See_if_already_in_Maker_Table')?['body/value'])",
                      0
                    ]
                  },
                  "metadata": {
                    "operationMetadataId": "49247e83-fd5a-482c-a353-56f542d942c0"
                  },
                  "type": "If"
                },
                "Get_Maker": {
                  "runAfter": {
                    "if_not,_add_them": [
                      "Succeeded"
                    ]
                  },
                  "metadata": {
                    "operationMetadataId": "0cc57703-0555-4691-9cc5-76044fbfc8e0"
                  },
                  "type": "OpenApiConnection",
                  "inputs": {
                    "parameters": {
                      "entityName": "admin_makers",
                      "recordId": "@triggerBody()['text_2']"
                    },
                    "host": {
                      "apiId": "/providers/Microsoft.PowerApps/apis/shared_commondataserviceforapps",
                      "operationId": "GetItem",
                      "connectionName": "shared_commondataserviceforapps_1"
                    }
                  }
                },
                "Update_Flow_Maker_in_CoE_Kit_Flow_table": {
                  "runAfter": {
                    "Get_Maker": [
                      "Succeeded"
                    ]
                  },
                  "metadata": {
                    "operationMetadataId": "6288ea6b-f69a-4e28-afcc-7a3be8a583b7"
                  },
                  "type": "OpenApiConnection",
                  "inputs": {
                    "parameters": {
                      "entityName": "admin_flows",
                      "recordId": "@item()?['Value']",
                      "item/admin_DerivedOwner@odata.bind": "admin_makers(@{outputs('Get_Maker')?['body/admin_makerid']})"
                    },
                    "host": {
                      "apiId": "/providers/Microsoft.PowerApps/apis/shared_commondataserviceforapps",
                      "operationId": "UpdateRecord",
                      "connectionName": "shared_commondataserviceforapps_1"
                    }
                  }
                }
              },
              "runAfter": {
                "Run_a_Child_Flow_-_Update_main_Owner": [
                  "Succeeded"
                ]
              },
              "else": {
                "actions": {
                  "Modify_Flow_Owners_as_Admin": {
                    "metadata": {
                      "operationMetadataId": "799385f3-d6cd-4f49-b2e4-4430a3aeedfb"
                    },
                    "type": "OpenApiConnection",
                    "inputs": {
                      "parameters": {
                        "environmentName": "@triggerBody()['text_1']",
                        "flowName": "@item()?['Value']",
                        "permissions/put": [
                          {
                            "properties/principal/id": "@triggerBody()['text_2']",
                            "properties/principal/type": "User"
                          }
                        ]
                      },
                      "host": {
                        "apiId": "/providers/Microsoft.PowerApps/apis/shared_flowmanagement",
                        "operationId": "AdminModifyFlowOwners",
                        "connectionName": "shared_flowmanagement_1"
                      }
                    }
                  },
                  "Increment_varCountrCoOwnerOnly": {
                    "runAfter": {
                      "Modify_Flow_Owners_as_Admin": [
                        "Succeeded"
                      ]
                    },
                    "metadata": {
                      "operationMetadataId": "0c0631c1-15ff-44b4-9877-691c8e525928"
                    },
                    "type": "IncrementVariable",
                    "inputs": {
                      "name": "varCountrCoOwnerOnly",
                      "value": 1
                    }
                  }
                }
              },
              "expression": {
                "equals": [
                  "@body('Run_a_Child_Flow_-_Update_main_Owner')?['result']",
                  "Succeeded"
                ]
              },
              "metadata": {
                "operationMetadataId": "f8be7d23-e8c7-40cd-85d6-c1d3b9f82d52"
              },
              "type": "If"
            }
          },
          "runAfter": {
            "Initialize_varCountrCoOwnerOnly": [
              "Succeeded"
            ]
          },
          "metadata": {
            "operationMetadataId": "d5172103-08a9-43e0-b3d4-c9ff9e85e47a"
          },
          "type": "Foreach"
        },
        "Initialize_varCountrCoOwnerOnly": {
          "runAfter": {},
          "metadata": {
            "operationMetadataId": "0e2727cf-6c67-406b-b279-b7224e20a044"
          },
          "type": "InitializeVariable",
          "inputs": {
            "variables": [
              {
                "name": "varCountrCoOwnerOnly",
                "type": "integer",
                "value": 0
              }
            ]
          }
        },
        "Respond_to_a_PowerApp_or_flow_2": {
          "runAfter": {
            "Apply_to_each_Flow": [
              "Failed",
              "Skipped",
              "TimedOut"
            ]
          },
          "metadata": {
            "operationMetadataId": "78fb24d7-130e-4666-816c-f8ac283c7db0"
          },
          "type": "Response",
          "kind": "PowerApp",
          "inputs": {
            "schema": {
              "type": "object",
              "properties": {
                "result": {
                  "title": "Result",
                  "x-ms-dynamically-added": true,
                  "type": "string"
                },
                "countcoowneronly": {
                  "title": "CountCoOwnerOnly",
                  "x-ms-dynamically-added": true,
                  "type": "string"
                }
              },
              "additionalProperties": {}
            },
            "statusCode": 200,
            "body": {
              "result": "Failed",
              "countcoowneronly": "@{variables('varCountrCoOwnerOnly')}"
            }
          }
        }
      }
    },
    "templateName": null
  },
  "schemaVersion": "1.0.0.0"
}