{
  "properties": {
    "connectionReferences": {
      "shared_commondataserviceforapps_1": {
        "api": {
          "name": "shared_commondataserviceforapps"
        },
        "connection": {
          "connectionReferenceLogicalName": "ptricks_sharedcommondataserviceforapps_ced1f"
        },
        "runtimeSource": "embedded"
      },
      "shared_office365_1": {
        "api": {
          "name": "shared_office365"
        },
        "connection": {
          "connectionReferenceLogicalName": "ptricks_sharedoffice365_8eb79"
        },
        "runtimeSource": "embedded"
      }
    },
    "definition": {
      "$schema": "https://schema.management.azure.com/providers/Microsoft.Logic/schemas/2016-06-01/workflowdefinition.json#",
      "contentVersion": "1.0.0.0",
      "parameters": {
        "$authentication": {
          "defaultValue": {},
          "type": "SecureObject"
        },
        "$connections": {
          "defaultValue": {},
          "type": "Object"
        },
        "EpmTenantId (ptricks_EpmTenantId)": {
          "defaultValue": "58f1a3b1-81b9-4355-8de1-fa00d6102a86",
          "type": "String",
          "metadata": {
            "schemaName": "ptricks_EpmTenantId"
          }
        },
        "EpmClientId (ptricks_EpmClientId)": {
          "defaultValue": "3839d13e-4741-43b6-9e0b-ec2540bf3575",
          "type": "String",
          "metadata": {
            "schemaName": "ptricks_EpmClientId"
          }
        },
        "EpmEmailFailure (ptricks_EpmEmailFailure)": {
          "defaultValue": "valadmin@powertricks.onmicrosoft.com",
          "type": "String",
          "metadata": {
            "schemaName": "ptricks_EpmEmailFailure",
            "description": "Email address used to send emails to and from in case of failures"
          }
        }
      },
      "triggers": {
        "Recurrence": {
          "type": "Recurrence",
          "recurrence": {
            "frequency": "Week",
            "interval": 1
          },
          "metadata": {
            "operationMetadataId": "5fd758e4-5099-4302-976b-6224c6e70bc4"
          }
        }
      },
      "actions": {
        "Scope_Main": {
          "type": "Scope",
          "actions": {
            "Perform_an_unbound_action": {
              "type": "OpenApiConnection",
              "inputs": {
                "parameters": {
                  "actionName": "RetrieveEnvironmentVariableSecretValue",
                  "item/EnvironmentVariableName": "ptricks_EpmSecret"
                },
                "host": {
                  "apiId": "/providers/Microsoft.PowerApps/apis/shared_commondataserviceforapps",
                  "operationId": "PerformUnboundAction",
                  "connectionName": "shared_commondataserviceforapps_1"
                }
              },
              "runtimeConfiguration": {
                "secureData": {
                  "properties": [
                    "outputs"
                  ]
                }
              },
              "metadata": {
                "operationMetadataId": "0a6bf7b0-e016-493f-8b4b-761fd96f9d5f"
              }
            },
            "HTTP_list_connector_with_configurable_endpoints": {
              "type": "Http",
              "inputs": {
                "uri": "https://api.bap.microsoft.com/providers/PowerPlatform.Governance/v1/connectors/metadata/endpointfiltering",
                "method": "GET",
                "authentication": {
                  "type": "ActiveDirectoryOAuth",
                  "tenant": "@parameters('EpmTenantId (ptricks_EpmTenantId)')",
                  "audience": "https://api.bap.microsoft.com",
                  "clientId": "@parameters('EpmClientId (ptricks_EpmClientId)')",
                  "secret": "@outputs('Perform_an_unbound_action')?['body/EnvironmentVariableSecretValue']"
                }
              },
              "runAfter": {
                "Perform_an_unbound_action": [
                  "Succeeded"
                ]
              },
              "metadata": {
                "operationMetadataId": "a404462b-a702-4790-80a6-1d7d8ba4bc92"
              }
            },
            "Apply_to_each_Connector": {
              "type": "Foreach",
              "foreach": "@variables('varConnectors')",
              "actions": {
                "List_rows_to_see_if_already_exists": {
                  "type": "OpenApiConnection",
                  "inputs": {
                    "parameters": {
                      "entityName": "ptricks_supportedconnectors",
                      "$filter": "ptricks_connectorid eq '@{item()?['id']}'"
                    },
                    "host": {
                      "apiId": "/providers/Microsoft.PowerApps/apis/shared_commondataserviceforapps",
                      "operationId": "ListRecords",
                      "connectionName": "shared_commondataserviceforapps_1"
                    }
                  },
                  "metadata": {
                    "operationMetadataId": "87739092-a704-4a8e-aaec-4912dab06dce"
                  }
                },
                "Condition_create_if_new_and_upsert_if_exists": {
                  "type": "If",
                  "expression": {
                    "and": [
                      {
                        "equals": [
                          "@length(outputs('List_rows_to_see_if_already_exists')?['body/value'])",
                          0
                        ]
                      }
                    ]
                  },
                  "actions": {
                    "Add_Supported_Connector": {
                      "type": "OpenApiConnection",
                      "inputs": {
                        "parameters": {
                          "entityName": "ptricks_supportedconnectors",
                          "item/ptricks_name": "@item()?['metadata']?['name']",
                          "item/ptricks_connectorid": "@item()?['id']",
                          "item/ptricks_endpointfilterdescription": "@item()?['metadata']?['endpointFilterDescription']",
                          "item/ptricks_endpointfilterinfotext": "@item()?['metadata']?['endpointFilterInfoText']",
                          "item/ptricks_endpointfiltertype": "@item()?['metadata']?['endpointFilterType']"
                        },
                        "host": {
                          "apiId": "/providers/Microsoft.PowerApps/apis/shared_commondataserviceforapps",
                          "operationId": "CreateRecord",
                          "connectionName": "shared_commondataserviceforapps_1"
                        }
                      },
                      "metadata": {
                        "operationMetadataId": "67b9b5fc-dcf7-43b2-a3f8-18352b84d5c4"
                      }
                    }
                  },
                  "else": {
                    "actions": {
                      "Upsert_Supported_Connector": {
                        "type": "OpenApiConnection",
                        "inputs": {
                          "parameters": {
                            "entityName": "ptricks_supportedconnectors",
                            "recordId": "@First(outputs('List_rows_to_see_if_already_exists')?['body/value'])?['ptricks_supportedconnectorid']",
                            "item/ptricks_name": "@item()?['metadata']?['name']",
                            "item/ptricks_connectorid": "@item()?['id']",
                            "item/ptricks_endpointfilterdescription": "@item()?['metadata']?['endpointFilterDescription']",
                            "item/ptricks_endpointfilterinfotext": "@item()?['metadata']?['endpointFilterInfoText']",
                            "item/ptricks_endpointfiltertype": "@item()?['metadata']?['endpointFilterType']"
                          },
                          "host": {
                            "apiId": "/providers/Microsoft.PowerApps/apis/shared_commondataserviceforapps",
                            "operationId": "UpdateRecord",
                            "connectionName": "shared_commondataserviceforapps_1"
                          }
                        },
                        "metadata": {
                          "operationMetadataId": "26bb8659-734f-4ca5-8ed2-64363177fa7e"
                        }
                      }
                    }
                  },
                  "runAfter": {
                    "List_rows_to_see_if_already_exists": [
                      "Succeeded"
                    ]
                  },
                  "metadata": {
                    "operationMetadataId": "1c0ff0d4-d0f1-466c-a449-dffb7f982b22"
                  }
                }
              },
              "runAfter": {
                "Append_to_varConnectors_with_custom_connector": [
                  "Succeeded"
                ]
              },
              "metadata": {
                "operationMetadataId": "f3c3fc70-9f8d-4b94-9d2b-8c0f13e9c9de"
              }
            },
            "Set_varConnectors": {
              "type": "SetVariable",
              "inputs": {
                "name": "varConnectors",
                "value": "@body('HTTP_list_connector_with_configurable_endpoints')"
              },
              "runAfter": {
                "HTTP_list_connector_with_configurable_endpoints": [
                  "Succeeded"
                ]
              },
              "metadata": {
                "operationMetadataId": "c2213483-7b3b-4303-b0a5-e58beab8bb94"
              }
            },
            "Append_to_varConnectors_with_custom_connector": {
              "type": "AppendToArrayVariable",
              "inputs": {
                "name": "varConnectors",
                "value": {
                  "id": "CustomConnector",
                  "metadata": {
                    "name": "CustomConnector",
                    "endpointFilteringSupported": true,
                    "endpointFilterDescription": "Create a list of rules to limit access to custom connectors in order of priority. Enter a full custom connector URL pattern, or use pattern matching with '*'.",
                    "endpointFilterDisplayName": "Endpoint",
                    "endpointFilterType": "Http"
                  }
                }
              },
              "runAfter": {
                "Set_varConnectors": [
                  "Succeeded"
                ]
              },
              "metadata": {
                "operationMetadataId": "2050cc66-ec2b-4db0-9e7f-5ccdbf1cd489"
              }
            }
          },
          "runAfter": {
            "Initialize_varConnectors": [
              "Succeeded"
            ]
          },
          "metadata": {
            "operationMetadataId": "9e87f696-6892-4f1e-895d-c6cfa8b8ed89"
          }
        },
        "Scope_If_Error": {
          "type": "Scope",
          "actions": {
            "Send_an_email_(V2)": {
              "type": "OpenApiConnection",
              "inputs": {
                "parameters": {
                  "emailMessage/To": "@parameters('EpmEmailFailure (ptricks_EpmEmailFailure)')",
                  "emailMessage/Subject": "Epm - Failure to deply Endpoint Policy",
                  "emailMessage/Body": "<p>This is an automated email to let you know that there has been an error to refresh the connectors supporting endpoing filtering.<br>\nFlow run: @{concat('https://make.powerautomate.com/manage/environments/', workflow()['tags']['environmentName'], '/flows/', workflow()['name'], '/runs/', workflow()['run']['name'])}<br>\nMany thanks</p>",
                  "emailMessage/From": "@parameters('EpmEmailFailure (ptricks_EpmEmailFailure)')",
                  "emailMessage/Importance": "Normal"
                },
                "host": {
                  "apiId": "/providers/Microsoft.PowerApps/apis/shared_office365",
                  "operationId": "SendEmailV2",
                  "connectionName": "shared_office365_1"
                }
              },
              "metadata": {
                "operationMetadataId": "6503c7d4-cafa-4d58-bf43-186269572808"
              }
            },
            "Terminate": {
              "type": "Terminate",
              "inputs": {
                "runStatus": "Failed"
              },
              "runAfter": {
                "Send_an_email_(V2)": [
                  "SUCCEEDED"
                ]
              }
            }
          },
          "runAfter": {
            "Scope_Main": [
              "TimedOut",
              "Skipped",
              "Failed"
            ]
          },
          "metadata": {
            "operationMetadataId": "1568c7a9-5660-4c95-9c7a-f18eb90c1735"
          }
        },
        "Initialize_varConnectors": {
          "type": "InitializeVariable",
          "inputs": {
            "variables": [
              {
                "name": "varConnectors",
                "type": "array"
              }
            ]
          },
          "runAfter": {},
          "metadata": {
            "operationMetadataId": "9126061c-76c1-461e-9fee-85d2505184da"
          }
        }
      },
      "outputs": {}
    },
    "templateName": null
  },
  "schemaVersion": "1.0.0.0"
}