{
  "properties": {
    "connectionReferences": {
      "shared_powerplatformforadmins_1": {
        "api": {
          "name": "shared_powerplatformforadmins"
        },
        "connection": {
          "connectionReferenceLogicalName": "ptricks_sharedpowerplatformforadmins_b869c"
        },
        "runtimeSource": "embedded"
      },
      "shared_commondataserviceforapps_1": {
        "api": {
          "name": "shared_commondataserviceforapps"
        },
        "connection": {
          "connectionReferenceLogicalName": "ptricks_sharedcommondataserviceforapps_ced1f"
        },
        "runtimeSource": "embedded"
      },
      "shared_office365_1": {
        "api": {
          "name": "shared_office365"
        },
        "connection": {
          "connectionReferenceLogicalName": "ptricks_sharedoffice365_8eb79"
        },
        "runtimeSource": "embedded"
      }
    },
    "definition": {
      "$schema": "https://schema.management.azure.com/providers/Microsoft.Logic/schemas/2016-06-01/workflowdefinition.json#",
      "contentVersion": "1.0.0.0",
      "parameters": {
        "$authentication": {
          "defaultValue": {},
          "type": "SecureObject"
        },
        "$connections": {
          "defaultValue": {},
          "type": "Object"
        },
        "EpmEmailFailure (ptricks_EpmEmailFailure)": {
          "defaultValue": "valadmin@powertricks.onmicrosoft.com",
          "type": "String",
          "metadata": {
            "schemaName": "ptricks_EpmEmailFailure",
            "description": "Email address used to send emails to and from in case of failures"
          }
        },
        "EpmTenantId (ptricks_EpmTenantId)": {
          "defaultValue": "58f1a3b1-81b9-4355-8de1-fa00d6102a86",
          "type": "String",
          "metadata": {
            "schemaName": "ptricks_EpmTenantId"
          }
        },
        "EpmClientId (ptricks_EpmClientId)": {
          "defaultValue": "3839d13e-4741-43b6-9e0b-ec2540bf3575",
          "type": "String",
          "metadata": {
            "schemaName": "ptricks_EpmClientId"
          }
        }
      },
      "triggers": {
        "Recurrence": {
          "type": "Recurrence",
          "recurrence": {
            "frequency": "Day",
            "interval": 1
          },
          "metadata": {
            "operationMetadataId": "3f8a1df2-0880-4d61-af9a-4084481ecbbf"
          }
        }
      },
      "actions": {
        "Scope_Main": {
          "type": "Scope",
          "actions": {
            "List_DLP_Policies_V2_tenant": {
              "type": "OpenApiConnection",
              "inputs": {
                "host": {
                  "apiId": "/providers/Microsoft.PowerApps/apis/shared_powerplatformforadmins",
                  "operationId": "ListPoliciesV2",
                  "connectionName": "shared_powerplatformforadmins_1"
                }
              },
              "metadata": {
                "operationMetadataId": "e78eb9ee-01b5-4b98-8625-da5385da4954"
              }
            },
            "List_rows_-_existing_policies": {
              "type": "OpenApiConnection",
              "inputs": {
                "parameters": {
                  "entityName": "ptricks_datapolicieses",
                  "$select": "ptricks_name, ptricks_policyid",
                  "$filter": "ptricks_isdeleted eq false"
                },
                "host": {
                  "apiId": "/providers/Microsoft.PowerApps/apis/shared_commondataserviceforapps",
                  "operationId": "ListRecords",
                  "connectionName": "shared_commondataserviceforapps_1"
                }
              },
              "runAfter": {
                "Perform_an_unbound_action_-_get_secret": [
                  "Succeeded"
                ]
              },
              "runtimeConfiguration": {
                "paginationPolicy": {
                  "minimumItemCount": 5000
                }
              },
              "metadata": {
                "operationMetadataId": "784cbead-a77a-4602-9474-96bdb5e7b826"
              }
            },
            "Select_tenant_policie_names": {
              "type": "Select",
              "inputs": {
                "from": "@body('Filter_array_only_keep_tenant_Dlps')",
                "select": "@item()?['name']"
              },
              "runAfter": {
                "List_rows_-_existing_policies": [
                  "Succeeded"
                ]
              },
              "metadata": {
                "operationMetadataId": "a0ff430b-3445-4268-b432-8891b06bee67"
              }
            },
            "Filter_array_get_deleted_policy": {
              "type": "Query",
              "inputs": {
                "from": "@outputs('List_rows_-_existing_policies')?['body/value']",
                "where": "@not(contains(body('Select_tenant_policie_names'), item()?['ptricks_datapoliciesid']))"
              },
              "runAfter": {
                "Select_tenant_policie_names": [
                  "Succeeded"
                ]
              },
              "metadata": {
                "operationMetadataId": "654aaeb6-2812-4ca1-85ce-7ab383c4a22c"
              }
            },
            "Apply_to_each_policy_to_mark_as_deleted": {
              "type": "Foreach",
              "foreach": "@body('Filter_array_get_deleted_policy')",
              "actions": {
                "Update_a_row_-_mark_policy_as_deleted": {
                  "type": "OpenApiConnection",
                  "inputs": {
                    "parameters": {
                      "entityName": "ptricks_datapolicieses",
                      "recordId": "@item()?['ptricks_datapoliciesid']",
                      "item/ptricks_isdeleted": true
                    },
                    "host": {
                      "apiId": "/providers/Microsoft.PowerApps/apis/shared_commondataserviceforapps",
                      "operationId": "UpdateOnlyRecord",
                      "connectionName": "shared_commondataserviceforapps_1"
                    }
                  },
                  "metadata": {
                    "operationMetadataId": "51828cb6-1765-4f14-bfc3-646a576d1dca"
                  }
                }
              },
              "runAfter": {
                "Filter_array_get_deleted_policy": [
                  "Succeeded"
                ]
              },
              "metadata": {
                "operationMetadataId": "73369664-3542-4038-9fba-78cbcbeb7330"
              }
            },
            "Apply_to_each_tenant_policy": {
              "type": "Foreach",
              "foreach": "@body('Filter_array_only_keep_tenant_Dlps')",
              "actions": {
                "HTTP_GET_Endpoint_Filtering_Rules": {
                  "type": "Http",
                  "inputs": {
                    "uri": "https://api.bap.microsoft.com/providers/PowerPlatform.Governance/v1/tenants/@{parameters('EpmTenantId (ptricks_EpmTenantId)')}/policies/@{items('Apply_to_each_tenant_policy')?['name']}/policyconnectorconfigurations",
                    "method": "GET",
                    "authentication": {
                      "type": "ActiveDirectoryOAuth",
                      "tenant": "@parameters('EpmTenantId (ptricks_EpmTenantId)')",
                      "audience": "https://api.bap.microsoft.com",
                      "clientId": "@parameters('EpmClientId (ptricks_EpmClientId)')",
                      "secret": "@outputs('Perform_an_unbound_action_-_get_secret')?['body/EnvironmentVariableSecretValue']"
                    }
                  },
                  "metadata": {
                    "operationMetadataId": "d5c3887d-8e72-4143-88ef-c72d54ebb44d"
                  }
                },
                "Upsert_a_row_-_policy": {
                  "type": "OpenApiConnection",
                  "inputs": {
                    "parameters": {
                      "entityName": "ptricks_datapolicieses",
                      "recordId": "@items('Apply_to_each_tenant_policy')?['name']",
                      "item/ptricks_name": "@items('Apply_to_each_tenant_policy')?['displayName']",
                      "item/ptricks_currentcustomconnectorrules": "@body('HTTP_GET_CustomConnector_Rules')",
                      "item/ptricks_currentendpointconfigurations": "@body('HTTP_GET_Endpoint_Filtering_Rules')?['endpointConfigurations']",
                      "item/ptricks_isdeleted": false,
                      "item/ptricks_policyid": "@items('Apply_to_each_tenant_policy')?['name']"
                    },
                    "host": {
                      "apiId": "/providers/Microsoft.PowerApps/apis/shared_commondataserviceforapps",
                      "operationId": "UpdateRecord",
                      "connectionName": "shared_commondataserviceforapps_1"
                    }
                  },
                  "runAfter": {
                    "HTTP_GET_CustomConnector_Rules": [
                      "Succeeded"
                    ]
                  },
                  "metadata": {
                    "operationMetadataId": "ffdc10d7-d27f-44ea-a10e-8a7987c57c63"
                  }
                },
                "HTTP_GET_CustomConnector_Rules": {
                  "type": "Http",
                  "inputs": {
                    "uri": "https://api.bap.microsoft.com/providers/PowerPlatform.Governance/v1/tenants/@{parameters('EpmTenantId (ptricks_EpmTenantId)')}/policies/@{items('Apply_to_each_tenant_policy')?['name']}/urlPatterns",
                    "method": "GET",
                    "authentication": {
                      "type": "ActiveDirectoryOAuth",
                      "tenant": "@parameters('EpmTenantId (ptricks_EpmTenantId)')",
                      "audience": "https://api.bap.microsoft.com",
                      "clientId": "@parameters('EpmClientId (ptricks_EpmClientId)')",
                      "secret": "@outputs('Perform_an_unbound_action_-_get_secret')?['body/EnvironmentVariableSecretValue']"
                    }
                  },
                  "runAfter": {
                    "HTTP_GET_Endpoint_Filtering_Rules": [
                      "Succeeded"
                    ]
                  },
                  "metadata": {
                    "operationMetadataId": "d5c3887d-8e72-4143-88ef-c72d54ebb44d"
                  }
                }
              },
              "runAfter": {
                "List_rows_-_existing_policies": [
                  "Succeeded"
                ]
              },
              "metadata": {
                "operationMetadataId": "9f48ec6c-ac6c-44d0-9e74-0ad9087737de"
              }
            },
            "Filter_array_only_keep_tenant_Dlps": {
              "type": "Query",
              "inputs": {
                "from": "@outputs('List_DLP_Policies_V2_tenant')?['body/value']",
                "where": "@not(equals(item()?['environmentType'], 'SingleEnvironment'))"
              },
              "runAfter": {
                "List_DLP_Policies_V2_tenant": [
                  "Succeeded"
                ]
              },
              "metadata": {
                "operationMetadataId": "0cefbc76-288c-4b4d-89f0-87dbb5863a33"
              }
            },
            "Perform_an_unbound_action_-_get_secret": {
              "type": "OpenApiConnection",
              "inputs": {
                "parameters": {
                  "actionName": "RetrieveEnvironmentVariableSecretValue",
                  "item/EnvironmentVariableName": "ptricks_EpmSecret"
                },
                "host": {
                  "apiId": "/providers/Microsoft.PowerApps/apis/shared_commondataserviceforapps",
                  "operationId": "PerformUnboundAction",
                  "connectionName": "shared_commondataserviceforapps_1"
                }
              },
              "runAfter": {
                "Filter_array_only_keep_tenant_Dlps": [
                  "Succeeded"
                ]
              },
              "metadata": {
                "operationMetadataId": "81559147-30c7-498a-a993-aa51920fba8c"
              }
            }
          },
          "runAfter": {},
          "metadata": {
            "operationMetadataId": "7ea3002d-344f-4dd0-a162-90b551b1905d"
          }
        },
        "Scope_If_Error": {
          "type": "Scope",
          "actions": {
            "Send_an_email_(V2)": {
              "type": "OpenApiConnection",
              "inputs": {
                "parameters": {
                  "emailMessage/To": "@parameters('EpmEmailFailure (ptricks_EpmEmailFailure)')",
                  "emailMessage/Subject": "Epm - Failure to deply Endpoint Policy",
                  "emailMessage/Body": "<p>This is an automated email to let you know that there has been an error to refresh the data policies.<br>\nFlow run: @{concat('https://make.powerautomate.com/manage/environments/', workflow()['tags']['environmentName'], '/flows/', workflow()['name'], '/runs/', workflow()['run']['name'])}<br>\nMany thanks</p>",
                  "emailMessage/From": "@parameters('EpmEmailFailure (ptricks_EpmEmailFailure)')",
                  "emailMessage/Importance": "Normal"
                },
                "host": {
                  "apiId": "/providers/Microsoft.PowerApps/apis/shared_office365",
                  "operationId": "SendEmailV2",
                  "connectionName": "shared_office365_1"
                }
              },
              "metadata": {
                "operationMetadataId": "6503c7d4-cafa-4d58-bf43-186269572808"
              }
            },
            "Terminate": {
              "type": "Terminate",
              "inputs": {
                "runStatus": "Failed"
              },
              "runAfter": {
                "Send_an_email_(V2)": [
                  "Succeeded"
                ]
              },
              "metadata": {
                "operationMetadataId": "ccd511d7-eb8e-46a9-ae56-43a9f272e499"
              }
            }
          },
          "runAfter": {
            "Scope_Main": [
              "Failed",
              "Skipped",
              "TimedOut"
            ]
          },
          "metadata": {
            "operationMetadataId": "e2eaa8b1-511b-47e3-a4a0-6dcee931d451"
          }
        }
      },
      "outputs": {}
    },
    "templateName": null
  },
  "schemaVersion": "1.0.0.0"
}