<ImportExportXml version="9.2.23104.240" SolutionPackageVersion="9.2" languagecode="1033" generatedBy="CrmLive" xmlns:xsi="http://www.w3.org/2001/XMLSchema-instance">
  <SolutionManifest>
    <UniqueName>AccidentTracking</UniqueName>
    <LocalizedNames>
      <LocalizedName description="Accident Tracking" languagecode="1033" />
    </LocalizedNames>
    <Descriptions />
    <Version>1.0.0.1</Version>
    <Managed>1</Managed>
    <Publisher>
      <UniqueName>PowerTricks</UniqueName>
      <LocalizedNames>
        <LocalizedName description="PowerTricks" languagecode="1033" />
      </LocalizedNames>
      <Descriptions />
      <EMailAddress>valentin.mazhar@gmail.com</EMailAddress>
      <SupportingWebsiteUrl>https://powertricks.io</SupportingWebsiteUrl>
      <CustomizationPrefix>ptricks</CustomizationPrefix>
      <CustomizationOptionValuePrefix>49392</CustomizationOptionValuePrefix>
      <Addresses>
        <Address>
          <AddressNumber>1</AddressNumber>
          <AddressTypeCode>1</AddressTypeCode>
          <City xsi:nil="true"></City>
          <County xsi:nil="true"></County>
          <Country xsi:nil="true"></Country>
          <Fax xsi:nil="true"></Fax>
          <FreightTermsCode xsi:nil="true"></FreightTermsCode>
          <ImportSequenceNumber xsi:nil="true"></ImportSequenceNumber>
          <Latitude xsi:nil="true"></Latitude>
          <Line1 xsi:nil="true"></Line1>
          <Line2 xsi:nil="true"></Line2>
          <Line3 xsi:nil="true"></Line3>
          <Longitude xsi:nil="true"></Longitude>
          <Name xsi:nil="true"></Name>
          <PostalCode xsi:nil="true"></PostalCode>
          <PostOfficeBox xsi:nil="true"></PostOfficeBox>
          <PrimaryContactName xsi:nil="true"></PrimaryContactName>
          <ShippingMethodCode>1</ShippingMethodCode>
          <StateOrProvince xsi:nil="true"></StateOrProvince>
          <Telephone1 xsi:nil="true"></Telephone1>
          <Telephone2 xsi:nil="true"></Telephone2>
          <Telephone3 xsi:nil="true"></Telephone3>
          <TimeZoneRuleVersionNumber xsi:nil="true"></TimeZoneRuleVersionNumber>
          <UPSZone xsi:nil="true"></UPSZone>
          <UTCOffset xsi:nil="true"></UTCOffset>
          <UTCConversionTimeZoneCode xsi:nil="true"></UTCConversionTimeZoneCode>
        </Address>
        <Address>
          <AddressNumber>2</AddressNumber>
          <AddressTypeCode>1</AddressTypeCode>
          <City xsi:nil="true"></City>
          <County xsi:nil="true"></County>
          <Country xsi:nil="true"></Country>
          <Fax xsi:nil="true"></Fax>
          <FreightTermsCode xsi:nil="true"></FreightTermsCode>
          <ImportSequenceNumber xsi:nil="true"></ImportSequenceNumber>
          <Latitude xsi:nil="true"></Latitude>
          <Line1 xsi:nil="true"></Line1>
          <Line2 xsi:nil="true"></Line2>
          <Line3 xsi:nil="true"></Line3>
          <Longitude xsi:nil="true"></Longitude>
          <Name xsi:nil="true"></Name>
          <PostalCode xsi:nil="true"></PostalCode>
          <PostOfficeBox xsi:nil="true"></PostOfficeBox>
          <PrimaryContactName xsi:nil="true"></PrimaryContactName>
          <ShippingMethodCode>1</ShippingMethodCode>
          <StateOrProvince xsi:nil="true"></StateOrProvince>
          <Telephone1 xsi:nil="true"></Telephone1>
          <Telephone2 xsi:nil="true"></Telephone2>
          <Telephone3 xsi:nil="true"></Telephone3>
          <TimeZoneRuleVersionNumber xsi:nil="true"></TimeZoneRuleVersionNumber>
          <UPSZone xsi:nil="true"></UPSZone>
          <UTCOffset xsi:nil="true"></UTCOffset>
          <UTCConversionTimeZoneCode xsi:nil="true"></UTCConversionTimeZoneCode>
        </Address>
      </Addresses>
    </Publisher>
    <RootComponents>
      <RootComponent type="1" schemaName="ptricks_accident" behavior="0" />
      <RootComponent type="1" schemaName="ptricks_accidenttype" behavior="0" />
      <RootComponent type="1" schemaName="ptricks_bpf_accidentrecording" behavior="0" />
      <RootComponent type="1" schemaName="ptricks_employee" behavior="0" />
      <RootComponent type="1" schemaName="ptricks_location" behavior="0" />
      <RootComponent type="9" schemaName="ptricks_chcountry" behavior="0" />
      <RootComponent type="20" id="{becead85-0487-ee11-8179-000d3adbb47b}" behavior="0" />
      <RootComponent type="29" id="{35e55870-f586-ee11-8179-000d3adbb47b}" behavior="0" />
      <RootComponent type="29" id="{74e1e146-f586-ee11-8179-000d3adbb47b}" behavior="0" />
      <RootComponent type="29" id="{952c8ab7-fe86-ee11-8179-000d3adbb47b}" behavior="0" />
      <RootComponent type="29" id="{9704f4ed-f486-ee11-8179-000d3adbb47b}" behavior="0" />
      <RootComponent type="29" id="{d8d21c06-d28a-ee11-8179-000d3adbb47b}" behavior="0" />
      <RootComponent type="62" schemaName="ptricks_AccidentTracking" behavior="0" />
      <RootComponent type="80" schemaName="ptricks_AccidentTracking" behavior="0" />
      <RootComponent type="300" schemaName="ptricks_employeepicker_9e694" behavior="0" />
      <RootComponent type="431" schemaName="ptricks_employee ptricks_employeepicture" behavior="0" />
      <RootComponent type="432" schemaName="ptricks_employee" behavior="0" />
    </RootComponents>
    <MissingDependencies>
      <MissingDependency>
        <Required type="61" schemaName="msdyn_/Images/AppModule_Default_Icon.png" displayName="msdyn_/Images/AppModule_Default_Icon.png" solution="AppModuleWebResources (2.5)" />
        <Dependent type="80" schemaName="ptricks_AccidentTracking" displayName="Accident Tracking" />
      </MissingDependency>
    </MissingDependencies>
  </SolutionManifest>
</ImportExportXml>