{
  "properties": {
    "connectionReferences": {},
    "definition": {
      "$schema": "https://schema.management.azure.com/providers/Microsoft.Logic/schemas/2016-06-01/workflowdefinition.json#",
      "contentVersion": "1.0.0.0",
      "parameters": {
        "$authentication": {
          "defaultValue": {},
          "type": "SecureObject"
        },
        "$connections": {
          "defaultValue": {},
          "type": "Object"
        },
        "PpacReportsNumberSoonestReport (ptricks_PpacReportsNumberSoonestReport)": {
          "defaultValue": 3,
          "type": "Int",
          "metadata": {
            "schemaName": "ptricks_PpacReportsNumberSoonestReport",
            "description": "Number of days before today that we can get the report for. Default is 3, meaning that each day the reports will be extracted related to 3 days ago. 3 is the latest confirmed number, if less than 3 the reports might come out empty"
          }
        }
      },
      "triggers": {
        "manual": {
          "type": "Request",
          "kind": "Button",
          "inputs": {
            "schema": {
              "type": "object",
              "properties": {
                "text": {
                  "title": "Input",
                  "type": "string",
                  "x-ms-dynamically-added": true,
                  "description": "Select the report type",
                  "x-ms-content-hint": "TEXT",
                  "enum": [
                    "AIByUserAndEnvironment",
                    "ApiByLicensedUser",
                    "ApiByNonLicensedUser",
                    "ApiByFlow",
                    "PowerPagesAnonymous",
                    "PowerPagesAuthenticated",
                    "CopilotStudioDetailedUsage",
                    ""
                  ]
                },
                "number": {
                  "title": "DayCount",
                  "type": "number",
                  "x-ms-dynamically-added": true,
                  "description": "For how many previous days would you like to request the data?",
                  "x-ms-content-hint": "NUMBER"
                }
              },
              "required": [
                "text",
                "number"
              ]
            }
          },
          "metadata": {
            "operationMetadataId": "f7b5ec6c-7493-4453-8773-8d1ad7d6c073"
          }
        }
      },
      "actions": {
        "Initialize_varArray": {
          "type": "InitializeVariable",
          "inputs": {
            "variables": [
              {
                "name": "varArray",
                "type": "array",
                "value": "@range(sub(parameters('PpacReportsNumberSoonestReport (ptricks_PpacReportsNumberSoonestReport)'),1),triggerBody()['number'])"
              }
            ]
          },
          "runAfter": {},
          "metadata": {
            "operationMetadataId": "29bafdf9-ee8b-4916-b9ab-4fc17e736f2c"
          }
        },
        "Apply_to_each": {
          "type": "Foreach",
          "foreach": "@variables('varArray')",
          "actions": {
            "Extract_Report": {
              "type": "Workflow",
              "inputs": {
                "host": {
                  "workflowReferenceName": "a2dafcd4-9d78-ee11-8179-000d3a4eedfe"
                },
                "body": {
                  "text": "@startOfDay(getPastTime(add(item(),1),'Day'))",
                  "text_1": "@startOfDay(getPastTime(item(),'Day'))",
                  "text_3": "@triggerBody()['text']",
                  "text_2": "Auto"
                }
              },
              "metadata": {
                "operationMetadataId": "e59aab38-250f-48f7-8e1e-a9ab3233bcf8"
              }
            }
          },
          "runAfter": {
            "Initialize_varArray": [
              "Succeeded"
            ]
          },
          "runtimeConfiguration": {
            "concurrency": {
              "repetitions": 50
            }
          },
          "metadata": {
            "operationMetadataId": "a1bea132-b9f9-4a96-bba5-75c8a8437dc2"
          }
        }
      },
      "outputs": {},
      "description": "This Flows runs every day to trigger the child Flow for each report type. It will result in having all the consumptions reports extracted and saved to their appropriate SharePoint folder."
    },
    "templateName": null
  },
  "schemaVersion": "1.0.0.0"
}