<ImportExportXml xmlns:xsi="http://www.w3.org/2001/XMLSchema-instance">
  <Entities></Entities>
  <Roles></Roles>
  <Workflows></Workflows>
  <FieldSecurityProfiles></FieldSecurityProfiles>
  <Templates />
  <EntityMaps />
  <EntityRelationships />
  <OrganizationSettings />
  <optionsets />
  <CustomControls />
  <EntityDataProviders />
  <CanvasApps>
    <CanvasApp>
      <Name>ptricks_ownershiptoolbox_b0472</Name>
      <AppVersion>2023-10-20T14:01:17Z</AppVersion>
      <Status>Ready</Status>
      <CreatedByClientVersion>3.23102.16.0</CreatedByClientVersion>
      <MinClientVersion>3.23102.16.0</MinClientVersion>
      <Tags>{"primaryDeviceWidth":"1366","primaryDeviceHeight":"768","supportsPortrait":"false","supportsLandscape":"true","primaryFormFactor":"Tablet","showStatusBar":"false","publisherVersion":"3.23102.16","minimumRequiredApiVersion":"2.2.0","hasComponent":"false","hasUnlockedComponent":"false","isUnifiedRootApp":"false","sienaVersion":"20231020T133829Z-3.23102.16.0"}</Tags>
      <IsCdsUpgraded>0</IsCdsUpgraded>
      <GalleryItemId xsi:nil="true"></GalleryItemId>
      <BackgroundColor>rgba(52, 92, 125, 1)</BackgroundColor>
      <DisplayName>Ownership Toolbox</DisplayName>
      <Description>The Ownership Toolbox allows Admins to easily re-assign ownership of Apps and Flows to other users. This can be done for each App and Flow individually, or for all the Apps/Flows created by a user.</Description>
      <CommitMessage xsi:nil="true"></CommitMessage>
      <Publisher></Publisher>
      <AuthorizationReferences>[]</AuthorizationReferences>
      <ConnectionReferences>{"72ddc672-2542-474a-88a5-63d641d2eaf5":{"id":"/providers/microsoft.powerapps/apis/shared_office365users","displayName":"Office 365 Users","iconUri":"https://connectoricons-prod.azureedge.net/releases/v1.0.1659/1.0.1659.3460/office365users/icon.png","dataSources":["Office365Users"],"dependencies":[],"dependents":[],"parameterHints":{},"parameterHintsV2":{},"isOnPremiseConnection":false,"bypassConsent":false,"dataSets":{},"apiTier":"Standard","actions":["UserProfile_V2"]},"7cf21085-3ca5-4c0d-a694-95dfdf5dc239":{"id":"/providers/microsoft.powerapps/apis/shared_powerappsforadmins","displayName":"Power Apps for Admins","iconUri":"https://connectoricons-prod.azureedge.net/releases/v1.0.1652/1.0.1652.3394/powerappsforadmins/icon.png","dataSources":["PowerAppsforAdmins"],"dependencies":[],"dependents":[],"parameterHints":{},"parameterHintsV2":{},"isOnPremiseConnection":false,"bypassConsent":false,"dataSets":{},"apiTier":"Standard","actions":["Set-AdminAppOwner","Edit-AdminAppRoleAssignment","Get-AdminAppRoleAssignment"]},"e9ef35ba-9c1b-4605-8a91-ed2dd03caebe":{"id":"/providers/microsoft.powerapps/apis/shared_microsoftflowforadmins","displayName":"Power Automate for Admins","iconUri":"https://connectoricons-prod.azureedge.net/u/shgogna/globalperconnector-train1/1.0.1639.3312/microsoftflowforadmins/icon.png","dataSources":["PowerAutomateforAdmins"],"dependencies":[],"dependents":[],"parameterHints":{},"parameterHintsV2":{},"isOnPremiseConnection":false,"bypassConsent":false,"dataSets":{},"apiTier":"Standard","actions":["Edit-AdminFlowOwnerRole","Get-AdminFlowOwnerRole"]}}</ConnectionReferences>
      <DatabaseReferences>{"default.cds":{"databaseDetails":{"referenceType":"Environmental","environmentName":"default.cds","overrideValues":{"status":"NotSpecified"}},"dataSources":{"Makers":{"entitySetName":"admin_makers","logicalName":"admin_maker"},"AAD Users":{"entitySetName":"aadusers","logicalName":"aaduser"},"PowerApps Apps":{"entitySetName":"admin_apps","logicalName":"admin_app"},"Environments":{"entitySetName":"admin_environments","logicalName":"admin_environment"},"Flows_1":{"entitySetName":"admin_flows","logicalName":"admin_flow"}}}}</DatabaseReferences>
      <AppComponents>[]</AppComponents>
      <AppComponentDependencies>[]</AppComponentDependencies>
      <CanConsumeAppPass>1</CanConsumeAppPass>
      <CanvasAppType>0</CanvasAppType>
      <BypassConsent>0</BypassConsent>
      <AdminControlBypassConsent>0</AdminControlBypassConsent>
      <EmbeddedApp xsi:nil="true"></EmbeddedApp>
      <IntroducedVersion>1.0</IntroducedVersion>
      <CdsDependencies>{"cdsdependencies":[{"logicalname":"admin_maker","componenttype":1},{"logicalname":"aaduser","componenttype":1},{"logicalname":"admin_app","componenttype":1},{"logicalname":"admin_environment","componenttype":1},{"logicalname":"admin_flow","componenttype":1}]}</CdsDependencies>
      <IsCustomizable>1</IsCustomizable>
      <BackgroundImageUri>/CanvasApps/ptricks_ownershiptoolbox_b0472_BackgroundImageUri</BackgroundImageUri>
      <DocumentUri>/CanvasApps/ptricks_ownershiptoolbox_b0472_DocumentUri.msapp</DocumentUri>
    </CanvasApp>
  </CanvasApps>
  <Languages>
    <Language>1033</Language>
  </Languages>
</ImportExportXml>