<ImportExportXml xmlns:xsi="http://www.w3.org/2001/XMLSchema-instance">
  <Entities></Entities>
  <Roles></Roles>
  <Workflows></Workflows>
  <FieldSecurityProfiles></FieldSecurityProfiles>
  <Templates />
  <EntityMaps />
  <EntityRelationships />
  <OrganizationSettings />
  <optionsets />
  <CustomControls />
  <EntityDataProviders />
  <msdyn_dataflows>
    <msdyn_dataflow msdyn_dataflowid="bac78712-9eda-ee11-904d-000d3a4eedfe">
      <iscustomizable>1</iscustomizable>
      <msdyn_internalversion>1e0cbf5b-f52c-4a26-bfc1-895ddc8bbed9</msdyn_internalversion>
      <msdyn_mashupdocument>section Section1;
shared admin_environment = let
  Source = CommonDataService.Database(CoEKitOrgUrl, [CreateNavigationProperties = null]),
  #"Navigation 1" = Source{[Schema = "dbo", Item = "admin_environment"]}[Data],
  #"Choose columns" = Table.SelectColumns(#"Navigation 1", {"admin_environmentid", "admin_displayname", "admin_environmentdeleted", "admin_environmentsku"}),
  #"Lowercased text" = Table.TransformColumns(#"Choose columns", {{"admin_environmentid", each Text.Lower(_), type text}})
in
  #"Lowercased text";
shared CoEKitOrgUrl = let
  CoEKitOrgUrl = "orgabdce1b4.crm4.dynamics.com" meta [IsParameterQuery = true, IsParameterQueryRequired = true, Type = type text]
in
  CoEKitOrgUrl;
</msdyn_mashupdocument>
      <msdyn_mashupsettings>{"QueryGroups":null,"DocumentLocale":"en-US","QueriesMetadata":{"admin_environment":{"QueryId":"f30839b7-65c6-47b9-a6d2-70f1d92a1363","QueryName":"admin_environment","QueryGroupId":null,"EntityName":"ptricks_TargetEnvironment","LastKnownIsCalculatedEntity":false,"LastKnownIsLinkedEntity":false,"LastKnownIsParameter":false,"IsHidden":null,"LastKnownResultTypeName":"table","LoadEnabled":true,"DeleteExistingDataOnLoad":false,"FieldsMetadata":{"ptricks_EnvironmentId":{"SourceColumnName":"admin_environmentid","DestinationFieldType":"Memo","AutoNumberSettings":null},"ptricks_EnvironmentSKU":{"SourceColumnName":"admin_environmentsku","DestinationFieldType":"Memo","AutoNumberSettings":null},"ptricks_IsDeleted":{"SourceColumnName":"admin_environmentdeleted","DestinationFieldType":"Boolean","AutoNumberSettings":null},"ptricks_Name":{"SourceColumnName":"admin_displayname","DestinationFieldType":"Memo","AutoNumberSettings":null},"ptricks_TargetEnvironmentId":{"SourceColumnName":"admin_environmentid","DestinationFieldType":"Memo","AutoNumberSettings":null}},"HostProperties":{"mappingEditorProperties":"{\"primaryKeyLogicalName\":\"ptricks_targetenvironmentid\"}","MappingEditorProperties":"{\"primaryKeyLogicalName\":\"ptricks_targetenvironmentid\"}"},"JsonOutputDestinations":null,"BindToDefaultOutputDestination":null,"JsonIncrementalRefreshSettings":null,"JsonStagingDefinition":null},"CoEKitOrgUrl":{"QueryId":"086b56d7-c105-43a2-b5be-e4e2fee6353b","QueryName":"CoEKitOrgUrl","QueryGroupId":null,"EntityName":null,"LastKnownIsCalculatedEntity":false,"LastKnownIsLinkedEntity":false,"LastKnownIsParameter":true,"IsHidden":null,"LastKnownResultTypeName":"text","LoadEnabled":false,"DeleteExistingDataOnLoad":false,"FieldsMetadata":{},"HostProperties":{"mappingEditorProperties":"{}","MappingEditorProperties":"{}"},"JsonOutputDestinations":null,"BindToDefaultOutputDestination":null,"JsonIncrementalRefreshSettings":null,"JsonStagingDefinition":null}},"FastCombine":false,"AllowNativeQueries":false,"HostContext":{"Type":"CdsT","Details":{"EnvironmentId":"52814220-9eff-ee3b-b539-9a79c2b85d0d"}},"HostProperties":null,"SkipAutomaticTypeAndHeaderDetection":false,"DisableAutoAnonymousConnectionUpsert":false,"AllowedModules":null,"DataflowMetadata":"{\"DataflowType\":\"Cdst\",\"DataflowId\":\"f22437a7-d238-49d1-b976-a2ccfaee26f1\",\"OwnerUserId\":\"1620dd77-480f-40bf-a820-898d0522ae86\",\"OwnerName\":\"Valentin Mazhar\",\"OwnerTenantId\":\"58f1a3b1-81b9-4355-8de1-fa00d6102a86\",\"GatewayObjectId\":null,\"ModelSnapshotUri\":\"\",\"GroupId\":\"52814220-9eff-ee3b-b539-9a79c2b85d0d\",\"DataflowState\":\"Active\",\"LastUpdateTime\":\"2024-03-15T16:30:15.1661281+00:00\",\"LastStateChangedTime\":\"2024-03-15T16:30:15.1661281+00:00\",\"CreatedTime\":\"2024-03-05T03:11:22.0731621+00:00\",\"ExpiresAfter\":null,\"AllowedModules\":null,\"UseHostConnectionProvider\":null,\"SkipAutomaticTypeAndHeaderDetection\":null,\"EditingSessionId\":null,\"HostInformation\":null,\"HostContext\":{\"Type\":\"CdsT\",\"Details\":{\"EnvironmentId\":\"52814220-9eff-ee3b-b539-9a79c2b85d0d\"}},\"HostProperties\":{\"ServiceFeatureFlag_EnableNewCdstDataflowOrchestration\":\"true\",\"CdsUploadExecutorKey\":\"CdsUploader\"},\"DisableAutoAnonymousConnectionUpsert\":false,\"RelatedDataflowId\":\"5bd404e7-3d1e-4c06-9a3a-d0009662e434\",\"NotificationSettings\":{\"RefreshEmailSettings\":{\"SendMailEnabled\":true,\"EmailsList\":[\"ValAdmin@powertricks.onmicrosoft.com\"]},\"DataflowWebhooks\":{}},\"TrustedConnections\":null,\"ConnectionOverrides\":[{\"Path\":\"orgabdce1b4.crm4.dynamics.com\",\"Kind\":\"CommonDataService\",\"Provider\":\"PowerApps\",\"EnvironmentName\":\"52814220-9eff-ee3b-b539-9a79c2b85d0d\",\"ApiName\":\"dataverse\",\"ConnectionName\":\"e3c870678f064abeb494aa2460e720fb\",\"CredentialDetails\":{},\"ConnectionParameters\":{}}]}","Dataflow":"{\"name\":\"Pull Environments From CoE Kit\",\"ppdf:entityThumbprintVersion\":\"1.0\",\"ppdf:dataflowId\":\"f22437a7-d238-49d1-b976-a2ccfaee26f1\",\"ppdf:owner\":{\"tenantId\":\"58f1a3b1-81b9-4355-8de1-fa00d6102a86\",\"userId\":\"1620dd77-480f-40bf-a820-898d0522ae86\"},\"ppdf:fastCopy\":false,\"version\":\"1.0\",\"culture\":\"en-US\",\"modifiedTime\":\"2024-03-05T03:11:34.9795619+00:00\",\"ppdf:outputFileFormat\":\"Csv\",\"pbi:mashup\":{\"fastCombine\":false,\"allowNativeQueries\":false,\"queriesMetadata\":{\"admin_environment\":{\"queryId\":\"f30839b7-65c6-47b9-a6d2-70f1d92a1363\",\"queryName\":\"admin_environment\",\"entityName\":\"ptricks_TargetEnvironment\",\"loadEnabled\":true,\"lastKnownResultTypeName\":\"table\",\"lastKnownIsCalculatedEntity\":false,\"lastKnownIsLinkedEntity\":false,\"lastKnownIsParameter\":false,\"deleteExistingDataOnLoad\":false,\"hostProperties\":{\"mappingEditorProperties\":\"{\\\"primaryKeyLogicalName\\\":\\\"ptricks_targetenvironmentid\\\"}\",\"MappingEditorProperties\":\"{\\\"primaryKeyLogicalName\\\":\\\"ptricks_targetenvironmentid\\\"}\"},\"fieldsMetadata\":{\"ptricks_EnvironmentId\":{\"sourceColumnName\":\"admin_environmentid\",\"destinationFieldType\":\"Memo\"},\"ptricks_EnvironmentSKU\":{\"sourceColumnName\":\"admin_environmentsku\",\"destinationFieldType\":\"Memo\"},\"ptricks_IsDeleted\":{\"sourceColumnName\":\"admin_environmentdeleted\",\"destinationFieldType\":\"Boolean\"},\"ptricks_Name\":{\"sourceColumnName\":\"admin_displayname\",\"destinationFieldType\":\"Memo\"},\"ptricks_TargetEnvironmentId\":{\"sourceColumnName\":\"admin_environmentid\",\"destinationFieldType\":\"Memo\"}}},\"CoEKitOrgUrl\":{\"queryId\":\"086b56d7-c105-43a2-b5be-e4e2fee6353b\",\"queryName\":\"CoEKitOrgUrl\",\"lastKnownResultTypeName\":\"text\",\"lastKnownIsCalculatedEntity\":false,\"lastKnownIsLinkedEntity\":false,\"lastKnownIsParameter\":true,\"deleteExistingDataOnLoad\":false,\"hostProperties\":{\"mappingEditorProperties\":\"{}\",\"MappingEditorProperties\":\"{}\"}}},\"document\":\"section Section1;\\r\\nshared admin_environment = let\\r\\n  Source = CommonDataService.Database(CoEKitOrgUrl, [CreateNavigationProperties = null]),\\r\\n  #\\\"Navigation 1\\\" = Source{[Schema = \\\"dbo\\\", Item = \\\"admin_environment\\\"]}[Data],\\r\\n  #\\\"Choose columns\\\" = Table.SelectColumns(#\\\"Navigation 1\\\", {\\\"admin_environmentid\\\", \\\"admin_displayname\\\", \\\"admin_environmentdeleted\\\", \\\"admin_environmentsku\\\"}),\\r\\n  #\\\"Lowercased text\\\" = Table.TransformColumns(#\\\"Choose columns\\\", {{\\\"admin_environmentid\\\", each Text.Lower(_), type text}})\\r\\nin\\r\\n  #\\\"Lowercased text\\\";\\r\\nshared CoEKitOrgUrl = let\\r\\n  CoEKitOrgUrl = \\\"orgabdce1b4.crm4.dynamics.com\\\" meta [IsParameterQuery = true, IsParameterQueryRequired = true, Type = type text]\\r\\nin\\r\\n  CoEKitOrgUrl;\\r\\n\"},\"entities\":[{\"$type\":\"LocalEntity\",\"name\":\"admin_environment\",\"description\":\"\",\"pbi:refreshPolicy\":{\"$type\":\"FullRefreshPolicy\",\"location\":\"admin_environment.csv\"},\"annotations\":[{\"name\":\"ppdf:entityKeys\",\"value\":\"[]\"}],\"attributes\":[{\"name\":\"admin_environmentid\",\"dataType\":\"string\"},{\"name\":\"admin_displayname\",\"dataType\":\"string\"},{\"name\":\"admin_environmentdeleted\",\"dataType\":\"boolean\"},{\"name\":\"admin_environmentsku\",\"dataType\":\"string\"}]}]}"}</msdyn_mashupsettings>
      <msdyn_name>Pull Environments From CoE Kit</msdyn_name>
      <msdyn_originaldataflowid>f22437a7-d238-49d1-b976-a2ccfaee26f1</msdyn_originaldataflowid>
      <msdyn_refreshhistory>[{"DataflowId":"f22437a7-d238-49d1-b976-a2ccfaee26f1","TransactionId":"441720b1-56ad-4a6c-a9b1-c2e7e332e1e2","DataflowName":"Pull Environments From CoE Kit","RequestId":"40b2cc26-a40d-4f90-9c47-3ed35c5748f3","SessionId":null,"StartTime":"2024-03-05T03:11:41.6019576+00:00","EndTime":"2024-03-05T03:13:01.2909635+00:00","RefreshType":"RefreshTypeOneTime","RefreshStatus":"Success","ErrorInfo":null,"EntitiesRefreshHistory":[{"DataflowId":"f22437a7-d238-49d1-b976-a2ccfaee26f1","DataflowName":"Pull Environments From CoE Kit","EntityName":"admin_environment","StartTime":"2024-03-05T03:12:16.5979678+00:00","EndTime":"2024-03-05T03:12:48.5873594+00:00","RefreshStatus":"Success","ErrorInfo":null,"ExceptionInfo":null,"Warnings":[],"ErrorCount":0,"UpsertCount":0,"PartitionsRefreshHistory":[{"Name":"admin_environment.csv","StartTime":"2024-03-05T03:12:16.6291386+00:00","EndTime":"2024-03-05T03:12:25.7792198+00:00","LastUpdateTime":"2024-03-05T03:12:25.7792198+00:00","RefreshStatus":"Success","ComputeEngines":[],"DataSourceStatistics":[{"DataSourceType":"CommonDataService","BytesRead":0,"BytesWritten":0,"RowsRead":12,"RowsWritten":0},{"DataSourceType":"AzureDataLakeStorage","BytesRead":0,"BytesWritten":1112,"RowsRead":0,"RowsWritten":0}],"ErrorInfo":null,"Warnings":[],"ExceptionInfo":null}],"InsertCount":12}],"ActionsRefreshHistory":[],"ModelSnapshotPath":""},{"DataflowId":"f22437a7-d238-49d1-b976-a2ccfaee26f1","TransactionId":"fa6769d3-f3b1-4e5a-8330-55917f7d8a4a","DataflowName":"Pull Environments From CoE Kit","RequestId":"7864dd98-a497-4c46-aae3-4deae951a5b8","SessionId":null,"StartTime":"2024-03-05T03:13:23.4319118+00:00","EndTime":"2024-03-05T03:14:45.2294337+00:00","RefreshType":"RefreshTypeOneTime","RefreshStatus":"Success","ErrorInfo":null,"EntitiesRefreshHistory":[{"DataflowId":"f22437a7-d238-49d1-b976-a2ccfaee26f1","DataflowName":"Pull Environments From CoE Kit","EntityName":"admin_environment","StartTime":"2024-03-05T03:13:59.6252395+00:00","EndTime":"2024-03-05T03:14:32.9936494+00:00","RefreshStatus":"Success","ErrorInfo":null,"ExceptionInfo":null,"Warnings":[],"ErrorCount":0,"UpsertCount":12,"PartitionsRefreshHistory":[{"Name":"admin_environment.csv","StartTime":"2024-03-05T03:13:59.6564969+00:00","EndTime":"2024-03-05T03:14:09.129082+00:00","LastUpdateTime":"2024-03-05T03:14:09.129082+00:00","RefreshStatus":"Success","ComputeEngines":[],"DataSourceStatistics":[{"DataSourceType":"CommonDataService","BytesRead":0,"BytesWritten":0,"RowsRead":12,"RowsWritten":0},{"DataSourceType":"AzureDataLakeStorage","BytesRead":0,"BytesWritten":1112,"RowsRead":0,"RowsWritten":0}],"ErrorInfo":null,"Warnings":[],"ExceptionInfo":null}],"InsertCount":0}],"ActionsRefreshHistory":[],"ModelSnapshotPath":""},{"DataflowId":"f22437a7-d238-49d1-b976-a2ccfaee26f1","TransactionId":"8f2d990d-bf42-4b1c-bd57-c152efbfce77","DataflowName":"Pull Environments From CoE Kit","RequestId":"330ebcc8-f0fd-4e08-9aee-1e24056f7a19","SessionId":null,"StartTime":"2024-03-05T03:16:03.2243365+00:00","EndTime":"2024-03-05T03:17:17.0846421+00:00","RefreshType":"RefreshTypeOneTime","RefreshStatus":"Success","ErrorInfo":null,"EntitiesRefreshHistory":[{"DataflowId":"f22437a7-d238-49d1-b976-a2ccfaee26f1","DataflowName":"Pull Environments From CoE Kit","EntityName":"admin_environment","StartTime":"2024-03-05T03:16:32.025771+00:00","EndTime":"2024-03-05T03:17:05.5597855+00:00","RefreshStatus":"Success","ErrorInfo":null,"ExceptionInfo":null,"Warnings":[],"ErrorCount":0,"UpsertCount":12,"PartitionsRefreshHistory":[{"Name":"admin_environment.csv","StartTime":"2024-03-05T03:16:32.0570184+00:00","EndTime":"2024-03-05T03:16:42.2603026+00:00","LastUpdateTime":"2024-03-05T03:16:42.2603026+00:00","RefreshStatus":"Success","ComputeEngines":[],"DataSourceStatistics":[{"DataSourceType":"CommonDataService","BytesRead":0,"BytesWritten":0,"RowsRead":12,"RowsWritten":0},{"DataSourceType":"AzureDataLakeStorage","BytesRead":0,"BytesWritten":1112,"RowsRead":0,"RowsWritten":0}],"ErrorInfo":null,"Warnings":[],"ExceptionInfo":null}],"InsertCount":0}],"ActionsRefreshHistory":[],"ModelSnapshotPath":""},{"DataflowId":"f22437a7-d238-49d1-b976-a2ccfaee26f1","TransactionId":"e8ab472a-e36f-4b65-ba96-3c0d191f9756","DataflowName":"Pull Environments From CoE Kit","RequestId":"33f6e934-c24f-4fb4-915e-5eaa9ecc4c84","SessionId":null,"StartTime":"2024-03-05T03:30:09.5054618+00:00","EndTime":"2024-03-05T03:31:55.5845691+00:00","RefreshType":"RefreshTypeIntervalBased","RefreshStatus":"Success","ErrorInfo":null,"EntitiesRefreshHistory":[{"DataflowId":"f22437a7-d238-49d1-b976-a2ccfaee26f1","DataflowName":"Pull Environments From CoE Kit","EntityName":"admin_environment","StartTime":"2024-03-05T03:31:10.5631496+00:00","EndTime":"2024-03-05T03:31:50.798911+00:00","RefreshStatus":"Success","ErrorInfo":null,"ExceptionInfo":null,"Warnings":[],"ErrorCount":0,"UpsertCount":12,"PartitionsRefreshHistory":[{"Name":"admin_environment.csv","StartTime":"2024-03-05T03:31:10.7662777+00:00","EndTime":"2024-03-05T03:31:22.6419986+00:00","LastUpdateTime":"2024-03-05T03:31:22.6419986+00:00","RefreshStatus":"Success","ComputeEngines":[],"DataSourceStatistics":[{"DataSourceType":"CommonDataService","BytesRead":0,"BytesWritten":0,"RowsRead":12,"RowsWritten":0},{"DataSourceType":"AzureDataLakeStorage","BytesRead":0,"BytesWritten":1112,"RowsRead":0,"RowsWritten":0}],"ErrorInfo":null,"Warnings":[],"ExceptionInfo":null}],"InsertCount":0}],"ActionsRefreshHistory":[],"ModelSnapshotPath":""},{"DataflowId":"f22437a7-d238-49d1-b976-a2ccfaee26f1","TransactionId":"91abb52b-6d9f-4c6f-be6b-cd97669a3c75","DataflowName":"Pull Environments From CoE Kit","RequestId":"0a234ef7-b9a5-4ee1-b055-2b8ab294098a","SessionId":null,"StartTime":"2024-03-06T03:31:08.557698+00:00","EndTime":"2024-03-06T03:32:07.9652675+00:00","RefreshType":"RefreshTypeIntervalBased","RefreshStatus":"Success","ErrorInfo":null,"EntitiesRefreshHistory":[{"DataflowId":"f22437a7-d238-49d1-b976-a2ccfaee26f1","DataflowName":"Pull Environments From CoE Kit","EntityName":"admin_environment","StartTime":"2024-03-06T03:31:25.3675634+00:00","EndTime":"2024-03-06T03:31:57.9287995+00:00","RefreshStatus":"Success","ErrorInfo":null,"ExceptionInfo":null,"Warnings":[],"ErrorCount":0,"UpsertCount":12,"PartitionsRefreshHistory":[{"Name":"admin_environment.csv","StartTime":"2024-03-06T03:31:25.3988755+00:00","EndTime":"2024-03-06T03:31:41.1427979+00:00","LastUpdateTime":"2024-03-06T03:31:41.1427979+00:00","RefreshStatus":"Success","ComputeEngines":[],"DataSourceStatistics":[{"DataSourceType":"CommonDataService","BytesRead":0,"BytesWritten":0,"RowsRead":12,"RowsWritten":0},{"DataSourceType":"AzureDataLakeStorage","BytesRead":0,"BytesWritten":1112,"RowsRead":0,"RowsWritten":0}],"ErrorInfo":null,"Warnings":[],"ExceptionInfo":null}],"InsertCount":0}],"ActionsRefreshHistory":[],"ModelSnapshotPath":""},{"DataflowId":"f22437a7-d238-49d1-b976-a2ccfaee26f1","TransactionId":"3ca2c1bd-df2f-453b-a1a0-26379498ce0a","DataflowName":"Pull Environments From CoE Kit","RequestId":"cc17f2b6-855d-4583-bca8-6c638db1d2c8","SessionId":null,"StartTime":"2024-03-07T03:30:52.9048694+00:00","EndTime":"2024-03-07T03:31:55.5622164+00:00","RefreshType":"RefreshTypeIntervalBased","RefreshStatus":"Success","ErrorInfo":null,"EntitiesRefreshHistory":[{"DataflowId":"f22437a7-d238-49d1-b976-a2ccfaee26f1","DataflowName":"Pull Environments From CoE Kit","EntityName":"admin_environment","StartTime":"2024-03-07T03:31:12.6068258+00:00","EndTime":"2024-03-07T03:31:47.3208208+00:00","RefreshStatus":"Success","ErrorInfo":null,"ExceptionInfo":null,"Warnings":[],"ErrorCount":0,"UpsertCount":12,"PartitionsRefreshHistory":[{"Name":"admin_environment.csv","StartTime":"2024-03-07T03:31:12.6380768+00:00","EndTime":"2024-03-07T03:31:28.169623+00:00","LastUpdateTime":"2024-03-07T03:31:28.169623+00:00","RefreshStatus":"Success","ComputeEngines":[],"DataSourceStatistics":[{"DataSourceType":"CommonDataService","BytesRead":0,"BytesWritten":0,"RowsRead":12,"RowsWritten":0},{"DataSourceType":"AzureDataLakeStorage","BytesRead":0,"BytesWritten":1112,"RowsRead":0,"RowsWritten":0}],"ErrorInfo":null,"Warnings":[],"ExceptionInfo":null}],"InsertCount":0}],"ActionsRefreshHistory":[],"ModelSnapshotPath":""},{"DataflowId":"f22437a7-d238-49d1-b976-a2ccfaee26f1","TransactionId":"52228125-51ca-4012-a832-b0a0b832bf6f","DataflowName":"Pull Environments From CoE Kit","RequestId":"68251240-0933-422e-a592-15695990bca9","SessionId":null,"StartTime":"2024-03-08T03:30:53.1238867+00:00","EndTime":"2024-03-08T03:31:52.7337965+00:00","RefreshType":"RefreshTypeIntervalBased","RefreshStatus":"Success","ErrorInfo":null,"EntitiesRefreshHistory":[{"DataflowId":"f22437a7-d238-49d1-b976-a2ccfaee26f1","DataflowName":"Pull Environments From CoE Kit","EntityName":"admin_environment","StartTime":"2024-03-08T03:31:11.6418656+00:00","EndTime":"2024-03-08T03:31:44.1909201+00:00","RefreshStatus":"Success","ErrorInfo":null,"ExceptionInfo":null,"Warnings":[],"ErrorCount":0,"UpsertCount":12,"PartitionsRefreshHistory":[{"Name":"admin_environment.csv","StartTime":"2024-03-08T03:31:11.673118+00:00","EndTime":"2024-03-08T03:31:26.9092267+00:00","LastUpdateTime":"2024-03-08T03:31:26.9092267+00:00","RefreshStatus":"Success","ComputeEngines":[],"DataSourceStatistics":[{"DataSourceType":"CommonDataService","BytesRead":0,"BytesWritten":0,"RowsRead":12,"RowsWritten":0},{"DataSourceType":"AzureDataLakeStorage","BytesRead":0,"BytesWritten":1112,"RowsRead":0,"RowsWritten":0}],"ErrorInfo":null,"Warnings":[],"ExceptionInfo":null}],"InsertCount":0}],"ActionsRefreshHistory":[],"ModelSnapshotPath":""},{"DataflowId":"f22437a7-d238-49d1-b976-a2ccfaee26f1","TransactionId":"0d2d2101-71e1-4002-bac8-1335d9602c38","DataflowName":"Pull Environments From CoE Kit","RequestId":"6d88b119-a4ad-46a2-a62e-8988f6015872","SessionId":null,"StartTime":"2024-03-08T20:35:53.3022966+00:00","EndTime":"2024-03-08T20:37:04.4445878+00:00","RefreshType":"RefreshTypeOneTime","RefreshStatus":"Success","ErrorInfo":null,"EntitiesRefreshHistory":[{"DataflowId":"f22437a7-d238-49d1-b976-a2ccfaee26f1","DataflowName":"Pull Environments From CoE Kit","EntityName":"admin_environment","StartTime":"2024-03-08T20:36:06.5706503+00:00","EndTime":"2024-03-08T20:36:53.2344012+00:00","RefreshStatus":"Success","ErrorInfo":null,"ExceptionInfo":null,"Warnings":[],"ErrorCount":0,"UpsertCount":12,"PartitionsRefreshHistory":[{"Name":"admin_environment.csv","StartTime":"2024-03-08T20:36:06.6019055+00:00","EndTime":"2024-03-08T20:36:32.0836392+00:00","LastUpdateTime":"2024-03-08T20:36:32.0836392+00:00","RefreshStatus":"Success","ComputeEngines":[],"DataSourceStatistics":[{"DataSourceType":"CommonDataService","BytesRead":0,"BytesWritten":0,"RowsRead":12,"RowsWritten":0},{"DataSourceType":"AzureDataLakeStorage","BytesRead":0,"BytesWritten":1112,"RowsRead":0,"RowsWritten":0}],"ErrorInfo":null,"Warnings":[],"ExceptionInfo":null}],"InsertCount":0}],"ActionsRefreshHistory":[],"ModelSnapshotPath":""},{"DataflowId":"f22437a7-d238-49d1-b976-a2ccfaee26f1","TransactionId":"e22f6335-4af8-419f-8ccd-64d6086b388a","DataflowName":"Pull Environments From CoE Kit","RequestId":"95a4513b-b129-416e-8b58-00f463c23d2c","SessionId":null,"StartTime":"2024-03-08T20:45:22.3910015+00:00","EndTime":"2024-03-08T20:46:37.0479166+00:00","RefreshType":"RefreshTypeOneTime","RefreshStatus":"Success","ErrorInfo":null,"EntitiesRefreshHistory":[{"DataflowId":"f22437a7-d238-49d1-b976-a2ccfaee26f1","DataflowName":"Pull Environments From CoE Kit","EntityName":"admin_environment","StartTime":"2024-03-08T20:45:52.5694451+00:00","EndTime":"2024-03-08T20:46:26.6569249+00:00","RefreshStatus":"Success","ErrorInfo":null,"ExceptionInfo":null,"Warnings":[],"ErrorCount":0,"UpsertCount":12,"PartitionsRefreshHistory":[{"Name":"admin_environment.csv","StartTime":"2024-03-08T20:45:52.6006986+00:00","EndTime":"2024-03-08T20:46:02.8303869+00:00","LastUpdateTime":"2024-03-08T20:46:02.8303869+00:00","RefreshStatus":"Success","ComputeEngines":[],"DataSourceStatistics":[{"DataSourceType":"CommonDataService","BytesRead":0,"BytesWritten":0,"RowsRead":12,"RowsWritten":0},{"DataSourceType":"AzureDataLakeStorage","BytesRead":0,"BytesWritten":1184,"RowsRead":0,"RowsWritten":0}],"ErrorInfo":null,"Warnings":[],"ExceptionInfo":null}],"InsertCount":0}],"ActionsRefreshHistory":[],"ModelSnapshotPath":""},{"DataflowId":"f22437a7-d238-49d1-b976-a2ccfaee26f1","TransactionId":"555bfd8c-6a29-4403-b394-d4b87106adf5","DataflowName":"Pull Environments From CoE Kit","RequestId":"a725fcc6-690a-4d86-a84f-a9d89a431687","SessionId":null,"StartTime":"2024-03-08T20:58:29.7972723+00:00","EndTime":"2024-03-08T20:59:42.4398033+00:00","RefreshType":"RefreshTypeOneTime","RefreshStatus":"Success","ErrorInfo":null,"EntitiesRefreshHistory":[{"DataflowId":"f22437a7-d238-49d1-b976-a2ccfaee26f1","DataflowName":"Pull Environments From CoE Kit","EntityName":"admin_environment","StartTime":"2024-03-08T20:58:58.1947271+00:00","EndTime":"2024-03-08T20:59:31.2350739+00:00","RefreshStatus":"Success","ErrorInfo":null,"ExceptionInfo":null,"Warnings":[],"ErrorCount":0,"UpsertCount":12,"PartitionsRefreshHistory":[{"Name":"admin_environment.csv","StartTime":"2024-03-08T20:58:58.2259817+00:00","EndTime":"2024-03-08T20:59:08.7614547+00:00","LastUpdateTime":"2024-03-08T20:59:08.7614547+00:00","RefreshStatus":"Success","ComputeEngines":[],"DataSourceStatistics":[{"DataSourceType":"CommonDataService","BytesRead":0,"BytesWritten":0,"RowsRead":12,"RowsWritten":0},{"DataSourceType":"AzureDataLakeStorage","BytesRead":0,"BytesWritten":1184,"RowsRead":0,"RowsWritten":0}],"ErrorInfo":null,"Warnings":[],"ExceptionInfo":null}],"InsertCount":0}],"ActionsRefreshHistory":[],"ModelSnapshotPath":""},{"DataflowId":"f22437a7-d238-49d1-b976-a2ccfaee26f1","TransactionId":"967561f1-e652-41e2-884a-53a49ab0871b","DataflowName":"Pull Environments From CoE Kit","RequestId":"10011b3e-10b8-4b94-93c0-52abc075684d","SessionId":null,"StartTime":"2024-03-09T03:30:53.0223013+00:00","EndTime":"2024-03-09T03:32:07.8824332+00:00","RefreshType":"RefreshTypeIntervalBased","RefreshStatus":"Success","ErrorInfo":null,"EntitiesRefreshHistory":[{"DataflowId":"f22437a7-d238-49d1-b976-a2ccfaee26f1","DataflowName":"Pull Environments From CoE Kit","EntityName":"admin_environment","StartTime":"2024-03-09T03:31:39.1161101+00:00","EndTime":"2024-03-09T03:32:03.2347067+00:00","RefreshStatus":"Success","ErrorInfo":null,"ExceptionInfo":null,"Warnings":[],"ErrorCount":0,"UpsertCount":12,"PartitionsRefreshHistory":[{"Name":"admin_environment.csv","StartTime":"2024-03-09T03:31:39.1473597+00:00","EndTime":"2024-03-09T03:31:47.3554249+00:00","LastUpdateTime":"2024-03-09T03:31:47.3554249+00:00","RefreshStatus":"Success","ComputeEngines":[],"DataSourceStatistics":[{"DataSourceType":"CommonDataService","BytesRead":0,"BytesWritten":0,"RowsRead":12,"RowsWritten":0},{"DataSourceType":"AzureDataLakeStorage","BytesRead":0,"BytesWritten":1184,"RowsRead":0,"RowsWritten":0}],"ErrorInfo":null,"Warnings":[],"ExceptionInfo":null}],"InsertCount":0}],"ActionsRefreshHistory":[],"ModelSnapshotPath":""},{"DataflowId":"f22437a7-d238-49d1-b976-a2ccfaee26f1","TransactionId":"b2aea18d-06dd-4b53-b095-8f20cde72709","DataflowName":"Pull Environments From CoE Kit","RequestId":"12952d19-08eb-4086-962e-581255565cf7","SessionId":null,"StartTime":"2024-03-09T22:57:56.3704835+00:00","EndTime":"2024-03-09T22:58:52.8252884+00:00","RefreshType":"RefreshTypeOneTime","RefreshStatus":"Success","ErrorInfo":null,"EntitiesRefreshHistory":[{"DataflowId":"f22437a7-d238-49d1-b976-a2ccfaee26f1","DataflowName":"Pull Environments From CoE Kit","EntityName":"admin_environment","StartTime":"2024-03-09T22:58:08.9929356+00:00","EndTime":"2024-03-09T22:58:41.2396935+00:00","RefreshStatus":"Success","ErrorInfo":null,"ExceptionInfo":null,"Warnings":[],"ErrorCount":0,"UpsertCount":12,"PartitionsRefreshHistory":[{"Name":"admin_environment.csv","StartTime":"2024-03-09T22:58:09.1023078+00:00","EndTime":"2024-03-09T22:58:18.5129329+00:00","LastUpdateTime":"2024-03-09T22:58:18.5129329+00:00","RefreshStatus":"Success","ComputeEngines":[],"DataSourceStatistics":[{"DataSourceType":"CommonDataService","BytesRead":0,"BytesWritten":0,"RowsRead":12,"RowsWritten":0},{"DataSourceType":"AzureDataLakeStorage","BytesRead":0,"BytesWritten":1184,"RowsRead":0,"RowsWritten":0}],"ErrorInfo":null,"Warnings":[],"ExceptionInfo":null}],"InsertCount":0}],"ActionsRefreshHistory":[],"ModelSnapshotPath":""},{"DataflowId":"f22437a7-d238-49d1-b976-a2ccfaee26f1","TransactionId":"a7dab886-2290-4b4b-80bd-d5c766235de8","DataflowName":"Pull Environments From CoE Kit","RequestId":"f896cc1b-5f9b-4cde-81df-2ce279921740","SessionId":null,"StartTime":"2024-03-09T22:59:59.0631629+00:00","EndTime":"2024-03-09T23:01:17.5651029+00:00","RefreshType":"RefreshTypeOneTime","RefreshStatus":"Success","ErrorInfo":null,"EntitiesRefreshHistory":[{"DataflowId":"f22437a7-d238-49d1-b976-a2ccfaee26f1","DataflowName":"Pull Environments From CoE Kit","EntityName":"admin_environment","StartTime":"2024-03-09T23:00:34.0971381+00:00","EndTime":"2024-03-09T23:01:07.7525179+00:00","RefreshStatus":"Success","ErrorInfo":null,"ExceptionInfo":null,"Warnings":[],"ErrorCount":0,"UpsertCount":12,"PartitionsRefreshHistory":[{"Name":"admin_environment.csv","StartTime":"2024-03-09T23:00:34.1440144+00:00","EndTime":"2024-03-09T23:00:46.0975872+00:00","LastUpdateTime":"2024-03-09T23:00:46.0975872+00:00","RefreshStatus":"Success","ComputeEngines":[],"DataSourceStatistics":[{"DataSourceType":"CommonDataService","BytesRead":0,"BytesWritten":0,"RowsRead":12,"RowsWritten":0},{"DataSourceType":"AzureDataLakeStorage","BytesRead":0,"BytesWritten":1302,"RowsRead":0,"RowsWritten":0}],"ErrorInfo":null,"Warnings":[],"ExceptionInfo":null}],"InsertCount":0}],"ActionsRefreshHistory":[],"ModelSnapshotPath":""},{"DataflowId":"f22437a7-d238-49d1-b976-a2ccfaee26f1","TransactionId":"adaa76a4-67e5-4c5c-8ba1-a218d7e70d7a","DataflowName":"Pull Environments From CoE Kit","RequestId":"1a231c09-ddb2-49f3-9479-0cd32de8a788","SessionId":null,"StartTime":"2024-03-09T23:01:58.4576681+00:00","EndTime":"2024-03-09T23:02:59.9739129+00:00","RefreshType":"RefreshTypeOneTime","RefreshStatus":"Success","ErrorInfo":null,"EntitiesRefreshHistory":[{"DataflowId":"f22437a7-d238-49d1-b976-a2ccfaee26f1","DataflowName":"Pull Environments From CoE Kit","EntityName":"admin_environment","StartTime":"2024-03-09T23:02:29.9992961+00:00","EndTime":"2024-03-09T23:02:49.3046247+00:00","RefreshStatus":"Success","ErrorInfo":null,"ExceptionInfo":null,"Warnings":[],"ErrorCount":0,"UpsertCount":12,"PartitionsRefreshHistory":[{"Name":"admin_environment.csv","StartTime":"2024-03-09T23:02:30.01492+00:00","EndTime":"2024-03-09T23:02:38.3116782+00:00","LastUpdateTime":"2024-03-09T23:02:38.3116782+00:00","RefreshStatus":"Success","ComputeEngines":[],"DataSourceStatistics":[{"DataSourceType":"CommonDataService","BytesRead":0,"BytesWritten":0,"RowsRead":12,"RowsWritten":0},{"DataSourceType":"AzureDataLakeStorage","BytesRead":0,"BytesWritten":1302,"RowsRead":0,"RowsWritten":0}],"ErrorInfo":null,"Warnings":[],"ExceptionInfo":null}],"InsertCount":0}],"ActionsRefreshHistory":[],"ModelSnapshotPath":""},{"DataflowId":"f22437a7-d238-49d1-b976-a2ccfaee26f1","TransactionId":"b4e28a8a-a15e-4840-966f-8f698883f4a1","DataflowName":"Pull Environments From CoE Kit","RequestId":"dfc6da1a-efe7-4c47-9a63-66d3078bd494","SessionId":null,"StartTime":"2024-03-10T03:30:48.1621782+00:00","EndTime":"2024-03-10T03:32:54.913466+00:00","RefreshType":"RefreshTypeIntervalBased","RefreshStatus":"Success","ErrorInfo":null,"EntitiesRefreshHistory":[{"DataflowId":"f22437a7-d238-49d1-b976-a2ccfaee26f1","DataflowName":"Pull Environments From CoE Kit","EntityName":"admin_environment","StartTime":"2024-03-10T03:32:02.0907662+00:00","EndTime":"2024-03-10T03:32:44.896319+00:00","RefreshStatus":"Success","ErrorInfo":null,"ExceptionInfo":null,"Warnings":[],"ErrorCount":0,"UpsertCount":12,"PartitionsRefreshHistory":[{"Name":"admin_environment.csv","StartTime":"2024-03-10T03:32:03.9032961+00:00","EndTime":"2024-03-10T03:32:19.4191612+00:00","LastUpdateTime":"2024-03-10T03:32:19.4191612+00:00","RefreshStatus":"Success","ComputeEngines":[],"DataSourceStatistics":[{"DataSourceType":"CommonDataService","BytesRead":0,"BytesWritten":0,"RowsRead":12,"RowsWritten":0},{"DataSourceType":"AzureDataLakeStorage","BytesRead":0,"BytesWritten":1302,"RowsRead":0,"RowsWritten":0}],"ErrorInfo":null,"Warnings":[],"ExceptionInfo":null}],"InsertCount":0}],"ActionsRefreshHistory":[],"ModelSnapshotPath":""},{"DataflowId":"f22437a7-d238-49d1-b976-a2ccfaee26f1","TransactionId":"e8bd1f43-8cfb-47db-99bb-34e1c56326ae","DataflowName":"Pull Environments From CoE Kit","RequestId":"ff7e51e4-d689-4ca5-814f-f7099bfd61a5","SessionId":null,"StartTime":"2024-03-11T03:30:44.7328334+00:00","EndTime":"2024-03-11T03:31:52.6875204+00:00","RefreshType":"RefreshTypeIntervalBased","RefreshStatus":"Success","ErrorInfo":null,"EntitiesRefreshHistory":[{"DataflowId":"f22437a7-d238-49d1-b976-a2ccfaee26f1","DataflowName":"Pull Environments From CoE Kit","EntityName":"admin_environment","StartTime":"2024-03-11T03:31:07.6897654+00:00","EndTime":"2024-03-11T03:31:45.3533387+00:00","RefreshStatus":"Success","ErrorInfo":null,"ExceptionInfo":null,"Warnings":[],"ErrorCount":0,"UpsertCount":12,"PartitionsRefreshHistory":[{"Name":"admin_environment.csv","StartTime":"2024-03-11T03:31:07.799139+00:00","EndTime":"2024-03-11T03:31:29.9742672+00:00","LastUpdateTime":"2024-03-11T03:31:29.9742672+00:00","RefreshStatus":"Success","ComputeEngines":[],"DataSourceStatistics":[{"DataSourceType":"CommonDataService","BytesRead":0,"BytesWritten":0,"RowsRead":12,"RowsWritten":0},{"DataSourceType":"AzureDataLakeStorage","BytesRead":0,"BytesWritten":1302,"RowsRead":0,"RowsWritten":0}],"ErrorInfo":null,"Warnings":[],"ExceptionInfo":null}],"InsertCount":0}],"ActionsRefreshHistory":[],"ModelSnapshotPath":""},{"DataflowId":"f22437a7-d238-49d1-b976-a2ccfaee26f1","TransactionId":"72ff3226-7274-4f1f-8bae-415bf91a25ff","DataflowName":"Pull Environments From CoE Kit","RequestId":"41ecffc5-0ac7-4be8-8caf-6f628bdee6a8","SessionId":null,"StartTime":"2024-03-12T03:30:54.8272179+00:00","EndTime":"2024-03-12T03:33:21.7992146+00:00","RefreshType":"RefreshTypeIntervalBased","RefreshStatus":"Success","ErrorInfo":null,"EntitiesRefreshHistory":[{"DataflowId":"f22437a7-d238-49d1-b976-a2ccfaee26f1","DataflowName":"Pull Environments From CoE Kit","EntityName":"admin_environment","StartTime":"2024-03-12T03:32:25.8967883+00:00","EndTime":"2024-03-12T03:33:13.3079822+00:00","RefreshStatus":"Success","ErrorInfo":null,"ExceptionInfo":null,"Warnings":[],"ErrorCount":0,"UpsertCount":12,"PartitionsRefreshHistory":[{"Name":"admin_environment.csv","StartTime":"2024-03-12T03:32:28.2093147+00:00","EndTime":"2024-03-12T03:33:00.2631961+00:00","LastUpdateTime":"2024-03-12T03:33:00.2631961+00:00","RefreshStatus":"Success","ComputeEngines":[],"DataSourceStatistics":[{"DataSourceType":"CommonDataService","BytesRead":0,"BytesWritten":0,"RowsRead":12,"RowsWritten":0},{"DataSourceType":"AzureDataLakeStorage","BytesRead":0,"BytesWritten":1302,"RowsRead":0,"RowsWritten":0}],"ErrorInfo":null,"Warnings":[],"ExceptionInfo":null}],"InsertCount":0}],"ActionsRefreshHistory":[],"ModelSnapshotPath":""},{"DataflowId":"f22437a7-d238-49d1-b976-a2ccfaee26f1","TransactionId":"9eec282c-13e0-479c-adf8-76b6f4c0fd67","DataflowName":"Pull Environments From CoE Kit","RequestId":"f059586d-716d-432d-8910-cb32b286a4df","SessionId":null,"StartTime":"2024-03-13T03:30:46.7009852+00:00","EndTime":"2024-03-13T03:31:59.4206004+00:00","RefreshType":"RefreshTypeIntervalBased","RefreshStatus":"Success","ErrorInfo":null,"EntitiesRefreshHistory":[{"DataflowId":"f22437a7-d238-49d1-b976-a2ccfaee26f1","DataflowName":"Pull Environments From CoE Kit","EntityName":"admin_environment","StartTime":"2024-03-13T03:31:08.140439+00:00","EndTime":"2024-03-13T03:31:50.47899+00:00","RefreshStatus":"Success","ErrorInfo":null,"ExceptionInfo":null,"Warnings":[],"ErrorCount":0,"UpsertCount":12,"PartitionsRefreshHistory":[{"Name":"admin_environment.csv","StartTime":"2024-03-13T03:31:08.1560641+00:00","EndTime":"2024-03-13T03:31:29.9544619+00:00","LastUpdateTime":"2024-03-13T03:31:29.9544619+00:00","RefreshStatus":"Success","ComputeEngines":[],"DataSourceStatistics":[{"DataSourceType":"CommonDataService","BytesRead":0,"BytesWritten":0,"RowsRead":12,"RowsWritten":0},{"DataSourceType":"AzureDataLakeStorage","BytesRead":0,"BytesWritten":1302,"RowsRead":0,"RowsWritten":0}],"ErrorInfo":null,"Warnings":[],"ExceptionInfo":null}],"InsertCount":0}],"ActionsRefreshHistory":[],"ModelSnapshotPath":""},{"DataflowId":"f22437a7-d238-49d1-b976-a2ccfaee26f1","TransactionId":"db53227e-9295-44d5-8770-4c9b4deb8df5","DataflowName":"Pull Environments From CoE Kit","RequestId":"6bfbab04-0b6e-4d35-95da-770185d53d1f","SessionId":null,"StartTime":"2024-03-14T03:30:45.7221457+00:00","EndTime":"2024-03-14T03:32:19.9574225+00:00","RefreshType":"RefreshTypeIntervalBased","RefreshStatus":"Success","ErrorInfo":null,"EntitiesRefreshHistory":[{"DataflowId":"f22437a7-d238-49d1-b976-a2ccfaee26f1","DataflowName":"Pull Environments From CoE Kit","EntityName":"admin_environment","StartTime":"2024-03-14T03:31:18.4373535+00:00","EndTime":"2024-03-14T03:32:12.2441001+00:00","RefreshStatus":"Success","ErrorInfo":null,"ExceptionInfo":null,"Warnings":[],"ErrorCount":0,"UpsertCount":12,"PartitionsRefreshHistory":[{"Name":"admin_environment.csv","StartTime":"2024-03-14T03:31:18.6092286+00:00","EndTime":"2024-03-14T03:31:44.7850075+00:00","LastUpdateTime":"2024-03-14T03:31:44.7850075+00:00","RefreshStatus":"Success","ComputeEngines":[],"DataSourceStatistics":[{"DataSourceType":"CommonDataService","BytesRead":0,"BytesWritten":0,"RowsRead":12,"RowsWritten":0},{"DataSourceType":"AzureDataLakeStorage","BytesRead":0,"BytesWritten":1302,"RowsRead":0,"RowsWritten":0}],"ErrorInfo":null,"Warnings":[],"ExceptionInfo":null}],"InsertCount":0}],"ActionsRefreshHistory":[],"ModelSnapshotPath":""},{"DataflowId":"f22437a7-d238-49d1-b976-a2ccfaee26f1","TransactionId":"72f1c218-ddbe-4296-b81a-5c4bfc4de82a","DataflowName":"Pull Environments From CoE Kit","RequestId":"815a736b-e68f-42da-9e50-cdbc31488c78","SessionId":null,"StartTime":"2024-03-15T03:30:44.7726352+00:00","EndTime":"2024-03-15T03:32:07.7744872+00:00","RefreshType":"RefreshTypeIntervalBased","RefreshStatus":"Success","ErrorInfo":null,"EntitiesRefreshHistory":[{"DataflowId":"f22437a7-d238-49d1-b976-a2ccfaee26f1","DataflowName":"Pull Environments From CoE Kit","EntityName":"admin_environment","StartTime":"2024-03-15T03:31:08.4195505+00:00","EndTime":"2024-03-15T03:32:02.9141638+00:00","RefreshStatus":"Success","ErrorInfo":null,"ExceptionInfo":null,"Warnings":[],"ErrorCount":0,"UpsertCount":12,"PartitionsRefreshHistory":[{"Name":"admin_environment.csv","StartTime":"2024-03-15T03:31:08.5289262+00:00","EndTime":"2024-03-15T03:31:34.8182518+00:00","LastUpdateTime":"2024-03-15T03:31:34.8182518+00:00","RefreshStatus":"Success","ComputeEngines":[],"DataSourceStatistics":[{"DataSourceType":"CommonDataService","BytesRead":0,"BytesWritten":0,"RowsRead":12,"RowsWritten":0},{"DataSourceType":"AzureDataLakeStorage","BytesRead":0,"BytesWritten":1302,"RowsRead":0,"RowsWritten":0}],"ErrorInfo":null,"Warnings":[],"ExceptionInfo":null}],"InsertCount":0}],"ActionsRefreshHistory":[],"ModelSnapshotPath":""},{"DataflowId":"f22437a7-d238-49d1-b976-a2ccfaee26f1","TransactionId":"1c31d28e-f1e7-490c-9328-9842136fe5c7","DataflowName":"Pull Environments From CoE Kit","RequestId":"8d29d5de-d983-436d-9933-57bf1be0771f","SessionId":null,"StartTime":"2024-03-15T14:04:08.6493243+00:00","EndTime":"2024-03-15T14:05:22.9163864+00:00","RefreshType":"RefreshTypeOneTime","RefreshStatus":"Success","ErrorInfo":null,"EntitiesRefreshHistory":[{"DataflowId":"f22437a7-d238-49d1-b976-a2ccfaee26f1","DataflowName":"Pull Environments From CoE Kit","EntityName":"admin_environment","StartTime":"2024-03-15T14:04:38.4104709+00:00","EndTime":"2024-03-15T14:05:12.7630267+00:00","RefreshStatus":"Success","ErrorInfo":null,"ExceptionInfo":null,"Warnings":[],"ErrorCount":0,"UpsertCount":12,"PartitionsRefreshHistory":[{"Name":"admin_environment.csv","StartTime":"2024-03-15T14:04:38.4417469+00:00","EndTime":"2024-03-15T14:04:48.5771558+00:00","LastUpdateTime":"2024-03-15T14:04:48.5771558+00:00","RefreshStatus":"Success","ComputeEngines":[],"DataSourceStatistics":[{"DataSourceType":"CommonDataService","BytesRead":0,"BytesWritten":0,"RowsRead":12,"RowsWritten":0},{"DataSourceType":"AzureDataLakeStorage","BytesRead":0,"BytesWritten":1374,"RowsRead":0,"RowsWritten":0}],"ErrorInfo":null,"Warnings":[],"ExceptionInfo":null}],"InsertCount":0}],"ActionsRefreshHistory":[],"ModelSnapshotPath":""},{"DataflowId":"f22437a7-d238-49d1-b976-a2ccfaee26f1","TransactionId":"11a86da3-5b90-4cd4-a398-d1f091e3e0c7","DataflowName":"Pull Environments From CoE Kit","RequestId":"20132326-2390-453b-9e3b-bfba4f686806","SessionId":null,"StartTime":"2024-03-15T14:20:46.3634403+00:00","EndTime":"2024-03-15T14:22:01.3170552+00:00","RefreshType":"RefreshTypeOneTime","RefreshStatus":"Success","ErrorInfo":null,"EntitiesRefreshHistory":[{"DataflowId":"f22437a7-d238-49d1-b976-a2ccfaee26f1","DataflowName":"Pull Environments From CoE Kit","EntityName":"admin_environment","StartTime":"2024-03-15T14:21:16.5741452+00:00","EndTime":"2024-03-15T14:21:50.892372+00:00","RefreshStatus":"Success","ErrorInfo":null,"ExceptionInfo":null,"Warnings":[],"ErrorCount":0,"UpsertCount":12,"PartitionsRefreshHistory":[{"Name":"admin_environment.csv","StartTime":"2024-03-15T14:21:16.6053988+00:00","EndTime":"2024-03-15T14:21:27.6576371+00:00","LastUpdateTime":"2024-03-15T14:21:27.6576371+00:00","RefreshStatus":"Success","ComputeEngines":[],"DataSourceStatistics":[{"DataSourceType":"CommonDataService","BytesRead":0,"BytesWritten":0,"RowsRead":12,"RowsWritten":0},{"DataSourceType":"AzureDataLakeStorage","BytesRead":0,"BytesWritten":1302,"RowsRead":0,"RowsWritten":0}],"ErrorInfo":null,"Warnings":[],"ExceptionInfo":null}],"InsertCount":0}],"ActionsRefreshHistory":[],"ModelSnapshotPath":""},{"DataflowId":"f22437a7-d238-49d1-b976-a2ccfaee26f1","TransactionId":"4d45a85c-bbb4-483b-960b-9d864a05249b","DataflowName":"Pull Environments From CoE Kit","RequestId":"6e1372f8-7a1b-4a3a-abf5-c9f714ead2d7","SessionId":null,"StartTime":"2024-03-15T14:50:24.6428971+00:00","EndTime":"2024-03-15T14:51:39.8153262+00:00","RefreshType":"RefreshTypeOneTime","RefreshStatus":"Success","ErrorInfo":null,"EntitiesRefreshHistory":[{"DataflowId":"f22437a7-d238-49d1-b976-a2ccfaee26f1","DataflowName":"Pull Environments From CoE Kit","EntityName":"admin_environment","StartTime":"2024-03-15T14:50:55.9014815+00:00","EndTime":"2024-03-15T14:51:29.8552519+00:00","RefreshStatus":"Success","ErrorInfo":null,"ExceptionInfo":null,"Warnings":[],"ErrorCount":0,"UpsertCount":12,"PartitionsRefreshHistory":[{"Name":"admin_environment.csv","StartTime":"2024-03-15T14:50:55.9327084+00:00","EndTime":"2024-03-15T14:51:10.5922033+00:00","LastUpdateTime":"2024-03-15T14:51:10.5922033+00:00","RefreshStatus":"Success","ComputeEngines":[],"DataSourceStatistics":[{"DataSourceType":"CommonDataService","BytesRead":0,"BytesWritten":0,"RowsRead":12,"RowsWritten":0},{"DataSourceType":"AzureDataLakeStorage","BytesRead":0,"BytesWritten":1302,"RowsRead":0,"RowsWritten":0}],"ErrorInfo":null,"Warnings":[],"ExceptionInfo":null}],"InsertCount":0}],"ActionsRefreshHistory":[],"ModelSnapshotPath":""},{"DataflowId":"f22437a7-d238-49d1-b976-a2ccfaee26f1","TransactionId":"42d66ef1-eb02-4c09-8d30-3bdb4879ddab","DataflowName":"Pull Environments From CoE Kit","RequestId":"405c31d2-ff97-4ac4-adcb-5f0386679c1b","SessionId":null,"StartTime":"2024-03-15T16:29:01.3424837+00:00","EndTime":"2024-03-15T16:30:17.1250827+00:00","RefreshType":"RefreshTypeOneTime","RefreshStatus":"Success","ErrorInfo":null,"EntitiesRefreshHistory":[{"DataflowId":"f22437a7-d238-49d1-b976-a2ccfaee26f1","DataflowName":"Pull Environments From CoE Kit","EntityName":"admin_environment","StartTime":"2024-03-15T16:29:31.5348505+00:00","EndTime":"2024-03-15T16:30:07.0949394+00:00","RefreshStatus":"Success","ErrorInfo":null,"ExceptionInfo":null,"Warnings":[],"ErrorCount":0,"UpsertCount":12,"PartitionsRefreshHistory":[{"Name":"admin_environment.csv","StartTime":"2024-03-15T16:29:31.5661152+00:00","EndTime":"2024-03-15T16:29:40.3041763+00:00","LastUpdateTime":"2024-03-15T16:29:40.3041763+00:00","RefreshStatus":"Success","ComputeEngines":[],"DataSourceStatistics":[{"DataSourceType":"CommonDataService","BytesRead":0,"BytesWritten":0,"RowsRead":12,"RowsWritten":0},{"DataSourceType":"AzureDataLakeStorage","BytesRead":0,"BytesWritten":1302,"RowsRead":0,"RowsWritten":0}],"ErrorInfo":null,"Warnings":[],"ExceptionInfo":null}],"InsertCount":0}],"ActionsRefreshHistory":[],"ModelSnapshotPath":""}]</msdyn_refreshhistory>
      <msdyn_refreshsettings>{"RefreshPeriod":{"Years":0,"Months":0,"Weeks":0,"Days":1,"Hours":0,"Minutes":0,"Seconds":0},"ScheduleRefreshType":"IntervalBased","StartDateTime":"2024-03-05T03:30:00+00:00","TimeBasedRefreshPeriod":null,"TimeZoneId":"Romance Standard Time"}</msdyn_refreshsettings>
      <statecode>0</statecode>
      <statuscode>1</statuscode>
    </msdyn_dataflow>
  </msdyn_dataflows>
  <Languages>
    <Language>1033</Language>
  </Languages>
</ImportExportXml>