<environmentvariabledefinition schemaname="ptricks_PpacReportsSPFolderPathPowerPagesAuth">
  <description default="Relative Folder Path where the Power Pages reports are uploaded for authenticated usage. Example &quot;/Shared Documents/PpacReports/PowerPages/Authenticated&quot;">
    <label description="Relative Folder Path where the Power Pages reports are uploaded for authenticated usage. Example &quot;/Shared Documents/PpacReports/PowerPages/Authenticated&quot;" languagecode="1033" />
  </description>
  <displayname default="PpacReportsSPFolderPathPowerPagesAuth">
    <label description="PpacReportsSPFolderPathPowerPagesAuth" languagecode="1033" />
  </displayname>
  <introducedversion>1.0.0.0</introducedversion>
  <iscustomizable>1</iscustomizable>
  <isrequired>0</isrequired>
  <secretstore>0</secretstore>
  <type>100000000</type>
</environmentvariabledefinition>