<environmentvariabledefinition schemaname="ptricks_PpacReportsEmailAdmins">
  <description default="Email to send alerts in case of failure">
    <label description="Email to send alerts in case of failure" languagecode="1033" />
  </description>
  <displayname default="PpacReportsEmailAdmins">
    <label description="PpacReportsEmailAdmins" languagecode="1033" />
  </displayname>
  <introducedversion>1.0.0.0</introducedversion>
  <iscustomizable>1</iscustomizable>
  <isrequired>0</isrequired>
  <secretstore>0</secretstore>
  <type>100000000</type>
</environmentvariabledefinition>