{
  "properties": {
    "connectionReferences": {
      "shared_commondataserviceforapps_1": {
        "api": {
          "name": "shared_commondataserviceforapps"
        },
        "connection": {
          "connectionReferenceLogicalName": "ptricks_sharedcommondataserviceforapps_a0ecc"
        },
        "runtimeSource": "embedded"
      }
    },
    "definition": {
      "$schema": "https://schema.management.azure.com/providers/Microsoft.Logic/schemas/2016-06-01/workflowdefinition.json#",
      "contentVersion": "1.0.0.0",
      "parameters": {
        "$authentication": {
          "defaultValue": {},
          "type": "SecureObject"
        },
        "$connections": {
          "defaultValue": {},
          "type": "Object"
        }
      },
      "triggers": {
        "manual": {
          "type": "Request",
          "kind": "Button",
          "inputs": {
            "schema": {
              "type": "object",
              "properties": {},
              "required": []
            }
          },
          "metadata": {
            "operationMetadataId": "da793ded-f06e-4598-b03b-f659e27351de"
          }
        }
      },
      "actions": {
        "Compose_Setting_Options": {
          "type": "Compose",
          "inputs": [
            {
              "ptricks_name": "Inactivity Time Out Enabled",
              "ptricks_type": 0,
              "ptricks_displayname": "Inactivity timeout enabled",
              "ptricks_logicalname": "inactivitytimeoutenabled",
              "ptricks_description": "Information that specifies whether Inactivity timeout is enabled"
            },
            {
              "ptricks_name": "Inactivity Time Out Min",
              "ptricks_type": 1,
              "ptricks_displayname": "Inactivity timeout in minutes",
              "ptricks_logicalname": "inactivitytimeoutinmins",
              "ptricks_description": "Inactivity timeout in minutes"
            },
            {
              "ptricks_name": "Inactivity Time Out Reminder Min",
              "ptricks_type": 1,
              "ptricks_displayname": "Inactivity timeout reminder in minutes",
              "ptricks_logicalname": "inactivitytimeoutreminderinmins",
              "ptricks_description": "Inactivity timeout reminder in minutes"
            },
            {
              "ptricks_name": "PCF Components Enabled",
              "ptricks_type": 0,
              "ptricks_displayname": "Enable Custom Controls in canvas PowerApps feature for this organization",
              "ptricks_logicalname": "iscustomcontrolsincanvasappsenabled",
              "ptricks_description": "Indicates whether Custom Controls in canvas PowerApps feature has been enabled for the organization."
            },
            {
              "ptricks_name": "Session Time Out Enabled",
              "ptricks_type": 0,
              "ptricks_displayname": "Session timeout enabled",
              "ptricks_logicalname": "sessiontimeoutenabled",
              "ptricks_description": "Information that specifies whether session timeout is enabled"
            },
            {
              "ptricks_name": "Session Time Out Min",
              "ptricks_type": 1,
              "ptricks_displayname": "Session timeout in minutes",
              "ptricks_logicalname": "sessiontimeoutinmins",
              "ptricks_description": "Session timeout in minutes"
            },
            {
              "ptricks_name": "Session Time Out Reminder Min",
              "ptricks_type": 1,
              "ptricks_displayname": "Session timeout reminder in minutes",
              "ptricks_logicalname": "sessiontimeoutreminderinmins",
              "ptricks_description": "Session timeout reminder in minutes"
            },
            {
              "ptricks_name": "Ideas Data Collection Enabled",
              "ptricks_type": 0,
              "ptricks_displayname": "Enable Ideas data collection.",
              "ptricks_logicalname": "isideasdatacollectionenabled",
              "ptricks_description": "Indicates whether data collection for ideas in canvas PowerApps has been enabled."
            },
            {
              "ptricks_name": "AI Builder Preview Models Enabled",
              "ptricks_type": 0,
              "ptricks_displayname": "Display Preview Feature for this organization",
              "ptricks_logicalname": "paipreviewscenarioenabled",
              "ptricks_description": "Indicates whether Preview feature has been enabled for the organization."
            },
            {
              "ptricks_name": "Power Apps Copilot Enabled",
              "ptricks_type": 0,
              "ptricks_displayname": "Enable bot for makers.",
              "ptricks_logicalname": "powerappsmakerbotenabled",
              "ptricks_description": "Indicates whether bot for makers is enabled."
            },
            {
              "ptricks_name": "Canvas Apps in Solution by Default Enabled",
              "ptricks_type": 0,
              "ptricks_displayname": "Enable the creation of Canvas apps in Dataverse / Solution by default",
              "ptricks_logicalname": "enablecanvasappsinsolutionsbydefault",
              "ptricks_description": "Note: By enabling this feature, you will also enable the automatic creation of enviornment variables when adding data sources for your apps."
            },
            {
              "ptricks_name": "Flows in Solution by Default Enabled",
              "ptricks_type": 0,
              "ptricks_displayname": "Enable the creation of flows within a solution by default.",
              "ptricks_logicalname": "enableflowsinsolutionbydefault",
              "ptricks_description": "Indicates whether the creation of flows is within a solution by default for this organization."
            },
            {
              "ptricks_name": "Cloud Flow Run History Retention in Dataverse",
              "ptricks_type": 1,
              "ptricks_displayname": "Define retention (in seconds) for flow runs in Dataverse.",
              "ptricks_logicalname": "flowruntimetoliveinseconds",
              "ptricks_description": "Indicates whether the retention of flow runs in Dataverse in seconds, minimum 0 and max is 2,147,483,647 (+ 68 years)."
            },
            {
              "ptricks_name": "Model-driven App Release Channel",
              "ptricks_type": 1,
              "ptricks_displayname": "Define Model-driven app release channel",
              "ptricks_logicalname": "releasechannel",
              "ptricks_description": "Auto: 0 - Monthly: 1 - Semi-annual: 3. More info: https://go.microsoft.com/fwlink/?linkid=2237290"
            },
            {
              "ptricks_name": "AI Prompts Enabled",
              "ptricks_type": 0,
              "ptricks_displayname": "Enable AI Prompts",
              "ptricks_logicalname": "aipromptsenabled",
              "ptricks_description": "Indicates whether AI Prompts feature is enabled."
            },
            {
              "ptricks_name": "Basic Geospatial Features Enabled",
              "ptricks_type": 0,
              "ptricks_displayname": "Enable the basic Geospatial features in Canvas Apps",
              "ptricks_logicalname": "isbasicgeospatialintegrationenabled",
              "ptricks_description": "Determines whether users can make use of basic Geospatial featuers in Canvas apps."
            },
            {
              "ptricks_name": "Full Geospatial Features Enabled",
              "ptricks_type": 0,
              "ptricks_displayname": "Enable geospatial Azure Maps integration",
              "ptricks_logicalname": "isgeospatialazuremapsintegrationenabled",
              "ptricks_description": "Indicates whether geospatial capabilities leveraging Azure Maps are enabled, including full map control and address input."
            },
            {
              "ptricks_name": "Transcripts Visibility for Agent Owners and Editors Blcoked",
              "ptricks_type": 0,
              "ptricks_displayname": "Block access to session transcripts for Copilot Studio",
              "ptricks_logicalname": "blockaccesstosessiontranscriptsforcopilotstudio",
              "ptricks_description": "Enable this feature to prevent makers from accessing and downloading session transcripts"
            },
            {
              "ptricks_name": "Agent Transcripts Writting to Dataverse Blocked",
              "ptricks_type": 0,
              "ptricks_displayname": "Block access to session transcripts and conversational transcript recording for Copilot Studio",
              "ptricks_logicalname": "blocktranscriptrecordingforcopilotstudio",
              "ptricks_description": "Enable this feature to block access to session transcripts and conversational transcripts from being written to Dataverse for an individual environment"
            },
            {
              "ptricks_name": "Process Capacity Overage Enabled",
              "ptricks_type": 0,
              "ptricks_displayname": "Enable the Per Process overage feature for this organization",
              "ptricks_logicalname": "isperprocesscapacityoverageenabled",
              "ptricks_description": "Indicates whether the Per Process overage feature is enabled in this organization."
            },
            {
              "ptricks_name": "Process Capacity Auto-claim Enabled",
              "ptricks_type": 0,
              "ptricks_displayname": "Enable the Process capacity auto-claim feature for this organization",
              "ptricks_logicalname": "isprocesscapacityautoclaimenabled",
              "ptricks_description": "Indicates whether the Process capacity auto-claim feature is enabled in this organization."
            },
            {
              "ptricks_name": "Guest User Access Restricted",
              "ptricks_type": 0,
              "ptricks_displayname": "Restrict guest users access to the organization",
              "ptricks_logicalname": "restrictGuestUserAccess",
              "ptricks_description": "Information that specifies whether guest user restriction is enabled"
            },
            {
              "ptricks_name": "MCS Maker Credentials Blocked",
              "ptricks_type": 0,
              "ptricks_displayname": "Block makers from allowing end-users to use their credentials during authentication to use connectors, actions, flows, and triggers that are connected to an agent",
              "ptricks_logicalname": "blockcopilotauthorauthentication",
              "ptricks_description": "Prevent makers from allowing end-users to use their credentials during authentication to use connectors, actions, flows, and triggers that are connected to an agent."
            },
            {
              "ptricks_name": "MCS Computer Use Enabled",
              "ptricks_type": 0,
              "ptricks_displayname": "Enable Computer Use in MCS feature for this organization",
              "ptricks_logicalname": "iscomputeruseinmcsenabled",
              "ptricks_description": "Indicates whether Computer Use in MCS feature is enabled in this organization."
            },
            {
              "ptricks_name": "MCS Computer Use Logs to Purview Enabled",
              "ptricks_type": 0,
              "ptricks_displayname": "Enable sending CUA audit logs to Purview",
              "ptricks_logicalname": "issendcuaauditlogtopurviewenabled",
              "ptricks_description": "Indicates whether sending CUA audit logs to Purview is enabled."
            }
          ],
          "runAfter": {},
          "metadata": {
            "operationMetadataId": "ece764cc-bcf6-4c6c-99db-238f1a6be345"
          }
        },
        "Apply_to_each_Setting_Option": {
          "type": "Foreach",
          "foreach": "@outputs('Compose_Setting_Options')",
          "actions": {
            "Add_a_new_row": {
              "type": "OpenApiConnection",
              "inputs": {
                "parameters": {
                  "entityName": "ptricks_settingoptions",
                  "item/ptricks_displayname": "@item()?['ptricks_displayname']",
                  "item/ptricks_logicalname": "@item()?['ptricks_logicalname']",
                  "item/ptricks_name": "@item()?['ptricks_name']",
                  "item/ptricks_type": "@items('Apply_to_each_Setting_Option')?['ptricks_type']",
                  "item/ptricks_description": "@items('Apply_to_each_Setting_Option')?['ptricks_description']"
                },
                "host": {
                  "apiId": "/providers/Microsoft.PowerApps/apis/shared_commondataserviceforapps",
                  "operationId": "CreateRecord",
                  "connectionName": "shared_commondataserviceforapps_1"
                }
              },
              "metadata": {
                "operationMetadataId": "15def9a3-d619-45ea-a3bb-a69774dfd028"
              }
            }
          },
          "runAfter": {
            "Compose_Setting_Options": [
              "Succeeded"
            ]
          },
          "runtimeConfiguration": {
            "concurrency": {
              "repetitions": 50
            }
          },
          "metadata": {
            "operationMetadataId": "f7f5c20c-a85b-4b7e-9b05-cfd8e0d63573"
          }
        }
      },
      "outputs": {}
    },
    "templateName": null
  },
  "schemaVersion": "1.0.0.0"
}