{
  "properties": {
    "connectionReferences": {
      "shared_powerplatformforadmins": {
        "runtimeSource": "embedded",
        "connection": {
          "connectionReferenceLogicalName": "ptricks_sharedpowerplatformforadmins_47290"
        },
        "api": {
          "name": "shared_powerplatformforadmins"
        }
      },
      "shared_commondataserviceforapps": {
        "impersonation": {},
        "runtimeSource": "embedded",
        "connection": {
          "connectionReferenceLogicalName": "ptricks_sharedcommondataserviceforapps_1b9ef"
        },
        "api": {
          "name": "shared_commondataserviceforapps"
        }
      },
      "shared_office365_1": {
        "runtimeSource": "embedded",
        "connection": {
          "connectionReferenceLogicalName": "ptricks_sharedoffice365_29b02"
        },
        "api": {
          "name": "shared_office365"
        }
      }
    },
    "definition": {
      "$schema": "https://schema.management.azure.com/providers/Microsoft.Logic/schemas/2016-06-01/workflowdefinition.json#",
      "contentVersion": "1.0.0.0",
      "parameters": {
        "$connections": {
          "defaultValue": {},
          "type": "Object"
        },
        "$authentication": {
          "defaultValue": {},
          "type": "SecureObject"
        },
        "SolDeployerEmailNotifyFrom (ptricks_SolDeployerEmailNotifyFrom)": {
          "defaultValue": "ValAdmin@powertricks.onmicrosoft.com",
          "type": "String",
          "metadata": {
            "schemaName": "ptricks_SolDeployerEmailNotifyFrom",
            "description": "Mailbox from which notification emails should be sent"
          }
        }
      },
      "triggers": {
        "manual": {
          "metadata": {
            "operationMetadataId": "9c5173d0-d89c-495a-8135-fbdea24f2dcb"
          },
          "type": "Request",
          "kind": "Button",
          "inputs": {
            "schema": {
              "type": "object",
              "properties": {
                "text": {
                  "title": "SolutionName",
                  "type": "string",
                  "x-ms-dynamically-added": true,
                  "description": "Please enter your input",
                  "x-ms-content-hint": "TEXT"
                },
                "text_1": {
                  "title": "NewOwnerEmail",
                  "type": "string",
                  "x-ms-dynamically-added": true,
                  "description": "Please enter your input",
                  "x-ms-content-hint": "TEXT"
                },
                "text_3": {
                  "title": "EnvironmentId",
                  "type": "string",
                  "x-ms-dynamically-added": true,
                  "description": "Please enter your input",
                  "x-ms-content-hint": "TEXT"
                },
                "text_4": {
                  "title": "ConnectionsToMap",
                  "type": "string",
                  "x-ms-dynamically-added": true,
                  "description": "Please enter your input",
                  "x-ms-content-hint": "TEXT"
                },
                "text_5": {
                  "title": "VariablesToUpdate",
                  "type": "string",
                  "x-ms-dynamically-added": true,
                  "description": "Please enter your input",
                  "x-ms-content-hint": "TEXT"
                },
                "text_2": {
                  "title": "AccountSignInEmail",
                  "type": "string",
                  "x-ms-dynamically-added": true,
                  "description": "Please enter your input",
                  "x-ms-content-hint": "TEXT"
                }
              },
              "required": [
                "text",
                "text_1",
                "text_3",
                "text_4",
                "text_5",
                "text_2"
              ]
            }
          }
        }
      },
      "actions": {
        "Respond_to_a_PowerApp_or_flow": {
          "runAfter": {
            "Scope_Main": [
              "Succeeded"
            ]
          },
          "metadata": {
            "operationMetadataId": "3316c477-a797-4ba4-a1f7-3aafeb7545d4"
          },
          "type": "Response",
          "kind": "PowerApp",
          "inputs": {
            "statusCode": 200,
            "body": {
              "result": "Completed",
              "flowrun": "@{concat('https://make.powerautomate.com/manage/environments/', workflow()['tags']['environmentName'], '/flows/', workflow()['name'], '/runs/', workflow()['run']['name'])}"
            },
            "schema": {
              "type": "object",
              "properties": {
                "result": {
                  "title": "result",
                  "x-ms-dynamically-added": true,
                  "type": "string"
                },
                "flowrun": {
                  "title": "flowrun",
                  "x-ms-dynamically-added": true,
                  "type": "string"
                }
              }
            }
          }
        },
        "Scope_Main": {
          "actions": {
            "Get_Environment_as_Admin": {
              "runAfter": {},
              "metadata": {
                "operationMetadataId": "51619432-9279-4a85-80e5-11d5b07ba8f2"
              },
              "type": "OpenApiConnection",
              "inputs": {
                "host": {
                  "apiId": "/providers/Microsoft.PowerApps/apis/shared_powerplatformforadmins",
                  "connectionName": "shared_powerplatformforadmins",
                  "operationId": "GetSingleEnvironment"
                },
                "parameters": {
                  "environment": "@triggerBody()['text_3']",
                  "api-version": "2018-10-01"
                },
                "authentication": "@parameters('$authentication')"
              }
            },
            "List_rows_from_selected_environment_Target_Owner": {
              "runAfter": {
                "Get_Environment_as_Admin": [
                  "Succeeded"
                ]
              },
              "metadata": {
                "operationMetadataId": "94122736-6584-45ca-b2d4-a0bca51e23c0"
              },
              "type": "OpenApiConnection",
              "inputs": {
                "host": {
                  "apiId": "/providers/Microsoft.PowerApps/apis/shared_commondataserviceforapps",
                  "connectionName": "shared_commondataserviceforapps",
                  "operationId": "ListRecordsWithOrganization"
                },
                "parameters": {
                  "organization": "@outputs('Get_Environment_as_Admin')?['body/properties/linkedEnvironmentMetadata/instanceUrl']",
                  "entityName": "systemusers",
                  "$filter": "internalemailaddress eq '@{triggerBody()['text_1']}'"
                },
                "authentication": "@parameters('$authentication')"
              }
            },
            "List_rows_from_selected_environment_Account_Sign_In": {
              "runAfter": {
                "List_rows_from_selected_environment_Target_Owner": [
                  "Succeeded"
                ]
              },
              "metadata": {
                "operationMetadataId": "94122736-6584-45ca-b2d4-a0bca51e23c0"
              },
              "type": "OpenApiConnection",
              "inputs": {
                "host": {
                  "apiId": "/providers/Microsoft.PowerApps/apis/shared_commondataserviceforapps",
                  "connectionName": "shared_commondataserviceforapps",
                  "operationId": "ListRecordsWithOrganization"
                },
                "parameters": {
                  "organization": "@outputs('Get_Environment_as_Admin')?['body/properties/linkedEnvironmentMetadata/instanceUrl']",
                  "entityName": "systemusers",
                  "$filter": "internalemailaddress eq '@{triggerBody()['text_2']}'"
                },
                "authentication": "@parameters('$authentication')"
              }
            },
            "List_rows_from_selected_environment_Default_Solution": {
              "runAfter": {
                "List_rows_from_selected_environment_Account_Sign_In": [
                  "Succeeded"
                ]
              },
              "metadata": {
                "operationMetadataId": "0544e87d-1769-4efd-9e79-e5d13c52350f"
              },
              "type": "OpenApiConnection",
              "inputs": {
                "host": {
                  "apiId": "/providers/Microsoft.PowerApps/apis/shared_commondataserviceforapps",
                  "connectionName": "shared_commondataserviceforapps",
                  "operationId": "ListRecordsWithOrganization"
                },
                "parameters": {
                  "organization": "@outputs('Get_Environment_as_Admin')?['body/properties/linkedEnvironmentMetadata/instanceUrl']",
                  "entityName": "solutions",
                  "$filter": "uniquename eq 'Default'"
                },
                "authentication": "@parameters('$authentication')"
              }
            },
            "List_rows_from_selected_environment_Solution": {
              "runAfter": {
                "List_rows_from_selected_environment_Default_Solution": [
                  "Succeeded"
                ]
              },
              "metadata": {
                "operationMetadataId": "2316eab2-3de6-4146-9f90-02f3c13393e0"
              },
              "type": "OpenApiConnection",
              "inputs": {
                "host": {
                  "apiId": "/providers/Microsoft.PowerApps/apis/shared_commondataserviceforapps",
                  "connectionName": "shared_commondataserviceforapps",
                  "operationId": "ListRecordsWithOrganization"
                },
                "parameters": {
                  "organization": "@outputs('Get_Environment_as_Admin')?['body/properties/linkedEnvironmentMetadata/instanceUrl']",
                  "entityName": "solutions",
                  "$filter": "uniquename eq '@{triggerBody()['text']}'"
                },
                "authentication": "@parameters('$authentication')"
              }
            },
            "Append_to_StringEmailOwner_-_Add_Main_Content": {
              "runAfter": {
                "List_rows_from_selected_environment_Solution": [
                  "Succeeded"
                ]
              },
              "metadata": {
                "operationMetadataId": "87b6148c-6be1-4885-8f50-74c00637df38"
              },
              "type": "AppendToStringVariable",
              "inputs": {
                "name": "StringEmailOwner",
                "value": "<p>Hello,<br>\n<br>\nThis is an automated message to let you know that the solution <a href=\"@{concat('https://make.powerapps.com/environments/',triggerBody()['text_3'],'/solutions/',outputs('List_rows_from_selected_environment_Solution')?['body/value'][0]?['solutionid'])}\">@{triggerBody()['text']}</a> was imported into the Environment \"@{outputs('Get_Environment_as_Admin')?['body/properties/displayName']}\". You are receiving this email because you were selected the be the Owner of the solution and underlying components.<br>\n<br>"
              }
            },
            "Condition_If_Variables_to_Update": {
              "actions": {
                "Append_to_StringEmailOwner_-_Add_Variable_Def": {
                  "runAfter": {},
                  "metadata": {
                    "operationMetadataId": "6bf45f26-dfd0-493f-bba6-981dd780dd05"
                  },
                  "type": "AppendToStringVariable",
                  "inputs": {
                    "name": "StringEmailOwner",
                    "value": "Please note that the below Environment Variables do not have an assigned value which could create issues for the solution. You can configure them by opening <a href=\"@{if(\r\n    outputs('List_rows_from_selected_environment_Solution')?['body/value'][0]?['ismanaged'],\r\n    concat('https://make.powerapps.com/environments/',triggerBody()['text_3'],'/solutions/',outputs('List_rows_from_selected_environment_Default_Solution')?['body/value'][0]?['solutionid'],'/objects/environment%20variables'),\r\n    concat('https://make.powerapps.com/environments/',triggerBody()['text_3'],'/solutions/',outputs('List_rows_from_selected_environment_Solution')?['body/value'][0]?['solutionid'],'/objects/environment%20variables')\r\n)}\">this link</a> and updating the environment variables listed below:<br>\n<ul>\n@{join(variables('ArrayEnvVariableDef'),'')}\n</ul>"
                  }
                }
              },
              "runAfter": {
                "Append_to_StringEmailOwner_-_Add_Main_Content": [
                  "Succeeded"
                ]
              },
              "expression": {
                "greaterOrEquals": [
                  "@length(variables('ArrayEnvVariableDef'))",
                  1
                ]
              },
              "metadata": {
                "operationMetadataId": "55de240e-ad00-4565-9b86-bea6a2da89a2"
              },
              "type": "If"
            },
            "Send_an_email_(V2)_to_Target_Owner": {
              "runAfter": {
                "Append_to_StringEmailOwner_-_Add_Signature": [
                  "Succeeded"
                ]
              },
              "metadata": {
                "operationMetadataId": "0874542b-d9a5-4ad4-9f7d-935dd90c69be"
              },
              "type": "OpenApiConnection",
              "inputs": {
                "host": {
                  "apiId": "/providers/Microsoft.PowerApps/apis/shared_office365",
                  "connectionName": "shared_office365_1",
                  "operationId": "SendEmailV2"
                },
                "parameters": {
                  "emailMessage/To": "@triggerBody()['text_1']",
                  "emailMessage/Subject": "@{triggerBody()['text']} Imported into @{outputs('Get_Environment_as_Admin')?['body/properties/displayName']}",
                  "emailMessage/Body": "@variables('StringEmailOwner')",
                  "emailMessage/From": "@parameters('SolDeployerEmailNotifyFrom (ptricks_SolDeployerEmailNotifyFrom)')",
                  "emailMessage/Importance": "Normal"
                },
                "authentication": {
                  "value": "@json(decodeBase64(triggerOutputs().headers['X-MS-APIM-Tokens']))['$ConnectionKey']",
                  "type": "Raw"
                }
              }
            },
            "Append_to_StringEmailOwner_-_Add_Signature": {
              "runAfter": {
                "Condition_Send_single_email_if_Account_Sign_In_and_Target_Owner_are_the_Same": [
                  "Succeeded"
                ]
              },
              "metadata": {
                "operationMetadataId": "5040a2d2-b1bd-43a0-b274-451d58cfc842"
              },
              "type": "AppendToStringVariable",
              "inputs": {
                "name": "StringEmailOwner",
                "value": "Many thanks,<br>\nThe Power Platform Team</p>"
              }
            },
            "Condition_Send_single_email_if_Account_Sign_In_and_Target_Owner_are_the_Same": {
              "actions": {
                "Condition_If_Conn_Ref_to_Map": {
                  "actions": {
                    "Append_to_StringEmailOwner_-_Add_Conn_Ref": {
                      "runAfter": {},
                      "metadata": {
                        "operationMetadataId": "e38a1c23-5ddb-45e1-95b8-799972763229"
                      },
                      "type": "AppendToStringVariable",
                      "inputs": {
                        "name": "StringEmailOwner",
                        "value": "The below connection references need to be mapped with a connection. You can do so by opening <a href=\"@{if(\r\n    outputs('List_rows_from_selected_environment_Solution')?['body/value'][0]?['ismanaged'],\r\n    concat('https://make.powerapps.com/environments/',triggerBody()['text_3'],'/solutions/',outputs('List_rows_from_selected_environment_Default_Solution')?['body/value'][0]?['solutionid'],'/objects/connectionreferences'),\r\n    concat('https://make.powerapps.com/environments/',triggerBody()['text_3'],'/solutions/',outputs('List_rows_from_selected_environment_Solution')?['body/value'][0]?['solutionid'],'/objects/connectionreferences')\r\n)}\">this link</a> and updating the connection references listed below:<br>\n<ul>\n@{join(variables('ArrayConnRef'),'')}\n</ul>"
                      }
                    }
                  },
                  "runAfter": {},
                  "expression": {
                    "greaterOrEquals": [
                      "@length(variables('ArrayConnRef'))",
                      1
                    ]
                  },
                  "metadata": {
                    "operationMetadataId": "f887f239-9df6-448b-85e7-306f0730c7e5"
                  },
                  "type": "If"
                }
              },
              "runAfter": {
                "Condition_If_Variables_to_Update": [
                  "Succeeded"
                ]
              },
              "else": {
                "actions": {
                  "Condition_If_Conn_Ref_to_Map_2": {
                    "actions": {
                      "Append_to_StringAccountSignIn_-_Add_Main_Content": {
                        "runAfter": {},
                        "metadata": {
                          "operationMetadataId": "84e87171-6ec9-4084-8835-aa54eb87ac09"
                        },
                        "type": "AppendToStringVariable",
                        "inputs": {
                          "name": "StringEmailAccountSignIn",
                          "value": "<p>Hello,<br>\n<br>\nThis is an automated message to let you know that the solution <a href=\"@{concat('https://make.powerapps.com/environments/', triggerBody()['text_3'], '/solutions/', outputs('List_rows_from_selected_environment_Solution')?['body/value'][0]?['solutionid'])}\">@{triggerBody()['text']}</a> was imported into the Environment \"@{outputs('Get_Environment_as_Admin')?['body/properties/displayName']}\". You are receiving this email because you were selected to set up the connections for this solution.<br>\n<br>"
                        }
                      },
                      "Append_to_StringAccountSignIn_-_Add_Conn_Ref": {
                        "runAfter": {
                          "Append_to_StringAccountSignIn_-_Add_Main_Content": [
                            "Succeeded"
                          ]
                        },
                        "metadata": {
                          "operationMetadataId": "c6835748-8b4d-4c90-8a06-9e94be30470a"
                        },
                        "type": "AppendToStringVariable",
                        "inputs": {
                          "name": "StringEmailAccountSignIn",
                          "value": "The below connection references need to be mapped with a connection. You can do so by opening <a href=\"@{if(outputs('List_rows_from_selected_environment_Solution')?['body/value'][0]?['ismanaged'], concat('https://make.powerapps.com/environments/', triggerBody()['text_3'], '/solutions/', outputs('List_rows_from_selected_environment_Default_Solution')?['body/value'][0]?['solutionid'], '/objects/connectionreferences'), concat('https://make.powerapps.com/environments/', triggerBody()['text_3'], '/solutions/', outputs('List_rows_from_selected_environment_Solution')?['body/value'][0]?['solutionid'], '/objects/connectionreferences'))}\">this link</a> and updating the connection references listed below:<br>\n<ul>\n@{join(variables('ArrayConnRef'),'')}\n</ul>\nMake sure to turn on all the flows using these connections afterwards as only you will be able to proceed if you are the one setting up the connections. <br>\n<br>"
                        }
                      },
                      "Send_an_email_(V2)_to_Account_Sign_In": {
                        "runAfter": {
                          "Append_to_StringAccountSignIn_-_Add_Signature": [
                            "Succeeded"
                          ]
                        },
                        "metadata": {
                          "operationMetadataId": "0874542b-d9a5-4ad4-9f7d-935dd90c69be"
                        },
                        "type": "OpenApiConnection",
                        "inputs": {
                          "host": {
                            "apiId": "/providers/Microsoft.PowerApps/apis/shared_office365",
                            "connectionName": "shared_office365_1",
                            "operationId": "SendEmailV2"
                          },
                          "parameters": {
                            "emailMessage/To": "@triggerBody()['text_2']",
                            "emailMessage/Subject": "@{triggerBody()['text']} Imported into @{outputs('Get_Environment_as_Admin')?['body/properties/displayName']}",
                            "emailMessage/Body": "@variables('StringEmailAccountSignIn')",
                            "emailMessage/From": "@parameters('SolDeployerEmailNotifyFrom (ptricks_SolDeployerEmailNotifyFrom)')",
                            "emailMessage/Cc": "@triggerBody()['text_1']",
                            "emailMessage/Importance": "Normal"
                          },
                          "authentication": {
                            "value": "@json(decodeBase64(triggerOutputs().headers['X-MS-APIM-Tokens']))['$ConnectionKey']",
                            "type": "Raw"
                          }
                        }
                      },
                      "Append_to_StringAccountSignIn_-_Add_Signature": {
                        "runAfter": {
                          "Append_to_StringAccountSignIn_-_Add_Conn_Ref": [
                            "Succeeded"
                          ]
                        },
                        "metadata": {
                          "operationMetadataId": "47c973cc-025a-4d78-afbc-ef77cd150ef7"
                        },
                        "type": "AppendToStringVariable",
                        "inputs": {
                          "name": "StringEmailAccountSignIn",
                          "value": "Many thanks,<br>\nThe Power Platform Team</p>"
                        }
                      }
                    },
                    "runAfter": {},
                    "expression": {
                      "greaterOrEquals": [
                        "@length(variables('ArrayConnRef'))",
                        1
                      ]
                    },
                    "metadata": {
                      "operationMetadataId": "5586af03-7b6e-418e-92a3-faa701ba37b4"
                    },
                    "type": "If"
                  }
                }
              },
              "expression": {
                "equals": [
                  "@triggerBody()['text_1']",
                  "@triggerBody()['text_2']"
                ]
              },
              "metadata": {
                "operationMetadataId": "b6adf680-2100-49d0-9d16-81b3f0046a6f"
              },
              "type": "If"
            }
          },
          "runAfter": {
            "Initialize_StringEmailAccountSignIn": [
              "Succeeded"
            ]
          },
          "metadata": {
            "operationMetadataId": "4bdc7ff9-8abf-4e86-a287-27fd551468b2"
          },
          "type": "Scope"
        },
        "Initialize_ArrayConnRef": {
          "runAfter": {},
          "metadata": {
            "operationMetadataId": "da0852be-653a-41cc-8339-fc524c8d4331"
          },
          "type": "InitializeVariable",
          "inputs": {
            "variables": [
              {
                "name": "ArrayConnRef",
                "type": "array",
                "value": "@json(triggerBody()['text_4'])"
              }
            ]
          }
        },
        "Initialize_ArrayEnvVariableDef": {
          "runAfter": {
            "Initialize_ArrayConnRef": [
              "Succeeded"
            ]
          },
          "metadata": {
            "operationMetadataId": "a88ff3a8-b158-4ba4-b073-2e8ebf55759f"
          },
          "type": "InitializeVariable",
          "inputs": {
            "variables": [
              {
                "name": "ArrayEnvVariableDef",
                "type": "array",
                "value": "@json(triggerBody()['text_5'])"
              }
            ]
          }
        },
        "Initialize_StringEmailOwner": {
          "runAfter": {
            "Initialize_ArrayEnvVariableDef": [
              "Succeeded"
            ]
          },
          "metadata": {
            "operationMetadataId": "eb96dc09-5b82-46f8-b119-2449eac4fc1d"
          },
          "type": "InitializeVariable",
          "inputs": {
            "variables": [
              {
                "name": "StringEmailOwner",
                "type": "string"
              }
            ]
          }
        },
        "Initialize_StringEmailAccountSignIn": {
          "runAfter": {
            "Initialize_StringEmailOwner": [
              "Succeeded"
            ]
          },
          "metadata": {
            "operationMetadataId": "4f91a3b6-ab7e-4571-9474-6c26e9a3ccac"
          },
          "type": "InitializeVariable",
          "inputs": {
            "variables": [
              {
                "name": "StringEmailAccountSignIn",
                "type": "string"
              }
            ]
          }
        },
        "Respond_to_a_PowerApp_or_flow_2": {
          "runAfter": {
            "Scope_Main": [
              "Skipped",
              "TimedOut",
              "Failed"
            ]
          },
          "metadata": {
            "operationMetadataId": "3316c477-a797-4ba4-a1f7-3aafeb7545d4"
          },
          "type": "Response",
          "kind": "PowerApp",
          "inputs": {
            "statusCode": 200,
            "body": {
              "result": "Notification Failed",
              "flowrun": "@{concat('https://make.powerautomate.com/manage/environments/', workflow()['tags']['environmentName'], '/flows/', workflow()['name'], '/runs/', workflow()['run']['name'])}"
            },
            "schema": {
              "type": "object",
              "properties": {
                "result": {
                  "title": "result",
                  "x-ms-dynamically-added": true,
                  "type": "string"
                },
                "flowrun": {
                  "title": "flowrun",
                  "x-ms-dynamically-added": true,
                  "type": "string"
                }
              }
            }
          }
        },
        "Terminate": {
          "runAfter": {
            "Respond_to_a_PowerApp_or_flow_2": [
              "Succeeded"
            ]
          },
          "metadata": {
            "operationMetadataId": "aa7e937b-3733-4e86-a647-8e2160fee8c8"
          },
          "type": "Terminate",
          "inputs": {
            "runStatus": "Failed"
          }
        }
      },
      "outputs": {}
    },
    "templateName": null
  },
  "schemaVersion": "1.0.0.0"
}