{
  "properties": {
    "connectionReferences": {
      "shared_commondataserviceforapps": {
        "runtimeSource": "embedded",
        "connection": {
          "connectionReferenceLogicalName": "ptricks_sharedcommondataserviceforapps_1b9ef"
        },
        "api": {
          "name": "shared_commondataserviceforapps"
        }
      }
    },
    "definition": {
      "$schema": "https://schema.management.azure.com/providers/Microsoft.Logic/schemas/2016-06-01/workflowdefinition.json#",
      "contentVersion": "1.0.0.0",
      "parameters": {
        "$connections": {
          "defaultValue": {},
          "type": "Object"
        },
        "$authentication": {
          "defaultValue": {},
          "type": "SecureObject"
        },
        "SolDeployerDVSourceEnvironment (ptricks_SolDeployerDVSourceEnvironment)": {
          "defaultValue": "https://orgfe0cf1f5.crm.dynamics.com/",
          "type": "String",
          "metadata": {
            "schemaName": "ptricks_SolDeployerDVSourceEnvironment",
            "description": "Source environment to deploy solutions from"
          }
        }
      },
      "triggers": {
        "When_a_row_is_added,_modified_or_deleted": {
          "metadata": {
            "operationMetadataId": "36ebb414-2771-4af6-831f-da0c59e8b66f"
          },
          "type": "OpenApiConnectionWebhook",
          "inputs": {
            "host": {
              "connectionName": "shared_commondataserviceforapps",
              "operationId": "SubscribeWebhookTrigger",
              "apiId": "/providers/Microsoft.PowerApps/apis/shared_commondataserviceforapps"
            },
            "parameters": {
              "subscriptionRequest/message": 1,
              "subscriptionRequest/entityname": "ptricks_deployment",
              "subscriptionRequest/scope": 4
            },
            "authentication": "@parameters('$authentication')"
          }
        }
      },
      "actions": {
        "Scope_Main": {
          "actions": {
            "Upload_a_file_or_an_image_-_Unmanaged_zip": {
              "runAfter": {
                "Perform_an_unbound_action_-_Export_Managed": [
                  "Succeeded"
                ]
              },
              "metadata": {
                "operationMetadataId": "6e309b25-83d6-4080-ac28-8a4bbe708d08"
              },
              "type": "OpenApiConnection",
              "inputs": {
                "host": {
                  "connectionName": "shared_commondataserviceforapps",
                  "operationId": "UpdateEntityFileImageFieldContent",
                  "apiId": "/providers/Microsoft.PowerApps/apis/shared_commondataserviceforapps"
                },
                "parameters": {
                  "entityName": "ptricks_deployments",
                  "recordId": "@triggerOutputs()?['body/ptricks_deploymentid']",
                  "fileImageFieldName": "ptricks_unmanagedpackage",
                  "item": "@base64ToBinary(outputs('Perform_an_unbound_action_-_Export_Unmanaged')?['body/ExportSolutionFile'])",
                  "x-ms-file-name": "@{triggerOutputs()?['body/ptricks_solutionname']}_v@{coalesce(triggerOutputs()?['body/ptricks_solutionversion'],Outputs('List_rows_from_selected_environment_Get_Solution')?['body/value'][0]?['version'])}_Unmanaged_@{utcNow('yyyy-MM-dd')}.zip"
                },
                "authentication": "@parameters('$authentication')"
              }
            },
            "Upload_a_file_or_an_image_-_Managed_zip": {
              "runAfter": {
                "Upload_a_file_or_an_image_-_Unmanaged_Solution_Text_File": [
                  "Succeeded"
                ]
              },
              "metadata": {
                "operationMetadataId": "f57caabe-7f4b-4337-b96e-5dd4c76595b1"
              },
              "type": "OpenApiConnection",
              "inputs": {
                "host": {
                  "connectionName": "shared_commondataserviceforapps",
                  "operationId": "UpdateEntityFileImageFieldContent",
                  "apiId": "/providers/Microsoft.PowerApps/apis/shared_commondataserviceforapps"
                },
                "parameters": {
                  "entityName": "ptricks_deployments",
                  "recordId": "@triggerOutputs()?['body/ptricks_deploymentid']",
                  "fileImageFieldName": "ptricks_managedpackage",
                  "item": "@base64ToBinary(outputs('Perform_an_unbound_action_-_Export_Managed')?['body/ExportSolutionFile'])",
                  "x-ms-file-name": "@{triggerOutputs()?['body/ptricks_solutionname']}_v@{coalesce(triggerOutputs()?['body/ptricks_solutionversion'],Outputs('List_rows_from_selected_environment_Get_Solution')?['body/value'][0]?['version'])}_Managed_@{utcNow('yyyy-MM-dd')}.zip"
                },
                "authentication": "@parameters('$authentication')"
              }
            },
            "Update_Deployment_to_Exported": {
              "runAfter": {
                "Upload_a_file_or_an_image_-_Managed_Solution_Text_File": [
                  "Succeeded"
                ]
              },
              "metadata": {
                "operationMetadataId": "ef13b025-552e-4a8b-83f9-784c773c2c14"
              },
              "type": "OpenApiConnection",
              "inputs": {
                "host": {
                  "connectionName": "shared_commondataserviceforapps",
                  "operationId": "UpdateRecord",
                  "apiId": "/providers/Microsoft.PowerApps/apis/shared_commondataserviceforapps"
                },
                "parameters": {
                  "entityName": "ptricks_deployments",
                  "recordId": "@triggerOutputs()?['body/ptricks_deploymentid']",
                  "item/statuscode": 493920001
                },
                "authentication": "@parameters('$authentication')"
              }
            },
            "Perform_an_unbound_action_-_Export_Managed": {
              "runAfter": {
                "Perform_an_unbound_action_-_Export_Unmanaged": [
                  "Succeeded"
                ]
              },
              "metadata": {
                "operationMetadataId": "3a2e1efa-046b-46b4-8bb7-542b1bf3963b"
              },
              "type": "OpenApiConnection",
              "inputs": {
                "host": {
                  "connectionName": "shared_commondataserviceforapps",
                  "operationId": "PerformUnboundActionWithOrganization",
                  "apiId": "/providers/Microsoft.PowerApps/apis/shared_commondataserviceforapps"
                },
                "parameters": {
                  "organization": "@parameters('SolDeployerDVSourceEnvironment (ptricks_SolDeployerDVSourceEnvironment)')",
                  "actionName": "ExportSolution",
                  "item/SolutionName": "@triggerOutputs()?['body/ptricks_solutionname']",
                  "item/Managed": true,
                  "item/ExportAutoNumberingSettings": true,
                  "item/ExportCalendarSettings": false,
                  "item/ExportCustomizationSettings": false,
                  "item/ExportEmailTrackingSettings": false,
                  "item/ExportGeneralSettings": false,
                  "item/ExportMarketingSettings": false,
                  "item/ExportOutlookSynchronizationSettings": false,
                  "item/ExportRelationshipRoles": false,
                  "item/ExportIsvConfig": false,
                  "item/ExportSales": false,
                  "item/ExportExternalApplications": false
                },
                "authentication": "@parameters('$authentication')"
              }
            },
            "Perform_an_unbound_action_-_Export_Unmanaged": {
              "runAfter": {
                "Update_Deployment_to_Exporting": [
                  "Succeeded"
                ]
              },
              "metadata": {
                "operationMetadataId": "4e4b2344-612a-4e25-a20d-772bae45521b"
              },
              "type": "OpenApiConnection",
              "inputs": {
                "host": {
                  "connectionName": "shared_commondataserviceforapps",
                  "operationId": "PerformUnboundActionWithOrganization",
                  "apiId": "/providers/Microsoft.PowerApps/apis/shared_commondataserviceforapps"
                },
                "parameters": {
                  "organization": "@parameters('SolDeployerDVSourceEnvironment (ptricks_SolDeployerDVSourceEnvironment)')",
                  "actionName": "ExportSolution",
                  "item/SolutionName": "@triggerOutputs()?['body/ptricks_solutionname']",
                  "item/Managed": false,
                  "item/ExportAutoNumberingSettings": true,
                  "item/ExportCalendarSettings": false,
                  "item/ExportCustomizationSettings": false,
                  "item/ExportEmailTrackingSettings": false,
                  "item/ExportGeneralSettings": false,
                  "item/ExportMarketingSettings": false,
                  "item/ExportOutlookSynchronizationSettings": false,
                  "item/ExportRelationshipRoles": false,
                  "item/ExportIsvConfig": false,
                  "item/ExportSales": false,
                  "item/ExportExternalApplications": false
                },
                "authentication": "@parameters('$authentication')"
              }
            },
            "Condition_If_no_version": {
              "actions": {
                "List_rows_from_selected_environment_Get_Solution": {
                  "runAfter": {},
                  "metadata": {
                    "operationMetadataId": "90252404-cebb-452b-862b-a4b2017efc2a"
                  },
                  "type": "OpenApiConnection",
                  "inputs": {
                    "host": {
                      "connectionName": "shared_commondataserviceforapps",
                      "operationId": "ListRecordsWithOrganization",
                      "apiId": "/providers/Microsoft.PowerApps/apis/shared_commondataserviceforapps"
                    },
                    "parameters": {
                      "organization": "@parameters('SolDeployerDVSourceEnvironment (ptricks_SolDeployerDVSourceEnvironment)')",
                      "entityName": "solutions",
                      "$filter": "uniquename eq '@{triggerOutputs()?['body/ptricks_solutionname']}'"
                    },
                    "authentication": "@parameters('$authentication')"
                  }
                }
              },
              "runAfter": {},
              "expression": {
                "equals": [
                  "@coalesce(triggerOutputs()?['body/ptricks_solutionversion'],'')",
                  ""
                ]
              },
              "metadata": {
                "operationMetadataId": "46ebf378-9770-420f-b1e6-7bc6cbb438f2"
              },
              "type": "If"
            },
            "Update_Deployment_to_Exporting": {
              "runAfter": {
                "Condition_If_no_version": [
                  "Succeeded"
                ]
              },
              "metadata": {
                "operationMetadataId": "ef13b025-552e-4a8b-83f9-784c773c2c14"
              },
              "type": "OpenApiConnection",
              "inputs": {
                "host": {
                  "connectionName": "shared_commondataserviceforapps",
                  "operationId": "UpdateRecord",
                  "apiId": "/providers/Microsoft.PowerApps/apis/shared_commondataserviceforapps"
                },
                "parameters": {
                  "entityName": "ptricks_deployments",
                  "recordId": "@triggerOutputs()?['body/ptricks_deploymentid']",
                  "item/ptricks_solutionversion": "@coalesce(triggerOutputs()?['body/ptricks_solutionversion'],Outputs('List_rows_from_selected_environment_Get_Solution')?['body/value'][0]?['version'])",
                  "item/statuscode": 493920015
                },
                "authentication": "@parameters('$authentication')"
              }
            },
            "Upload_a_file_or_an_image_-_Unmanaged_Solution_Text_File": {
              "runAfter": {
                "Upload_a_file_or_an_image_-_Unmanaged_zip": [
                  "Succeeded"
                ]
              },
              "metadata": {
                "operationMetadataId": "6e309b25-83d6-4080-ac28-8a4bbe708d08"
              },
              "type": "OpenApiConnection",
              "inputs": {
                "host": {
                  "connectionName": "shared_commondataserviceforapps",
                  "operationId": "UpdateEntityFileImageFieldContent",
                  "apiId": "/providers/Microsoft.PowerApps/apis/shared_commondataserviceforapps"
                },
                "parameters": {
                  "entityName": "ptricks_deployments",
                  "recordId": "@triggerOutputs()?['body/ptricks_deploymentid']",
                  "fileImageFieldName": "ptricks_unmanagedsolutiontextfile",
                  "item": "@base64ToBinary(outputs('Perform_an_unbound_action_-_Export_Unmanaged')?['body/ExportSolutionFile'])",
                  "x-ms-file-name": "@{triggerOutputs()?['body/ptricks_solutionname']}_v@{coalesce(triggerOutputs()?['body/ptricks_solutionversion'], Outputs('List_rows_from_selected_environment_Get_Solution')?['body/value'][0]?['version'])}_Unmanaged_@{utcNow('yyyy-MM-dd')}.txt"
                },
                "authentication": "@parameters('$authentication')"
              }
            },
            "Upload_a_file_or_an_image_-_Managed_Solution_Text_File": {
              "runAfter": {
                "Upload_a_file_or_an_image_-_Managed_zip": [
                  "Succeeded"
                ]
              },
              "metadata": {
                "operationMetadataId": "f57caabe-7f4b-4337-b96e-5dd4c76595b1"
              },
              "type": "OpenApiConnection",
              "inputs": {
                "host": {
                  "connectionName": "shared_commondataserviceforapps",
                  "operationId": "UpdateEntityFileImageFieldContent",
                  "apiId": "/providers/Microsoft.PowerApps/apis/shared_commondataserviceforapps"
                },
                "parameters": {
                  "entityName": "ptricks_deployments",
                  "recordId": "@triggerOutputs()?['body/ptricks_deploymentid']",
                  "fileImageFieldName": "ptricks_managedsolutiontextfile",
                  "item": "@base64ToBinary(outputs('Perform_an_unbound_action_-_Export_Managed')?['body/ExportSolutionFile'])",
                  "x-ms-file-name": "@{triggerOutputs()?['body/ptricks_solutionname']}_v@{coalesce(triggerOutputs()?['body/ptricks_solutionversion'], Outputs('List_rows_from_selected_environment_Get_Solution')?['body/value'][0]?['version'])}_Managed_@{utcNow('yyyy-MM-dd')}.txt"
                },
                "authentication": "@parameters('$authentication')"
              }
            }
          },
          "runAfter": {},
          "metadata": {
            "operationMetadataId": "e407d6ee-ee25-4b1d-bbaa-92047572aa95"
          },
          "type": "Scope"
        },
        "Scope_Exception": {
          "actions": {
            "Update_Deployment_status_to_failed": {
              "runAfter": {},
              "metadata": {
                "operationMetadataId": "ef13b025-552e-4a8b-83f9-784c773c2c14"
              },
              "type": "OpenApiConnection",
              "inputs": {
                "host": {
                  "connectionName": "shared_commondataserviceforapps",
                  "operationId": "UpdateRecord",
                  "apiId": "/providers/Microsoft.PowerApps/apis/shared_commondataserviceforapps"
                },
                "parameters": {
                  "entityName": "ptricks_deployments",
                  "recordId": "@triggerOutputs()?['body/ptricks_deploymentid']",
                  "item/ptricks_failedflowrunurl": "@concat('https://make.powerautomate.com/manage/environments/',workflow()['tags']['environmentName'],'/flows/',workflow()['name'],'/runs/',workflow()['run']['name'])",
                  "item/statuscode": 493920002
                },
                "authentication": "@parameters('$authentication')"
              }
            },
            "Terminate": {
              "runAfter": {
                "Update_Deployment_status_to_failed": [
                  "Succeeded"
                ]
              },
              "metadata": {
                "operationMetadataId": "db0635fa-f18f-4c05-9a1e-14c3597cef9c"
              },
              "type": "Terminate",
              "inputs": {
                "runStatus": "Failed"
              }
            }
          },
          "runAfter": {
            "Scope_Main": [
              "TimedOut",
              "Failed",
              "Skipped"
            ]
          },
          "metadata": {
            "operationMetadataId": "729fe7de-f1c4-4e88-8c0b-fb7b4835e711"
          },
          "type": "Scope"
        }
      },
      "outputs": {}
    },
    "templateName": ""
  },
  "schemaVersion": "1.0.0.0"
}