<environmentvariabledefinition schemaname="ptricks_PpacReportsListCopsEnvironments">
  <defaultvalue>{}</defaultvalue>
  <description default="Array of environments in scope to get the detailed copilot studio reports. Format: {&quot;envInScope&quot;: [{&quot;environmentId&quot;: &quot;Id1&quot;},{&quot;environmentId&quot;: &quot;Id2&quot;}]}">
    <label description="Array of environments in scope to get the detailed copilot studio reports. Format: {&quot;envInScope&quot;: [{&quot;environmentId&quot;: &quot;Id1&quot;},{&quot;environmentId&quot;: &quot;Id2&quot;}]}" languagecode="1033" />
  </description>
  <displayname default="PpacReportsListCopsEnvironments">
    <label description="PpacReportsListCopsEnvironments" languagecode="1033" />
  </displayname>
  <introducedversion>2025.05.03.1</introducedversion>
  <iscustomizable>1</iscustomizable>
  <isrequired>0</isrequired>
  <secretstore>0</secretstore>
  <type>100000003</type>
</environmentvariabledefinition>