{
  "properties": {
    "connectionReferences": {
      "shared_powerplatformforadmins_1": {
        "runtimeSource": "embedded",
        "connection": {
          "connectionReferenceLogicalName": "ptricks_sharedpowerplatformforadmins_5c7f5"
        },
        "api": {
          "name": "shared_powerplatformforadmins"
        }
      },
      "shared_commondataserviceforapps_1": {
        "impersonation": {},
        "runtimeSource": "embedded",
        "connection": {
          "connectionReferenceLogicalName": "ptricks_sharedcommondataserviceforapps_9b559"
        },
        "api": {
          "name": "shared_commondataserviceforapps"
        }
      },
      "shared_powerappsforadmins": {
        "runtimeSource": "embedded",
        "connection": {
          "connectionReferenceLogicalName": "ptricks_sharedpowerappsforadmins_40923"
        },
        "api": {
          "name": "shared_powerappsforadmins"
        }
      }
    },
    "definition": {
      "$schema": "https://schema.management.azure.com/providers/Microsoft.Logic/schemas/2016-06-01/workflowdefinition.json#",
      "contentVersion": "1.0.0.0",
      "parameters": {
        "$connections": {
          "defaultValue": {},
          "type": "Object"
        },
        "$authentication": {
          "defaultValue": {},
          "type": "SecureObject"
        }
      },
      "triggers": {
        "manual": {
          "metadata": {
            "operationMetadataId": "bfc3880a-85d6-4e91-99be-eb10903184c5"
          },
          "type": "Request",
          "kind": "Button",
          "inputs": {
            "schema": {
              "type": "object",
              "properties": {
                "text": {
                  "description": "Please enter your input",
                  "title": "environmentId",
                  "type": "string",
                  "x-ms-content-hint": "TEXT",
                  "x-ms-dynamically-added": true
                },
                "text_1": {
                  "description": "Please enter your input",
                  "title": "appId",
                  "type": "string",
                  "x-ms-content-hint": "TEXT",
                  "x-ms-dynamically-added": true
                },
                "boolean": {
                  "description": "Please select yes or no",
                  "title": "makeCurrentOwnerCoOwner",
                  "type": "boolean",
                  "x-ms-content-hint": "BOOLEAN",
                  "x-ms-dynamically-added": true
                },
                "email": {
                  "title": "newOwnerEmail",
                  "type": "string",
                  "format": "email",
                  "x-ms-dynamically-added": true,
                  "description": "Please enter an e-mail address",
                  "x-ms-content-hint": "EMAIL"
                }
              },
              "required": [
                "text",
                "text_1",
                "boolean",
                "email"
              ]
            }
          }
        }
      },
      "actions": {
        "Scope_Main": {
          "actions": {
            "Get_Environment_as_Admin": {
              "runAfter": {},
              "metadata": {
                "operationMetadataId": "9a7dd6a1-1e60-43a2-87c8-c9f3f5e0722d"
              },
              "type": "OpenApiConnection",
              "inputs": {
                "host": {
                  "apiId": "/providers/Microsoft.PowerApps/apis/shared_powerplatformforadmins",
                  "connectionName": "shared_powerplatformforadmins_1",
                  "operationId": "GetSingleEnvironment"
                },
                "parameters": {
                  "environment": "@triggerBody()?['text']",
                  "api-version": "2018-10-01"
                },
                "authentication": "@parameters('$authentication')"
              }
            },
            "Condition_Stop_if_New_Owner_not_Found": {
              "actions": {
                "Respond_to_a_PowerApp_or_flow_2": {
                  "runAfter": {},
                  "metadata": {
                    "operationMetadataId": "ceaf54e1-1404-4f25-9007-4bb896bf605a"
                  },
                  "type": "Response",
                  "kind": "PowerApp",
                  "inputs": {
                    "statusCode": 200,
                    "body": {
                      "result": "Failed",
                      "reason": "New owner not found, check that they are a user of the target environment",
                      "flowurl": "@{concat('https://make.powerautomate.com/manage/environments/',workflow()['tags']['environmentName'],'/flows/',workflow()['name'],'/runs/',workflow()['run']['name'])\r\n}"
                    },
                    "schema": {
                      "type": "object",
                      "properties": {
                        "result": {
                          "title": "Result",
                          "x-ms-dynamically-added": true,
                          "type": "string"
                        },
                        "reason": {
                          "title": "Reason",
                          "x-ms-dynamically-added": true,
                          "type": "string"
                        },
                        "flowurl": {
                          "title": "FlowUrl",
                          "x-ms-dynamically-added": true,
                          "type": "string"
                        }
                      }
                    }
                  }
                },
                "Terminate_3": {
                  "runAfter": {
                    "Respond_to_a_PowerApp_or_flow_2": [
                      "Succeeded"
                    ]
                  },
                  "metadata": {
                    "operationMetadataId": "945f670b-a25f-4795-9e09-6e100d05edb8"
                  },
                  "type": "Terminate",
                  "inputs": {
                    "runStatus": "Failed",
                    "runError": {
                      "message": "Flow not found, check that it is added in a solution"
                    }
                  }
                }
              },
              "runAfter": {
                "List_rows_from_selected_environment_-_Find_New_Owner": [
                  "Succeeded"
                ]
              },
              "expression": {
                "equals": [
                  "@length(outputs('List_rows_from_selected_environment_-_Find_New_Owner')?['body/value'])",
                  0
                ]
              },
              "metadata": {
                "operationMetadataId": "33a389de-3815-4dc0-b3c0-27d2d0c51eb4"
              },
              "type": "If"
            },
            "List_rows_from_selected_environment_-_Find_New_Owner": {
              "runAfter": {
                "Get_Environment_as_Admin": [
                  "Succeeded"
                ]
              },
              "metadata": {
                "operationMetadataId": "673bb130-cfc2-4736-bc10-7cc6d2e9feec"
              },
              "type": "OpenApiConnection",
              "inputs": {
                "host": {
                  "apiId": "/providers/Microsoft.PowerApps/apis/shared_commondataserviceforapps",
                  "connectionName": "shared_commondataserviceforapps_1",
                  "operationId": "ListRecordsWithOrganization"
                },
                "parameters": {
                  "organization": "@outputs('Get_Environment_as_Admin')?['body/properties/linkedEnvironmentMetadata/instanceUrl']",
                  "entityName": "systemusers",
                  "$filter": "internalemailaddress eq '@{triggerBody()['email']}'"
                },
                "authentication": "@parameters('$authentication')"
              }
            },
            "Respond_to_a_PowerApp_or_flow_3": {
              "runAfter": {
                "Set_App_Owner": [
                  "Succeeded"
                ]
              },
              "metadata": {
                "operationMetadataId": "959dfdc5-b7f5-40ae-abe9-00c62bc6b604"
              },
              "type": "Response",
              "kind": "PowerApp",
              "inputs": {
                "statusCode": 200,
                "body": {
                  "result": "Succeeded",
                  "reason": "Success",
                  "flowurl": "@{concat('https://make.powerautomate.com/manage/environments/',workflow()['tags']['environmentName'],'/flows/',workflow()['name'],'/runs/',workflow()['run']['name'])\r\n}"
                },
                "schema": {
                  "type": "object",
                  "properties": {
                    "result": {
                      "title": "Result",
                      "x-ms-dynamically-added": true,
                      "type": "string"
                    },
                    "reason": {
                      "title": "Reason",
                      "x-ms-dynamically-added": true,
                      "type": "string"
                    },
                    "flowurl": {
                      "title": "FlowUrl",
                      "x-ms-dynamically-added": true,
                      "type": "string"
                    }
                  }
                }
              }
            },
            "Set_App_Owner": {
              "runAfter": {
                "Condition_Stop_if_New_Owner_not_Found": [
                  "Succeeded"
                ]
              },
              "metadata": {
                "operationMetadataId": "93a2caf7-2cca-474c-bf18-01569cfa960a"
              },
              "type": "OpenApiConnection",
              "inputs": {
                "host": {
                  "apiId": "/providers/Microsoft.PowerApps/apis/shared_powerappsforadmins",
                  "connectionName": "shared_powerappsforadmins",
                  "operationId": "Set-AdminAppOwner"
                },
                "parameters": {
                  "environment": "@triggerBody()?['text']",
                  "app": "@triggerBody()?['text_1']",
                  "api-version": "2016-11-01",
                  "Content-Type": " application/json",
                  "body/roleForOldAppOwner": "@If(\r\ntriggerBody()?['boolean'],\r\n'CanEdit',\r\n'CanView'\r\n)",
                  "body/newAppOwner": "@outputs('List_rows_from_selected_environment_-_Find_New_Owner')?['body/value'][0]?['azureactivedirectoryobjectid']"
                },
                "authentication": {
                  "value": "@json(decodeBase64(triggerOutputs().headers['X-MS-APIM-Tokens']))['$ConnectionKey']",
                  "type": "Raw"
                }
              }
            }
          },
          "runAfter": {},
          "metadata": {
            "operationMetadataId": "2d9b6b49-561b-481e-8ca1-b007dc54aa77"
          },
          "type": "Scope"
        },
        "Scope_Exception": {
          "actions": {
            "Respond_to_a_PowerApp_or_flow_4": {
              "runAfter": {},
              "metadata": {
                "operationMetadataId": "6860067c-661d-45de-9250-12225a20f88c"
              },
              "type": "Response",
              "kind": "PowerApp",
              "inputs": {
                "statusCode": 200,
                "body": {
                  "result": "Failed",
                  "reason": "Failure",
                  "flowurl": "@{concat('https://make.powerautomate.com/manage/environments/',workflow()['tags']['environmentName'],'/flows/',workflow()['name'],'/runs/',workflow()['run']['name'])\r\n}"
                },
                "schema": {
                  "type": "object",
                  "properties": {
                    "result": {
                      "title": "Result",
                      "x-ms-dynamically-added": true,
                      "type": "string"
                    },
                    "reason": {
                      "title": "Reason",
                      "x-ms-dynamically-added": true,
                      "type": "string"
                    },
                    "flowurl": {
                      "title": "FlowUrl",
                      "x-ms-dynamically-added": true,
                      "type": "string"
                    }
                  }
                }
              }
            },
            "Terminate_4": {
              "runAfter": {
                "Respond_to_a_PowerApp_or_flow_4": [
                  "Succeeded"
                ]
              },
              "metadata": {
                "operationMetadataId": "e53f00a0-ded1-478d-9aec-e1f303ba177f"
              },
              "type": "Terminate",
              "inputs": {
                "runStatus": "Failed"
              }
            }
          },
          "runAfter": {
            "Scope_Main": [
              "Failed",
              "TimedOut"
            ]
          },
          "metadata": {
            "operationMetadataId": "6f0615ee-f49b-4b1e-a0d5-81fc93682cd8"
          },
          "type": "Scope"
        }
      },
      "outputs": {}
    },
    "templateName": null
  },
  "schemaVersion": "1.0.0.0"
}