{
  "properties": {
    "connectionReferences": {
      "shared_powerplatformforadmins_1": {
        "runtimeSource": "embedded",
        "connection": {
          "connectionReferenceLogicalName": "ptricks_sharedpowerplatformforadmins_5c7f5"
        },
        "api": {
          "name": "shared_powerplatformforadmins"
        }
      },
      "shared_commondataserviceforapps_1": {
        "impersonation": {},
        "runtimeSource": "embedded",
        "connection": {
          "connectionReferenceLogicalName": "ptricks_sharedcommondataserviceforapps_9b559"
        },
        "api": {
          "name": "shared_commondataserviceforapps"
        }
      }
    },
    "definition": {
      "$schema": "https://schema.management.azure.com/providers/Microsoft.Logic/schemas/2016-06-01/workflowdefinition.json#",
      "contentVersion": "1.0.0.0",
      "parameters": {
        "$authentication": {
          "defaultValue": {},
          "type": "SecureObject"
        },
        "$connections": {
          "defaultValue": {},
          "type": "Object"
        }
      },
      "triggers": {
        "manual": {
          "metadata": {
            "operationMetadataId": "bfc3880a-85d6-4e91-99be-eb10903184c5"
          },
          "type": "Request",
          "kind": "Button",
          "inputs": {
            "schema": {
              "type": "object",
              "properties": {
                "text": {
                  "description": "Please enter your input",
                  "title": "environmentId",
                  "type": "string",
                  "x-ms-content-hint": "TEXT",
                  "x-ms-dynamically-added": true
                },
                "text_1": {
                  "description": "Please enter your input",
                  "title": "flowId",
                  "type": "string",
                  "x-ms-content-hint": "TEXT",
                  "x-ms-dynamically-added": true
                },
                "boolean": {
                  "title": "makeCurrentOwnerCoOwner",
                  "type": "boolean",
                  "x-ms-dynamically-added": true,
                  "description": "Please select yes or no",
                  "x-ms-content-hint": "BOOLEAN"
                },
                "email": {
                  "title": "newOwnerEmail",
                  "type": "string",
                  "format": "email",
                  "x-ms-dynamically-added": true,
                  "description": "Please enter an e-mail address",
                  "x-ms-content-hint": "EMAIL"
                }
              },
              "required": [
                "text",
                "text_1",
                "boolean",
                "email"
              ]
            }
          }
        }
      },
      "actions": {
        "Scope_Main": {
          "actions": {
            "Get_Environment_as_Admin": {
              "metadata": {
                "operationMetadataId": "9a7dd6a1-1e60-43a2-87c8-c9f3f5e0722d"
              },
              "type": "OpenApiConnection",
              "inputs": {
                "parameters": {
                  "environment": "@triggerBody()?['text']",
                  "api-version": "2018-10-01"
                },
                "host": {
                  "apiId": "/providers/Microsoft.PowerApps/apis/shared_powerplatformforadmins",
                  "connectionName": "shared_powerplatformforadmins_1",
                  "operationId": "GetSingleEnvironment"
                },
                "authentication": "@parameters('$authentication')"
              }
            },
            "List_rows_from_selected_environment_-_Find_Flow": {
              "runAfter": {
                "Get_Environment_as_Admin": [
                  "Succeeded"
                ]
              },
              "metadata": {
                "operationMetadataId": "100c6bc6-c22e-46ad-890b-4d05e2a4e835"
              },
              "type": "OpenApiConnection",
              "inputs": {
                "parameters": {
                  "organization": "@outputs('Get_Environment_as_Admin')?['body/properties/linkedEnvironmentMetadata/instanceUrl']",
                  "entityName": "workflows",
                  "$filter": "workflowidunique eq '@{triggerBody()['text_1']}' or resourceid eq '@{triggerBody()['text_1']}'"
                },
                "host": {
                  "apiId": "/providers/Microsoft.PowerApps/apis/shared_commondataserviceforapps",
                  "connectionName": "shared_commondataserviceforapps_1",
                  "operationId": "ListRecordsWithOrganization"
                },
                "authentication": "@parameters('$authentication')"
              }
            },
            "Update_a_row_in_selected_environment_-_Update_Main_Owner": {
              "runAfter": {
                "Perform_an_unbound_action_in_selected_environment_-_Remove_CoOwnership": [
                  "Succeeded"
                ]
              },
              "metadata": {
                "operationMetadataId": "e49317d7-aa9b-4b58-9460-b3c980a5b255"
              },
              "type": "OpenApiConnection",
              "inputs": {
                "parameters": {
                  "organization": "@outputs('Get_Environment_as_Admin')?['body/properties/linkedEnvironmentMetadata/instanceUrl']",
                  "entityName": "workflows",
                  "recordId": "@outputs('List_rows_from_selected_environment_-_Find_Flow')?['body/value'][0]?['workflowid']",
                  "item": {
                    "ownerid@{string('@')}odata.bind": "@{outputs('List_rows_from_selected_environment_-_Find_New_Owner')?['body/value'][0]['@odata.id']}"
                  }
                },
                "host": {
                  "apiId": "/providers/Microsoft.PowerApps/apis/shared_commondataserviceforapps",
                  "connectionName": "shared_commondataserviceforapps_1",
                  "operationId": "UpdateRecordWithOrganization"
                },
                "authentication": "@parameters('$authentication')"
              }
            },
            "Condition_Stop_if_New_Owner_not_Found": {
              "actions": {
                "Respond_to_a_PowerApp_or_flow_2": {
                  "metadata": {
                    "operationMetadataId": "ceaf54e1-1404-4f25-9007-4bb896bf605a"
                  },
                  "type": "Response",
                  "kind": "PowerApp",
                  "inputs": {
                    "schema": {
                      "type": "object",
                      "properties": {
                        "result": {
                          "title": "Result",
                          "x-ms-dynamically-added": true,
                          "type": "string"
                        },
                        "reason": {
                          "title": "Reason",
                          "x-ms-dynamically-added": true,
                          "type": "string"
                        },
                        "flowurl": {
                          "title": "FlowUrl",
                          "x-ms-dynamically-added": true,
                          "type": "string"
                        }
                      },
                      "additionalProperties": {}
                    },
                    "statusCode": 200,
                    "body": {
                      "result": "Failed",
                      "reason": "New owner not found, check that they are a user of the target environment",
                      "flowurl": "@{concat('https://make.powerautomate.com/manage/environments/',workflow()['tags']['environmentName'],'/flows/',workflow()['name'],'/runs/',workflow()['run']['name'])\r\n}"
                    }
                  }
                },
                "Terminate_3": {
                  "runAfter": {
                    "Respond_to_a_PowerApp_or_flow_2": [
                      "Succeeded"
                    ]
                  },
                  "metadata": {
                    "operationMetadataId": "945f670b-a25f-4795-9e09-6e100d05edb8"
                  },
                  "type": "Terminate",
                  "inputs": {
                    "runStatus": "Failed",
                    "runError": {
                      "message": "Flow not found, check that it is added in a solution"
                    }
                  }
                }
              },
              "runAfter": {
                "List_rows_from_selected_environment_-_Find_New_Owner": [
                  "Succeeded"
                ]
              },
              "else": {
                "actions": {}
              },
              "expression": {
                "equals": [
                  "@length(outputs('List_rows_from_selected_environment_-_Find_New_Owner')?['body/value'])",
                  0
                ]
              },
              "metadata": {
                "operationMetadataId": "33a389de-3815-4dc0-b3c0-27d2d0c51eb4"
              },
              "type": "If"
            },
            "List_rows_from_selected_environment_-_Find_New_Owner": {
              "runAfter": {
                "Condition_Stop_if_Flow_not_Found": [
                  "Succeeded"
                ]
              },
              "metadata": {
                "operationMetadataId": "673bb130-cfc2-4736-bc10-7cc6d2e9feec"
              },
              "type": "OpenApiConnection",
              "inputs": {
                "parameters": {
                  "organization": "@outputs('Get_Environment_as_Admin')?['body/properties/linkedEnvironmentMetadata/instanceUrl']",
                  "entityName": "systemusers",
                  "$filter": "internalemailaddress eq '@{triggerBody()['email']}'"
                },
                "host": {
                  "apiId": "/providers/Microsoft.PowerApps/apis/shared_commondataserviceforapps",
                  "connectionName": "shared_commondataserviceforapps_1",
                  "operationId": "ListRecordsWithOrganization"
                },
                "authentication": "@parameters('$authentication')"
              }
            },
            "Condition_Stop_if_Flow_not_Found": {
              "actions": {
                "Respond_to_a_PowerApp_or_flow": {
                  "metadata": {
                    "operationMetadataId": "c553fcea-f54e-49e5-a74d-352ed8471d63"
                  },
                  "type": "Response",
                  "kind": "PowerApp",
                  "inputs": {
                    "schema": {
                      "type": "object",
                      "properties": {
                        "result": {
                          "title": "Result",
                          "x-ms-dynamically-added": true,
                          "type": "string"
                        },
                        "reason": {
                          "title": "Reason",
                          "x-ms-dynamically-added": true,
                          "type": "string"
                        },
                        "flowurl": {
                          "title": "FlowUrl",
                          "x-ms-dynamically-added": true,
                          "type": "string"
                        }
                      },
                      "additionalProperties": {}
                    },
                    "statusCode": 200,
                    "body": {
                      "result": "Failed",
                      "reason": "Flow not found, check that it is added in a solution",
                      "flowurl": "@{concat('https://make.powerautomate.com/manage/environments/',workflow()['tags']['environmentName'],'/flows/',workflow()['name'],'/runs/',workflow()['run']['name'])\r\n}"
                    }
                  }
                },
                "Terminate_2": {
                  "runAfter": {
                    "Respond_to_a_PowerApp_or_flow": [
                      "Succeeded"
                    ]
                  },
                  "metadata": {
                    "operationMetadataId": "175ca251-7f18-40b4-9795-8f238f924dd9"
                  },
                  "type": "Terminate",
                  "inputs": {
                    "runStatus": "Failed",
                    "runError": {
                      "message": "Flow not found, check that it is added in a solution"
                    }
                  }
                }
              },
              "runAfter": {
                "List_rows_from_selected_environment_-_Find_Flow": [
                  "Succeeded"
                ]
              },
              "else": {
                "actions": {}
              },
              "expression": {
                "equals": [
                  "@length(outputs('List_rows_from_selected_environment_-_Find_Flow')?['body/value'])",
                  0
                ]
              },
              "metadata": {
                "operationMetadataId": "bc13fa6b-8386-4b51-93ff-968ec596c102"
              },
              "type": "If"
            },
            "Respond_to_a_PowerApp_or_flow_3": {
              "runAfter": {
                "Update_a_row_in_selected_environment_-_Update_Main_Owner": [
                  "Succeeded"
                ]
              },
              "metadata": {
                "operationMetadataId": "959dfdc5-b7f5-40ae-abe9-00c62bc6b604"
              },
              "type": "Response",
              "kind": "PowerApp",
              "inputs": {
                "schema": {
                  "type": "object",
                  "properties": {
                    "result": {
                      "title": "Result",
                      "x-ms-dynamically-added": true,
                      "type": "string"
                    },
                    "reason": {
                      "title": "Reason",
                      "x-ms-dynamically-added": true,
                      "type": "string"
                    },
                    "flowurl": {
                      "title": "FlowUrl",
                      "x-ms-dynamically-added": true,
                      "type": "string"
                    }
                  },
                  "additionalProperties": {}
                },
                "statusCode": 200,
                "body": {
                  "result": "Succeeded",
                  "reason": "Success",
                  "flowurl": "@{concat('https://make.powerautomate.com/manage/environments/',workflow()['tags']['environmentName'],'/flows/',workflow()['name'],'/runs/',workflow()['run']['name'])\r\n}"
                }
              }
            },
            "Condition_Make_Current_Owner_as_CoOwner_if_required_": {
              "actions": {
                "Perform_an_unbound_action_in_selected_environment_-_Makre_Current_Owner_CoOnwe": {
                  "metadata": {
                    "operationMetadataId": "d21343ba-dd4c-47b5-bbce-7abf40ea0bcf"
                  },
                  "type": "OpenApiConnection",
                  "inputs": {
                    "parameters": {
                      "organization": "@outputs('Get_Environment_as_Admin')?['body/properties/linkedEnvironmentMetadata/instanceUrl']",
                      "actionName": "GrantAccess",
                      "item": {
                        "Target": "workflows(@{outputs('List_rows_from_selected_environment_-_Find_Flow')?['body/value'][0]?['workflowid']})",
                        "PrincipalAccess": {
                          "Principal": {
                            "systemuserid": "@{outputs('List_rows_from_selected_environment_-_Find_Flow')?['body/value'][0]?['_ownerid_value']}",
                            "@{string('@')}odata.type": "Microsoft.Dynamics.CRM.systemuser"
                          },
                          "AccessMask": "ReadAccess, WriteAccess, AppendAccess, AppendToAccess, CreateAccess, DeleteAccess, ShareAccess, AssignAccess"
                        }
                      }
                    },
                    "host": {
                      "apiId": "/providers/Microsoft.PowerApps/apis/shared_commondataserviceforapps",
                      "connectionName": "shared_commondataserviceforapps_1",
                      "operationId": "PerformUnboundActionWithOrganization"
                    },
                    "authentication": "@parameters('$authentication')"
                  }
                }
              },
              "runAfter": {
                "Condition_Stop_if_New_Owner_not_Found": [
                  "Succeeded"
                ]
              },
              "else": {
                "actions": {}
              },
              "expression": {
                "equals": [
                  "@triggerBody()['boolean']",
                  "@true"
                ]
              },
              "metadata": {
                "operationMetadataId": "f20e4bf5-f48e-4a69-b6bc-311eb1638486"
              },
              "type": "If"
            },
            "Perform_an_unbound_action_in_selected_environment_-_Remove_CoOwnership": {
              "runAfter": {
                "Condition_Make_Current_Owner_as_CoOwner_if_required_": [
                  "Succeeded"
                ]
              },
              "metadata": {
                "operationMetadataId": "d21343ba-dd4c-47b5-bbce-7abf40ea0bcf"
              },
              "type": "OpenApiConnection",
              "inputs": {
                "parameters": {
                  "organization": "@outputs('Get_Environment_as_Admin')?['body/properties/linkedEnvironmentMetadata/instanceUrl']",
                  "actionName": "RevokeAccess",
                  "item": {
                    "Target": "workflows(@{outputs('List_rows_from_selected_environment_-_Find_Flow')?['body/value'][0]?['workflowid']})",
                    "Revokee": "systemusers(@{outputs('List_rows_from_selected_environment_-_Find_New_Owner')?['body/value'][0]['systemuserid']})"
                  }
                },
                "host": {
                  "apiId": "/providers/Microsoft.PowerApps/apis/shared_commondataserviceforapps",
                  "connectionName": "shared_commondataserviceforapps_1",
                  "operationId": "PerformUnboundActionWithOrganization"
                },
                "authentication": "@parameters('$authentication')"
              }
            }
          },
          "runAfter": {},
          "metadata": {
            "operationMetadataId": "2d9b6b49-561b-481e-8ca1-b007dc54aa77"
          },
          "type": "Scope"
        },
        "Scope_Exception": {
          "actions": {
            "Respond_to_a_PowerApp_or_flow_4": {
              "metadata": {
                "operationMetadataId": "6860067c-661d-45de-9250-12225a20f88c"
              },
              "type": "Response",
              "kind": "PowerApp",
              "inputs": {
                "schema": {
                  "type": "object",
                  "properties": {
                    "result": {
                      "title": "Result",
                      "x-ms-dynamically-added": true,
                      "type": "string"
                    },
                    "reason": {
                      "title": "Reason",
                      "x-ms-dynamically-added": true,
                      "type": "string"
                    },
                    "flowurl": {
                      "title": "FlowUrl",
                      "x-ms-dynamically-added": true,
                      "type": "string"
                    }
                  },
                  "additionalProperties": {}
                },
                "statusCode": 200,
                "body": {
                  "result": "Failed",
                  "reason": "Failure",
                  "flowurl": "@{concat('https://make.powerautomate.com/manage/environments/',workflow()['tags']['environmentName'],'/flows/',workflow()['name'],'/runs/',workflow()['run']['name'])\r\n}"
                }
              }
            },
            "Terminate_4": {
              "runAfter": {
                "Respond_to_a_PowerApp_or_flow_4": [
                  "Succeeded"
                ]
              },
              "metadata": {
                "operationMetadataId": "e53f00a0-ded1-478d-9aec-e1f303ba177f"
              },
              "type": "Terminate",
              "inputs": {
                "runStatus": "Failed"
              }
            }
          },
          "runAfter": {
            "Scope_Main": [
              "Failed",
              "TimedOut"
            ]
          },
          "metadata": {
            "operationMetadataId": "6f0615ee-f49b-4b1e-a0d5-81fc93682cd8"
          },
          "type": "Scope"
        }
      },
      "outputs": {}
    },
    "templateName": null
  },
  "schemaVersion": "1.0.0.0"
}