{
  "properties": {
    "connectionReferences": {},
    "definition": {
      "$schema": "https://schema.management.azure.com/providers/Microsoft.Logic/schemas/2016-06-01/workflowdefinition.json#",
      "contentVersion": "1.0.0.0",
      "parameters": {
        "$authentication": {
          "defaultValue": {},
          "type": "SecureObject"
        }
      },
      "triggers": {
        "manual": {
          "metadata": {
            "operationMetadataId": "ea7f0aa2-78d2-4ba5-9fd3-a4da1023a9b9"
          },
          "type": "Request",
          "kind": "Button",
          "inputs": {
            "schema": {
              "type": "object",
              "properties": {
                "text": {
                  "title": "objectId",
                  "type": "string",
                  "x-ms-dynamically-added": true,
                  "description": "Please enter your input",
                  "x-ms-content-hint": "TEXT"
                },
                "text_1": {
                  "title": "environmentId",
                  "type": "string",
                  "x-ms-dynamically-added": true,
                  "description": "Please enter your input",
                  "x-ms-content-hint": "TEXT"
                },
                "text_2": {
                  "title": "objectType",
                  "type": "string",
                  "x-ms-dynamically-added": true,
                  "description": "Please enter your input",
                  "x-ms-content-hint": "TEXT",
                  "enum": [
                    "Canvas App",
                    "Cloud Flow"
                  ]
                },
                "boolean": {
                  "title": "makeCurrentOwnerCoOwner",
                  "type": "boolean",
                  "x-ms-dynamically-added": true,
                  "description": "Please select yes or no",
                  "x-ms-content-hint": "BOOLEAN"
                },
                "email": {
                  "title": "newOwnerEmail",
                  "type": "string",
                  "format": "email",
                  "x-ms-dynamically-added": true,
                  "description": "Please enter an e-mail address",
                  "x-ms-content-hint": "EMAIL"
                }
              },
              "required": [
                "text",
                "text_1",
                "text_2",
                "boolean",
                "email"
              ]
            }
          }
        }
      },
      "actions": {
        "Switch_Object_Type": {
          "runAfter": {},
          "cases": {
            "Case_Canvas_App": {
              "case": "Canvas App",
              "actions": {
                "Run_a_Child_Flow_-_Change_App_Owner": {
                  "runAfter": {},
                  "metadata": {
                    "operationMetadataId": "876e2e30-4648-4b29-991c-3c9f5eb8fff5"
                  },
                  "type": "Workflow",
                  "inputs": {
                    "host": {
                      "workflowReferenceName": "c3a7de36-60f0-ee11-904c-000d3a4eedfe"
                    },
                    "body": {
                      "text": "@triggerBody()['text_1']",
                      "text_1": "@triggerBody()['text']",
                      "boolean": "@triggerBody()['boolean']",
                      "email": "@triggerBody()['email']"
                    }
                  }
                }
              }
            },
            "Case_Cloud_Flow": {
              "case": "Cloud Flow",
              "actions": {
                "Run_a_Child_Flow_-_Change_Flow_Owner": {
                  "runAfter": {},
                  "metadata": {
                    "operationMetadataId": "0667ad60-8b9a-4213-83ea-8bc9ade1f9ab"
                  },
                  "type": "Workflow",
                  "inputs": {
                    "host": {
                      "workflowReferenceName": "034aed54-35f0-ee11-904c-000d3a4eedfe"
                    },
                    "body": {
                      "text": "@triggerBody()['text_1']",
                      "text_1": "@triggerBody()['text']",
                      "boolean": "@triggerBody()['boolean']",
                      "email": "@triggerBody()['email']"
                    }
                  }
                }
              }
            }
          },
          "default": {
            "actions": {}
          },
          "expression": "@triggerBody()['text_2']",
          "metadata": {
            "operationMetadataId": "889b5f84-e6ea-4a29-ad09-498301b3679e"
          },
          "type": "Switch"
        },
        "Respond_to_a_PowerApp_or_flow": {
          "runAfter": {
            "Switch_Object_Type": [
              "Succeeded",
              "Failed",
              "Skipped",
              "TimedOut"
            ]
          },
          "metadata": {
            "operationMetadataId": "fa51574f-3720-4883-972b-4c99930526b5"
          },
          "type": "Response",
          "kind": "PowerApp",
          "inputs": {
            "statusCode": 200,
            "body": {
              "result": "@{coalesce(outputs('Run_a_Child_Flow_-_Change_App_Owner')?['Body']?['result'],outputs('Run_a_Child_Flow_-_Change_Flow_Owner')?['Body']?['result'])}",
              "reason": "@{coalesce(outputs('Run_a_Child_Flow_-_Change_App_Owner')?['Body']?['reason'],outputs('Run_a_Child_Flow_-_Change_Flow_Owner')?['Body']?['reason'])}",
              "flowurl": "@{coalesce(outputs('Run_a_Child_Flow_-_Change_App_Owner')?['Body']?['flowurl'],outputs('Run_a_Child_Flow_-_Change_Flow_Owner')?['Body']?['flowurl'])}"
            },
            "schema": {
              "type": "object",
              "properties": {
                "result": {
                  "title": "Result",
                  "x-ms-dynamically-added": true,
                  "type": "string"
                },
                "reason": {
                  "title": "Reason",
                  "x-ms-dynamically-added": true,
                  "type": "string"
                },
                "flowurl": {
                  "title": "FlowUrl",
                  "x-ms-dynamically-added": true,
                  "type": "string"
                }
              }
            }
          }
        }
      },
      "outputs": {}
    },
    "templateName": ""
  },
  "schemaVersion": "1.0.0.0"
}