<ImportExportXml xmlns:xsi="http://www.w3.org/2001/XMLSchema-instance">
  <Entities></Entities>
  <Roles></Roles>
  <Workflows>
    <Workflow WorkflowId="{8fe7d6d1-bc5c-ee11-be6e-000d3adbb47b}" Name="Get Environments Included in DLP">
      <JsonFileName>/Workflows/GetEnvironmentsIncludedinDLP-8FE7D6D1-BC5C-EE11-BE6E-000D3ADBB47B.json</JsonFileName>
      <Type>1</Type>
      <Subprocess>0</Subprocess>
      <Category>5</Category>
      <Mode>0</Mode>
      <Scope>4</Scope>
      <OnDemand>0</OnDemand>
      <TriggerOnCreate>0</TriggerOnCreate>
      <TriggerOnDelete>0</TriggerOnDelete>
      <AsyncAutodelete>0</AsyncAutodelete>
      <SyncWorkflowLogOnFailure>0</SyncWorkflowLogOnFailure>
      <StateCode>1</StateCode>
      <StatusCode>2</StatusCode>
      <RunAs>1</RunAs>
      <IsTransacted>1</IsTransacted>
      <IntroducedVersion>1.0.0.1</IntroducedVersion>
      <IsCustomizable>1</IsCustomizable>
      <BusinessProcessType>0</BusinessProcessType>
      <IsCustomProcessingStepAllowedForOtherPublishers>1</IsCustomProcessingStepAllowedForOtherPublishers>
      <PrimaryEntity>none</PrimaryEntity>
      <LocalizedNames>
        <LocalizedName languagecode="1033" description="Get Environments Included in DLP" />
      </LocalizedNames>
    </Workflow>
    <Workflow WorkflowId="{833db520-c35c-ee11-be6e-000d3adbb47b}" Name="Get DLPs applied to Environment">
      <JsonFileName>/Workflows/GetDLPsappliedtoEnvironment-833DB520-C35C-EE11-BE6E-000D3ADBB47B.json</JsonFileName>
      <Type>1</Type>
      <Subprocess>0</Subprocess>
      <Category>5</Category>
      <Mode>0</Mode>
      <Scope>4</Scope>
      <OnDemand>0</OnDemand>
      <TriggerOnCreate>0</TriggerOnCreate>
      <TriggerOnDelete>0</TriggerOnDelete>
      <AsyncAutodelete>0</AsyncAutodelete>
      <SyncWorkflowLogOnFailure>0</SyncWorkflowLogOnFailure>
      <StateCode>1</StateCode>
      <StatusCode>2</StatusCode>
      <RunAs>1</RunAs>
      <IsTransacted>1</IsTransacted>
      <IntroducedVersion>1.0.0.1</IntroducedVersion>
      <IsCustomizable>1</IsCustomizable>
      <BusinessProcessType>0</BusinessProcessType>
      <IsCustomProcessingStepAllowedForOtherPublishers>1</IsCustomProcessingStepAllowedForOtherPublishers>
      <PrimaryEntity>none</PrimaryEntity>
      <LocalizedNames>
        <LocalizedName languagecode="1033" description="Get DLPs applied to Environment" />
      </LocalizedNames>
    </Workflow>
    <Workflow WorkflowId="{f9f24491-d15c-ee11-be6e-000d3adc1048}" Name="Get All Tenant Dlps">
      <JsonFileName>/Workflows/GetAllTenantDlps-F9F24491-D15C-EE11-BE6E-000D3ADC1048.json</JsonFileName>
      <Type>1</Type>
      <Subprocess>0</Subprocess>
      <Category>5</Category>
      <Mode>0</Mode>
      <Scope>4</Scope>
      <OnDemand>0</OnDemand>
      <TriggerOnCreate>0</TriggerOnCreate>
      <TriggerOnDelete>0</TriggerOnDelete>
      <AsyncAutodelete>0</AsyncAutodelete>
      <SyncWorkflowLogOnFailure>0</SyncWorkflowLogOnFailure>
      <StateCode>1</StateCode>
      <StatusCode>2</StatusCode>
      <RunAs>1</RunAs>
      <IsTransacted>1</IsTransacted>
      <IntroducedVersion>1.0.0.1</IntroducedVersion>
      <IsCustomizable>1</IsCustomizable>
      <BusinessProcessType>0</BusinessProcessType>
      <IsCustomProcessingStepAllowedForOtherPublishers>1</IsCustomProcessingStepAllowedForOtherPublishers>
      <PrimaryEntity>none</PrimaryEntity>
      <LocalizedNames>
        <LocalizedName languagecode="1033" description="Get All Tenant Dlps" />
      </LocalizedNames>
    </Workflow>
  </Workflows>
  <FieldSecurityProfiles></FieldSecurityProfiles>
  <Templates />
  <EntityMaps />
  <EntityRelationships />
  <OrganizationSettings />
  <optionsets />
  <CustomControls />
  <EntityDataProviders />
  <CanvasApps>
    <CanvasApp>
      <Name>ptricks_dlppolicytoolbox_73ec5</Name>
      <AppVersion>2023-10-20T16:51:59Z</AppVersion>
      <Status>Ready</Status>
      <CreatedByClientVersion>3.23102.16.0</CreatedByClientVersion>
      <MinClientVersion>3.23102.16.0</MinClientVersion>
      <Tags>{"primaryDeviceWidth":"1366","primaryDeviceHeight":"768","supportsPortrait":"false","supportsLandscape":"true","primaryFormFactor":"Tablet","showStatusBar":"false","publisherVersion":"3.23102.16","minimumRequiredApiVersion":"2.2.0","hasComponent":"false","hasUnlockedComponent":"false","isUnifiedRootApp":"false","sienaVersion":"20230930T173514Z-3.23093.15.0"}</Tags>
      <IsCdsUpgraded>0</IsCdsUpgraded>
      <GalleryItemId xsi:nil="true"></GalleryItemId>
      <BackgroundColor>rgba(52, 92, 125, 1)</BackgroundColor>
      <DisplayName>DLP Policy Toolbox</DisplayName>
      <Description>DLP Duplicator allows to duplicate a DLP Policy in a few clicks
DLP Finder allows to find which DLPs applied to a specific environment</Description>
      <CommitMessage xsi:nil="true"></CommitMessage>
      <Publisher xsi:nil="true"></Publisher>
      <AuthorizationReferences>[]</AuthorizationReferences>
      <ConnectionReferences>{"ec598665-b787-4708-b1a4-4fbdceffe645":{"id":"/providers/microsoft.powerapps/apis/shared_powerplatformforadmins","displayName":"Power Platform for Admins","iconUri":"https://connectoricons-prod.azureedge.net/u/shgogna/globalperconnector-train1/1.0.1639.3312/powerplatformforadmins/icon.png","dataSources":["PowerPlatformforAdmins"],"dependencies":[],"dependents":[],"parameterHints":{},"parameterHintsV2":{},"isOnPremiseConnection":false,"bypassConsent":false,"dataSets":{},"apiTier":"Standard","actions":["GetPolicyV2","Get-AdminEnvironment","DeletePolicyV2","CreatePolicyV2","Get-AdminDlpPolicies"]},"e872106b-5ceb-47ad-8478-cf60ba8b5ccb":{"id":"/providers/microsoft.powerapps/apis/shared_logicflows","displayName":"Logic flows","iconUri":"https://connectoricons-prod.azureedge.net/releases/v1.0.1664/1.0.1664.3477/logicflows/icon.png","dataSources":["GetDLPsappliedtoEnvironment"],"dependencies":["5a805702-98b0-4114-9601-eca131f645c6"],"dependents":[],"parameterHints":{"workflowName":{"value":"ac8b5abf-17bb-48eb-9ff1-3d63bd1f7b61"},"workflowEntityId":{"value":"833db520-c35c-ee11-be6e-000d3adbb47b"},"5a805702-98b0-4114-9601-eca131f645c6":{"value":"shared_powerplatformforadmins"}},"parameterHintsV2":{"workflowName":{"value":"ac8b5abf-17bb-48eb-9ff1-3d63bd1f7b61"},"workflowEntityId":{"value":"833db520-c35c-ee11-be6e-000d3adbb47b"},"shared_powerplatformforadmins":{"value":"5a805702-98b0-4114-9601-eca131f645c6"}},"isOnPremiseConnection":false,"bypassConsent":false,"dataSets":{},"apiTier":"Standard","actions":["Run"]},"5a805702-98b0-4114-9601-eca131f645c6":{"id":"/providers/microsoft.powerapps/apis/shared_powerplatformforadmins","displayName":"Power Platform for Admins","iconUri":"https://connectoricons-prod.azureedge.net/u/shgogna/globalperconnector-train1/1.0.1639.3312/powerplatformforadmins/icon.png","dataSources":[],"dependencies":[],"dependents":["e872106b-5ceb-47ad-8478-cf60ba8b5ccb","cf22b866-b85c-4f7d-b0a9-00172241c08e","5629b023-e083-460a-9390-001048a2c984"],"parameterHints":{},"parameterHintsV2":{},"isOnPremiseConnection":false,"bypassConsent":false,"dataSets":{},"apiTier":"Standard"},"cf22b866-b85c-4f7d-b0a9-00172241c08e":{"id":"/providers/microsoft.powerapps/apis/shared_logicflows","displayName":"Logic flows","iconUri":"https://connectoricons-prod.azureedge.net/releases/v1.0.1664/1.0.1664.3477/logicflows/icon.png","dataSources":["GetAllTenantDlps"],"dependencies":["5a805702-98b0-4114-9601-eca131f645c6"],"dependents":[],"parameterHints":{"workflowName":{"value":"0949b412-ed9c-4f18-b839-915767a2c758"},"workflowEntityId":{"value":"f9f24491-d15c-ee11-be6e-000d3adc1048"},"5a805702-98b0-4114-9601-eca131f645c6":{"value":"shared_powerplatformforadmins"}},"parameterHintsV2":{"workflowName":{"value":"0949b412-ed9c-4f18-b839-915767a2c758"},"workflowEntityId":{"value":"f9f24491-d15c-ee11-be6e-000d3adc1048"},"shared_powerplatformforadmins":{"value":"5a805702-98b0-4114-9601-eca131f645c6"}},"isOnPremiseConnection":false,"bypassConsent":false,"dataSets":{},"apiTier":"Standard","actions":["Run"]},"5629b023-e083-460a-9390-001048a2c984":{"id":"/providers/microsoft.powerapps/apis/shared_logicflows","displayName":"Logic flows","iconUri":"https://connectoricons-prod.azureedge.net/releases/v1.0.1664/1.0.1664.3477/logicflows/icon.png","dataSources":["GetEnvironmentsIncludedinDLP"],"dependencies":["5a805702-98b0-4114-9601-eca131f645c6"],"dependents":[],"parameterHints":{"workflowName":{"value":"c455b03f-7612-4736-b628-6968e16b389b"},"workflowEntityId":{"value":"8fe7d6d1-bc5c-ee11-be6e-000d3adbb47b"},"5a805702-98b0-4114-9601-eca131f645c6":{"value":"shared_powerplatformforadmins"}},"parameterHintsV2":{"workflowName":{"value":"c455b03f-7612-4736-b628-6968e16b389b"},"workflowEntityId":{"value":"8fe7d6d1-bc5c-ee11-be6e-000d3adbb47b"},"shared_powerplatformforadmins":{"value":"5a805702-98b0-4114-9601-eca131f645c6"}},"isOnPremiseConnection":false,"bypassConsent":false,"dataSets":{},"apiTier":"Standard","actions":["Run"]}}</ConnectionReferences>
      <DatabaseReferences>{}</DatabaseReferences>
      <AppComponents>[]</AppComponents>
      <AppComponentDependencies>[]</AppComponentDependencies>
      <CanConsumeAppPass>1</CanConsumeAppPass>
      <CanvasAppType>0</CanvasAppType>
      <BypassConsent>0</BypassConsent>
      <AdminControlBypassConsent>0</AdminControlBypassConsent>
      <EmbeddedApp xsi:nil="true"></EmbeddedApp>
      <IntroducedVersion>1.0</IntroducedVersion>
      <CdsDependencies>{"cdsdependencies":[{"dependencyid":"833db520-c35c-ee11-be6e-000d3adbb47b","componenttype":29,"componenttypeplatformname":"Workflow"},{"dependencyid":"f9f24491-d15c-ee11-be6e-000d3adc1048","componenttype":29,"componenttypeplatformname":"Workflow"},{"dependencyid":"8fe7d6d1-bc5c-ee11-be6e-000d3adbb47b","componenttype":29,"componenttypeplatformname":"Workflow"}]}</CdsDependencies>
      <IsCustomizable>1</IsCustomizable>
      <BackgroundImageUri>/CanvasApps/ptricks_dlppolicytoolbox_73ec5_BackgroundImageUri</BackgroundImageUri>
      <DocumentUri>/CanvasApps/ptricks_dlppolicytoolbox_73ec5_DocumentUri.msapp</DocumentUri>
    </CanvasApp>
  </CanvasApps>
  <connectionreferences>
    <connectionreference connectionreferencelogicalname="ptricks_sharedpowerplatformforadmins_556a6">
      <connectionreferencedisplayname>Power Platform for Admins DLPPolicyToolbox-556a6</connectionreferencedisplayname>
      <connectorid>/providers/Microsoft.PowerApps/apis/shared_powerplatformforadmins</connectorid>
      <iscustomizable>1</iscustomizable>
      <statecode>0</statecode>
      <statuscode>1</statuscode>
    </connectionreference>
  </connectionreferences>
  <Languages>
    <Language>1033</Language>
  </Languages>
</ImportExportXml>