{
  "properties": {
    "connectionReferences": {
      "shared_commondataserviceforapps": {
        "runtimeSource": "embedded",
        "connection": {
          "connectionReferenceLogicalName": "ptricks_sharedcommondataserviceforapps_05b98"
        },
        "api": {
          "name": "shared_commondataserviceforapps"
        }
      },
      "shared_office365_1": {
        "runtimeSource": "embedded",
        "connection": {
          "connectionReferenceLogicalName": "ptricks_sharedoffice365_c4d89"
        },
        "api": {
          "name": "shared_office365"
        }
      }
    },
    "definition": {
      "$schema": "https://schema.management.azure.com/providers/Microsoft.Logic/schemas/2016-06-01/workflowdefinition.json#",
      "contentVersion": "1.0.0.0",
      "parameters": {
        "$connections": {
          "defaultValue": {},
          "type": "Object"
        },
        "$authentication": {
          "defaultValue": {},
          "type": "SecureObject"
        },
        "LpcTextPpApiAuthClientId (ptricks_LpcTextPpApiAuthClientId)": {
          "defaultValue": "3839d13e-4741-43b6-9e0b-ec2540bf3575",
          "type": "String",
          "metadata": {
            "schemaName": "ptricks_LpcTextPpApiAuthClientId"
          }
        },
        "LpcTextEmail (ptricks_LpcTextEmail)": {
          "defaultValue": "valadmin@powertricks.onmicrosoft.com",
          "type": "String",
          "metadata": {
            "schemaName": "ptricks_LpcTextEmail"
          }
        },
        "LpcBoolIsDemo (ptricks_LpcBoolIsDemo)": {
          "defaultValue": true,
          "type": "Bool",
          "metadata": {
            "schemaName": "ptricks_LpcBoolIsDemo"
          }
        },
        "LpcTextTenantId (ptricks_LpcTextTenantId)": {
          "defaultValue": "58f1a3b1-81b9-4355-8de1-fa00d6102a86",
          "type": "String",
          "metadata": {
            "schemaName": "ptricks_LpcTextTenantId"
          }
        },
        "LpcTextGraphApiAuthClientId (ptricks_LpcTextGraphApiAuthClientId)": {
          "defaultValue": "4a5665d3-efda-4c79-85f1-eed96ce03f58",
          "type": "String",
          "metadata": {
            "schemaName": "ptricks_LpcTextGraphApiAuthClientId"
          }
        }
      },
      "triggers": {
        "Recurrence": {
          "recurrence": {
            "frequency": "Day",
            "interval": 1,
            "timeZone": "Romance Standard Time",
            "schedule": {
              "hours": [
                "1"
              ]
            }
          },
          "metadata": {
            "operationMetadataId": "27d4cba2-79ad-41ed-b8f2-bc4e67f62439"
          },
          "type": "Recurrence"
        }
      },
      "actions": {
        "Scope_Main": {
          "actions": {
            "Scope_Get_Unit_Provisions": {
              "actions": {
                "Select_skuPartNumber_from_Dataverse_Skus": {
                  "runAfter": {
                    "Compose_Manual_Skus": [
                      "Succeeded"
                    ]
                  },
                  "metadata": {
                    "operationMetadataId": "b2ffe47d-ad4a-4264-bd9b-c93a3b1aabf0"
                  },
                  "type": "Select",
                  "inputs": {
                    "from": "@outputs('List_rows_-_Purchased_Skus')?['body/value']",
                    "select": "@item()?['ptricks_skupartnumber']"
                  }
                },
                "Filter_array_-_Keep_Skus_that_are_in_Dataverse_only": {
                  "runAfter": {
                    "Select_skuPartNumber_from_Dataverse_Skus": [
                      "Succeeded"
                    ]
                  },
                  "metadata": {
                    "operationMetadataId": "dc8fe7d5-9be5-4a61-a786-316102a8f6bf"
                  },
                  "type": "Query",
                  "inputs": {
                    "from": "@If(\r\n    outputs('Compose_IsDemo'),\r\n    outputs('Compose_Manual_Skus')?['body']['value'],\r\n    body('HTTP_-_List_subscribedSkus')?['value']\r\n)",
                    "where": "@contains(body('Select_skuPartNumber_from_Dataverse_Skus'), item()?['skuPartNumber'])"
                  }
                },
                "Filter_array_-_Keep_Dataverse_Skus_not_returned_from_Graph": {
                  "runAfter": {
                    "Select_skuPartNumber_from_Graph_Skus": [
                      "Succeeded"
                    ]
                  },
                  "metadata": {
                    "operationMetadataId": "31d0e4f6-e1c8-4511-9bd9-918f69042d68"
                  },
                  "type": "Query",
                  "inputs": {
                    "from": "@outputs('List_rows_-_Purchased_Skus')?['body/value']",
                    "where": "@not(contains(body('Select_skuPartNumber_from_Graph_Skus'), item()?['ptricks_skupartnumber']))"
                  }
                },
                "Select_skuPartNumber_from_Graph_Skus": {
                  "runAfter": {
                    "Filter_array_-_Keep_Skus_that_are_in_Dataverse_only": [
                      "Succeeded"
                    ]
                  },
                  "metadata": {
                    "operationMetadataId": "1d1a5787-d444-471b-bd44-357828fb142e"
                  },
                  "type": "Select",
                  "inputs": {
                    "from": "@If(\r\n    outputs('Compose_IsDemo'),\r\n    outputs('Compose_Manual_Skus')?['body']['value'],\r\n    body('HTTP_-_List_subscribedSkus')?['value']\r\n)",
                    "select": "@item()?['skuPartNumber']"
                  }
                },
                "Perform_an_unbound_action_-_Retrieve_Graph_Api_Secret": {
                  "runAfter": {},
                  "metadata": {
                    "operationMetadataId": "08c6f24d-56e7-4fd7-9725-f3513ce92b65"
                  },
                  "type": "OpenApiConnection",
                  "inputs": {
                    "host": {
                      "connectionName": "shared_commondataserviceforapps",
                      "operationId": "PerformUnboundAction",
                      "apiId": "/providers/Microsoft.PowerApps/apis/shared_commondataserviceforapps"
                    },
                    "parameters": {
                      "actionName": "RetrieveEnvironmentVariableSecretValue",
                      "item/EnvironmentVariableName": "ptricks_LpcSecretGraphApiAuth"
                    },
                    "authentication": "@parameters('$authentication')"
                  },
                  "runtimeConfiguration": {
                    "secureData": {
                      "properties": [
                        "outputs"
                      ]
                    }
                  }
                },
                "Compose_Manual_Skus": {
                  "runAfter": {
                    "HTTP_-_List_subscribedSkus": [
                      "Succeeded"
                    ]
                  },
                  "metadata": {
                    "operationMetadataId": "4a97df5a-0a32-4c01-bad6-d48c0e23f799"
                  },
                  "type": "Compose",
                  "inputs": {
                    "statusCode": 200,
                    "headers": {
                      "Cache-Control": "no-cache",
                      "Transfer-Encoding": "",
                      "Vary": "",
                      "Strict-Transport-Security": "",
                      "request-id": "",
                      "client-request-id": "",
                      "x-ms-ags-diagnostic": "",
                      "x-ms-resource-unit": "",
                      "OData-Version": "",
                      "Date": "",
                      "Content-Type": "tible=false; charset=utf-8",
                      "Content-Length": ""
                    },
                    "body": {
                      "value": [
                        {
                          "skuId": "d2dea78b-507c-4e56-b400-39447f4738f8",
                          "skuPartNumber": "CDSAICAPACITY",
                          "consumedUnits": 0,
                          "prepaidUnits": {
                            "enabled": 5,
                            "suspended": 0,
                            "warning": 0,
                            "lockedOut": 0
                          }
                        },
                        {
                          "skuId": "607667d6-ca13-4668-81b4-9aeea2db04a4",
                          "skuPartNumber": "AI_Builder_Capacity_Add_on_T2_(min_10_packs)",
                          "consumedUnits": 0,
                          "prepaidUnits": {
                            "enabled": 12,
                            "suspended": 0,
                            "warning": 0,
                            "lockedOut": 0
                          }
                        },
                        {
                          "skuId": "607667d6-ca13-4668-81b4-9aeea2db04a4",
                          "skuPartNumber": "AI_Builder_Capacity_Add_on_T3_(min_50_packs)",
                          "consumedUnits": 0,
                          "prepaidUnits": {
                            "enabled": 51,
                            "suspended": 0,
                            "warning": 0,
                            "lockedOut": 0
                          }
                        },
                        {
                          "skuId": "e4e55366-9635-46f4-a907-fc8c3b5ec81f",
                          "skuPartNumber": "VIRTUAL_AGENT_BASE",
                          "consumedUnits": 0,
                          "prepaidUnits": {
                            "enabled": 1,
                            "suspended": 0,
                            "warning": 0,
                            "lockedOut": 0
                          }
                        },
                        {
                          "skuId": "75564b9c-51e8-431c-b8fe-d472d5a545c8",
                          "skuPartNumber": "Power_Virtual_Agents",
                          "consumedUnits": 0,
                          "prepaidUnits": {
                            "enabled": 2,
                            "suspended": 0,
                            "warning": 1,
                            "lockedOut": 0
                          }
                        },
                        {
                          "skuId": "4b74a65c-8b4a-4fc8-9f6b-5177ed11ddfa",
                          "skuPartNumber": "VIRTUAL_AGENT_USL",
                          "consumedUnits": 350,
                          "prepaidUnits": {
                            "enabled": 500,
                            "suspended": 0,
                            "warning": 100,
                            "lockedOut": 0
                          }
                        },
                        {
                          "skuId": "e612d426-6bc3-4181-9658-91aa906b0ac0",
                          "skuPartNumber": "CDS_DB_CAPACITY",
                          "consumedUnits": 0,
                          "prepaidUnits": {
                            "enabled": 500,
                            "suspended": 10,
                            "warning": 50,
                            "lockedOut": 0
                          }
                        },
                        {
                          "skuId": "5b340c18-f635-4a12-8623-cc33fae96ed4",
                          "skuPartNumber": "POWERAPPS_PORTALS_LOGIN",
                          "consumedUnits": 0,
                          "prepaidUnits": {
                            "enabled": 1,
                            "suspended": 0,
                            "warning": 0,
                            "lockedOut": 0
                          }
                        },
                        {
                          "skuId": "57f3babd-73ce-40de-bcb2-dadbfbfff9f7",
                          "skuPartNumber": "POWERAPPS_PORTALS_LOGIN_T2",
                          "consumedUnits": 0,
                          "prepaidUnits": {
                            "enabled": 12,
                            "suspended": 0,
                            "warning": 0,
                            "lockedOut": 0
                          }
                        },
                        {
                          "skuId": "b4d7b828-e8dc-4518-91f9-e123ae48440d",
                          "skuPartNumber": "POWERAPPS_PER_APP_NEW",
                          "consumedUnits": 0,
                          "prepaidUnits": {
                            "enabled": 1200,
                            "suspended": 0,
                            "warning": 0,
                            "lockedOut": 0
                          }
                        },
                        {
                          "skuId": "3539d28c-6e35-4a30-b3a9-cd43d5d3e0e2",
                          "skuPartNumber": "POWERAUTOMATE_UNATTENDED_RPA",
                          "consumedUnits": 0,
                          "prepaidUnits": {
                            "enabled": 10,
                            "suspended": 0,
                            "warning": 0,
                            "lockedOut": 0
                          }
                        },
                        {
                          "skuId": "b3a42176-0a8c-4c3f-ba4e-f2b37fe5be6b",
                          "skuPartNumber": "FLOW_BUSINESS_PROCESS",
                          "consumedUnits": 0,
                          "prepaidUnits": {
                            "enabled": 150,
                            "suspended": 0,
                            "warning": 0,
                            "lockedOut": 0
                          }
                        },
                        {
                          "skuId": "eda1941c-3c4f-4995-b5eb-e85a42175ab9",
                          "skuPartNumber": "POWERAUTOMATE_ATTENDED_RPA",
                          "consumedUnits": 2000,
                          "prepaidUnits": {
                            "enabled": 2500,
                            "suspended": 110,
                            "warning": 20,
                            "lockedOut": 0
                          }
                        },
                        {
                          "skuId": "eda1941c-3c4f-4995-b5eb-e85a42175ab9",
                          "skuPartNumber": "POWERAPPS_PER_USER",
                          "consumedUnits": 2200,
                          "prepaidUnits": {
                            "enabled": 2300,
                            "suspended": 0,
                            "warning": 200,
                            "lockedOut": 0
                          }
                        }
                      ]
                    }
                  }
                },
                "HTTP_-_List_subscribedSkus": {
                  "runAfter": {
                    "Perform_an_unbound_action_-_Retrieve_Graph_Api_Secret": [
                      "Succeeded"
                    ]
                  },
                  "metadata": {
                    "operationMetadataId": "53080c35-3cb9-452b-9ca2-35450bf7f54a"
                  },
                  "type": "Http",
                  "inputs": {
                    "method": "GET",
                    "uri": "https://graph.microsoft.com/v1.0/subscribedSkus?$select=skuId,skuPartNumber,prepaidUnits,consumedUnits",
                    "headers": {
                      "Accept": "application/json\n"
                    },
                    "authentication": {
                      "type": "ActiveDirectoryOAuth",
                      "tenant": "@parameters('LpcTextTenantId (ptricks_LpcTextTenantId)')",
                      "audience": "https://graph.microsoft.com/",
                      "clientId": "@parameters('LpcTextGraphApiAuthClientId (ptricks_LpcTextGraphApiAuthClientId)')",
                      "secret": "@outputs('Perform_an_unbound_action_-_Retrieve_Graph_Api_Secret')?['body/EnvironmentVariableSecretValue']"
                    }
                  }
                }
              },
              "runAfter": {
                "List_rows_-_Licenses": [
                  "Succeeded"
                ]
              },
              "metadata": {
                "operationMetadataId": "a871c373-de00-4ab5-8737-8beaaba23a53"
              },
              "type": "Scope"
            },
            "List_rows_-_Licenses": {
              "runAfter": {
                "List_rows_-_Purchased_Skus": [
                  "Succeeded"
                ]
              },
              "metadata": {
                "operationMetadataId": "e44f6430-9f45-401f-9fa8-d633adbe4eed"
              },
              "type": "OpenApiConnection",
              "inputs": {
                "host": {
                  "connectionName": "shared_commondataserviceforapps",
                  "operationId": "ListRecords",
                  "apiId": "/providers/Microsoft.PowerApps/apis/shared_commondataserviceforapps"
                },
                "parameters": {
                  "entityName": "ptricks_licenses"
                },
                "authentication": "@parameters('$authentication')"
              },
              "runtimeConfiguration": {
                "paginationPolicy": {
                  "minimumItemCount": 1000
                }
              }
            },
            "Scope_update_Sku_Units_in_Dataverse": {
              "actions": {
                "Apply_to_each_Sku_to_update_Units_in_Dataverse_": {
                  "foreach": "@body('Filter_array_-_Keep_Skus_that_are_in_Dataverse_only')",
                  "actions": {
                    "List_rows_-_find_Corresponding_Dataverse_Sku": {
                      "runAfter": {},
                      "metadata": {
                        "operationMetadataId": "575818a6-2753-4603-a3e5-037b6ec028dc"
                      },
                      "type": "OpenApiConnection",
                      "inputs": {
                        "host": {
                          "connectionName": "shared_commondataserviceforapps",
                          "operationId": "ListRecords",
                          "apiId": "/providers/Microsoft.PowerApps/apis/shared_commondataserviceforapps"
                        },
                        "parameters": {
                          "entityName": "ptricks_purchasedskus",
                          "$filter": "ptricks_skupartnumber eq '@{items('Apply_to_each_Sku_to_update_Units_in_Dataverse_')?['skuPartNumber']}'",
                          "$expand": "ptricks_RelatedLicense($select=ptricks_name,ptricks_type,ptricks_product)"
                        },
                        "authentication": "@parameters('$authentication')"
                      }
                    },
                    "Condition_If_change_needed": {
                      "actions": {
                        "Update_a_row_-_Update_with_Quantities": {
                          "runAfter": {
                            "Append_to_varArraySkuUpdates": [
                              "Succeeded"
                            ]
                          },
                          "metadata": {
                            "operationMetadataId": "ccf6f45f-b18f-4363-91a4-16818624171d"
                          },
                          "type": "OpenApiConnection",
                          "inputs": {
                            "host": {
                              "connectionName": "shared_commondataserviceforapps",
                              "operationId": "UpdateRecord",
                              "apiId": "/providers/Microsoft.PowerApps/apis/shared_commondataserviceforapps"
                            },
                            "parameters": {
                              "entityName": "ptricks_purchasedskus",
                              "recordId": "@body('List_rows_-_find_Corresponding_Dataverse_Sku')?['value'][0]?['ptricks_purchasedskuid']",
                              "item/ptricks_unitsconsumed": "@if(\r\n    Equals(body('List_rows_-_find_Corresponding_Dataverse_Sku')?['value'][0]?['ptricks_RelatedLicense']?['ptricks_type'],1),\r\n    null,\r\n    items('Apply_to_each_Sku_to_update_Units_in_Dataverse_')?['consumedUnits']\r\n)",
                              "item/ptricks_unitsenabled": "@items('Apply_to_each_Sku_to_update_Units_in_Dataverse_')?['prepaidUnits']?['enabled']",
                              "item/ptricks_unitslockedout": "@items('Apply_to_each_Sku_to_update_Units_in_Dataverse_')?['prepaidUnits']?['lockedout']",
                              "item/ptricks_unitssuspended": "@items('Apply_to_each_Sku_to_update_Units_in_Dataverse_')?['prepaidUnits']?['suspended']",
                              "item/ptricks_unitswarning": "@items('Apply_to_each_Sku_to_update_Units_in_Dataverse_')?['prepaidUnits']?['warning']"
                            },
                            "authentication": "@parameters('$authentication')"
                          }
                        },
                        "Append_to_varArraySkuUpdates": {
                          "runAfter": {},
                          "metadata": {
                            "operationMetadataId": "56640bc6-d10d-400e-a22f-10f659fa1031"
                          },
                          "type": "AppendToArrayVariable",
                          "inputs": {
                            "name": "varArraySkuUpdates",
                            "value": {
                              "License Name": "@{body('List_rows_-_find_Corresponding_Dataverse_Sku')?['value'][0]?['ptricks_RelatedLicense']?['ptricks_name']}",
                              "Sku Part Number": "@{body('List_rows_-_find_Corresponding_Dataverse_Sku')?['value'][0]?['ptricks_skupartnumber']}",
                              "Previous Unit Quantities": "@{concat(\r\n    'enabled: ',body('List_rows_-_find_Corresponding_Dataverse_Sku')?['value'][0]?['ptricks_unitsenabled'],'bbrr',\r\n    'warning: ',body('List_rows_-_find_Corresponding_Dataverse_Sku')?['value'][0]?['ptricks_unitswarning'],'bbrr',\r\n    'consumed: ',body('List_rows_-_find_Corresponding_Dataverse_Sku')?['value'][0]?['ptricks_unitsconsumed'],'bbrr',\r\n    'suspended: ',body('List_rows_-_find_Corresponding_Dataverse_Sku')?['value'][0]?['ptricks_unitssuspended'],'bbrr',\r\n    'lockedout: ',body('List_rows_-_find_Corresponding_Dataverse_Sku')?['value'][0]?['ptricks_unitslockedout']\r\n)}",
                              "New Unit Quantities": "@{concat(\r\n    'enabled: ',item()?['prepaidUnits']?['enabled'],'bbrr',\r\n    'warning: ',item()?['prepaidUnits']?['warning'],'bbrr',\r\n    'consumed: ',if(Equals(body('List_rows_-_find_Corresponding_Dataverse_Sku')?['value'][0]?['ptricks_RelatedLicense']?['ptricks_type'],1),'',item()?['consumedUnits']),'bbrr',\r\n    'suspended: ',item()?['prepaidUnits']?['suspended'],'bbrr',\r\n    'lockedout: ',item()?['prepaidUnits']?['lockedOut']\r\n)}"
                            }
                          }
                        }
                      },
                      "runAfter": {
                        "List_rows_-_find_Corresponding_Dataverse_Sku": [
                          "Succeeded"
                        ]
                      },
                      "expression": {
                        "or": [
                          {
                            "not": {
                              "equals": [
                                "@item()?['prepaidUnits']?['enabled']",
                                "@body('List_rows_-_find_Corresponding_Dataverse_Sku')?['value'][0]?['ptricks_unitsenabled']"
                              ]
                            }
                          },
                          {
                            "not": {
                              "equals": [
                                "@item()?['prepaidUnits']?['suspended']",
                                "@body('List_rows_-_find_Corresponding_Dataverse_Sku')?['value'][0]?['ptricks_unitssuspended']"
                              ]
                            }
                          },
                          {
                            "not": {
                              "equals": [
                                "@item()?['prepaidUnits']?['warning']",
                                "@body('List_rows_-_find_Corresponding_Dataverse_Sku')?['value'][0]?['ptricks_unitswarning']"
                              ]
                            }
                          },
                          {
                            "not": {
                              "equals": [
                                "@item()?['prepaidUnits']?['lockedOut']",
                                "@body('List_rows_-_find_Corresponding_Dataverse_Sku')?['value'][0]?['ptricks_unitslockedout']"
                              ]
                            }
                          },
                          {
                            "equals": [
                              "@And(\r\n    Equals(body('List_rows_-_find_Corresponding_Dataverse_Sku')?['value'][0]?['ptricks_RelatedLicense']?['ptricks_type'],1),\r\n    Not(Equals(body('List_rows_-_find_Corresponding_Dataverse_Sku')?['value'][0]?['ptricks_unitsconsumed'],null))\r\n)",
                              "@true"
                            ]
                          }
                        ]
                      },
                      "metadata": {
                        "operationMetadataId": "288a5ad1-54cd-41ea-af07-4c02c0af8944"
                      },
                      "type": "If"
                    }
                  },
                  "runAfter": {},
                  "metadata": {
                    "operationMetadataId": "4f2b55b0-f655-4ee7-969e-fc7eebe0a6fb"
                  },
                  "type": "Foreach",
                  "runtimeConfiguration": {
                    "concurrency": {
                      "repetitions": 50
                    }
                  }
                },
                "Apply_to_each_Sku_which_needs_to_be_zeroed_in_Dataverse": {
                  "foreach": "@body('Filter_array_-_Keep_Dataverse_Skus_not_returned_from_Graph')",
                  "actions": {
                    "Condition_If_Needs_Update": {
                      "actions": {
                        "Append_to_varArraySkuUpdates_2": {
                          "runAfter": {},
                          "metadata": {
                            "operationMetadataId": "c9c603ec-e1db-47ed-a7ea-812579735ccd"
                          },
                          "type": "AppendToArrayVariable",
                          "inputs": {
                            "name": "varArraySkuUpdates",
                            "value": {
                              "License Name": "@{items('Apply_to_each_Sku_which_needs_to_be_zeroed_in_Dataverse')?['_ptricks_relatedlicense_value@OData.Community.Display.V1.FormattedValue']}",
                              "Sku Part Number": "@{items('Apply_to_each_Sku_which_needs_to_be_zeroed_in_Dataverse')?['ptricks_skupartnumber']}",
                              "Previous Unit Quantities": "@{concat(\r\n    'enabled: ',coalesce(item()?['ptricks_unitsenabled'],'0'),'bbrr',\r\n    'warning: ',coalesce(item()?['ptricks_unitswarning'],'0'),'bbrr',\r\n    'consumed: ',coalesce(item()?['ptricks_unitsconsumed'],'0'),'bbrr',\r\n    'suspended: ',coalesce(item()?['ptricks_unitssuspended'],'0'),'bbrr',\r\n    'lockedout: ',coalesce(item()?['ptricks_unitslockedout'],'0')\r\n)}",
                              "New Unit Quantities": "@{concat(\r\n    'enabled: ','0','bbrr',\r\n    'warning: ','0','bbrr',\r\n    'consumed: ',if(Equals(item()?['ptricks_RelatedLicense']?['ptricks_type'],1),'','0'),'bbrr',\r\n    'suspended: ','0','bbrr',\r\n    'lockedout: ','0'\r\n)}"
                            }
                          }
                        },
                        "Update_a_row_-_Update_with_Quantities_3": {
                          "runAfter": {
                            "Append_to_varArraySkuUpdates_2": [
                              "Succeeded"
                            ]
                          },
                          "metadata": {
                            "operationMetadataId": "ccf6f45f-b18f-4363-91a4-16818624171d"
                          },
                          "type": "OpenApiConnection",
                          "inputs": {
                            "host": {
                              "connectionName": "shared_commondataserviceforapps",
                              "operationId": "UpdateRecord",
                              "apiId": "/providers/Microsoft.PowerApps/apis/shared_commondataserviceforapps"
                            },
                            "parameters": {
                              "entityName": "ptricks_purchasedskus",
                              "recordId": "@item()?['ptricks_purchasedskuid']",
                              "item/ptricks_unitsconsumed": "@if(Equals(item()?['ptricks_RelatedLicense']?['ptricks_type'],1),null,0)",
                              "item/ptricks_unitsenabled": 0,
                              "item/ptricks_unitslockedout": 0,
                              "item/ptricks_unitssuspended": 0,
                              "item/ptricks_unitswarning": 0
                            },
                            "authentication": "@parameters('$authentication')"
                          }
                        }
                      },
                      "runAfter": {},
                      "expression": {
                        "or": [
                          {
                            "not": {
                              "equals": [
                                "@item()?['ptricks_unitswarning']",
                                0
                              ]
                            }
                          },
                          {
                            "not": {
                              "equals": [
                                "@item()?['ptricks_unitssuspended']",
                                0
                              ]
                            }
                          },
                          {
                            "not": {
                              "equals": [
                                "@item()?['ptricks_unitslockedout']",
                                0
                              ]
                            }
                          },
                          {
                            "not": {
                              "equals": [
                                "@items('Apply_to_each_Sku_which_needs_to_be_zeroed_in_Dataverse')?['ptricks_unitsenabled']",
                                0
                              ]
                            }
                          },
                          {
                            "equals": [
                              "@And(\r\n    Equals(item()?['ptricks_RelatedLicense']?['ptricks_type'],1),\r\n    Not(Equals(item()?['ptricks_unitsconsumed'],null))\r\n)",
                              "@true"
                            ]
                          }
                        ]
                      },
                      "metadata": {
                        "operationMetadataId": "71c18328-e39c-4633-8bb5-a7cfd2bcac50"
                      },
                      "type": "If"
                    }
                  },
                  "runAfter": {
                    "Apply_to_each_Sku_to_update_Units_in_Dataverse_": [
                      "Succeeded"
                    ]
                  },
                  "metadata": {
                    "operationMetadataId": "8c59f9fa-c1aa-4ce5-9e28-b9b1d361e473"
                  },
                  "type": "Foreach"
                }
              },
              "runAfter": {
                "Scope_Get_Unit_Provisions": [
                  "Succeeded"
                ]
              },
              "metadata": {
                "operationMetadataId": "c2a3a9c8-f006-48c0-94e7-420a995b65ba"
              },
              "type": "Scope"
            },
            "Scope_Get_Addon_Provisions": {
              "actions": {
                "Select_addonTypeNames_from_Dataverse_Licenses": {
                  "runAfter": {
                    "Compose_Manual_Currency_Reports": [
                      "Succeeded"
                    ]
                  },
                  "metadata": {
                    "operationMetadataId": "b2ffe47d-ad4a-4264-bd9b-c93a3b1aabf0"
                  },
                  "type": "Select",
                  "inputs": {
                    "from": "@outputs('List_rows_-_Licenses')?['body/value']",
                    "select": "@item()?['ptricks_addontypename']"
                  }
                },
                "Filter_array_-_Keep_Addons_for_licenses_in_Dataverse_only": {
                  "runAfter": {
                    "Select_addonTypeNames_from_Dataverse_Licenses": [
                      "Succeeded"
                    ]
                  },
                  "metadata": {
                    "operationMetadataId": "dc8fe7d5-9be5-4a61-a786-316102a8f6bf"
                  },
                  "type": "Query",
                  "inputs": {
                    "from": "@If(\r\n    outputs('Compose_IsDemo'),\r\n    outputs('Compose_Manual_Currency_Reports'),\r\n    body('HTTP_-_Get_Addon_Reports')\r\n)",
                    "where": "@contains(body('Select_addonTypeNames_from_Dataverse_Licenses'), item()?['currencyType'])"
                  }
                },
                "Select_addonTypeNames_from_Addon_Reports": {
                  "runAfter": {
                    "Filter_array_-_Keep_Addons_for_licenses_in_Dataverse_only": [
                      "Succeeded"
                    ]
                  },
                  "metadata": {
                    "operationMetadataId": "4a019b63-4671-45c5-b2de-6d60079a56f6"
                  },
                  "type": "Select",
                  "inputs": {
                    "from": "@If(\r\n    outputs('Compose_IsDemo'),\r\n    outputs('Compose_Manual_Currency_Reports'),\r\n    body('HTTP_-_Get_Addon_Reports')\r\n)",
                    "select": "@item()?['currencyType']"
                  }
                },
                "Filter_array_-_Keep_Addons_in_Dataverse_which_are_not_listed_in_the_report": {
                  "runAfter": {
                    "Select_addonTypeNames_from_Addon_Reports": [
                      "Succeeded"
                    ]
                  },
                  "metadata": {
                    "operationMetadataId": "56e10870-62de-426d-9fd7-196e671326aa"
                  },
                  "type": "Query",
                  "inputs": {
                    "from": "@outputs('List_rows_-_Licenses')?['body/value']",
                    "where": "@not(contains(body('Select_addonTypeNames_from_Addon_Reports'), item()?['ptricks_addontypename']))"
                  }
                },
                "HTTP_-_Get_Addon_Reports": {
                  "runAfter": {
                    "Perform_an_unbound_action_-_Retrieve_PP_Api_Secret": [
                      "Succeeded"
                    ]
                  },
                  "metadata": {
                    "operationMetadataId": "53080c35-3cb9-452b-9ca2-35450bf7f54a"
                  },
                  "type": "Http",
                  "inputs": {
                    "method": "GET",
                    "uri": "https://licensing.powerplatform.microsoft.com/v0.1-alpha/tenants/@{parameters('LpcTextTenantId (ptricks_LpcTextTenantId)')}/CurrencyReports",
                    "headers": {
                      "Accept": "application/json\n"
                    },
                    "authentication": {
                      "type": "ActiveDirectoryOAuth",
                      "tenant": "@parameters('LpcTextTenantId (ptricks_LpcTextTenantId)')",
                      "audience": "https://licensing.powerplatform.microsoft.com",
                      "clientId": "@parameters('LpcTextPpApiAuthClientId (ptricks_LpcTextPpApiAuthClientId)')",
                      "secret": "@outputs('Perform_an_unbound_action_-_Retrieve_PP_Api_Secret')?['body/EnvironmentVariableSecretValue']"
                    }
                  }
                },
                "Perform_an_unbound_action_-_Retrieve_PP_Api_Secret": {
                  "runAfter": {},
                  "metadata": {
                    "operationMetadataId": "08c6f24d-56e7-4fd7-9725-f3513ce92b65"
                  },
                  "type": "OpenApiConnection",
                  "inputs": {
                    "host": {
                      "connectionName": "shared_commondataserviceforapps",
                      "operationId": "PerformUnboundAction",
                      "apiId": "/providers/Microsoft.PowerApps/apis/shared_commondataserviceforapps"
                    },
                    "parameters": {
                      "actionName": "RetrieveEnvironmentVariableSecretValue",
                      "item/EnvironmentVariableName": "ptricks_LpcSecretPpApiAuth"
                    },
                    "authentication": "@parameters('$authentication')"
                  },
                  "runtimeConfiguration": {
                    "secureData": {
                      "properties": [
                        "outputs"
                      ]
                    }
                  }
                },
                "Compose_Manual_Currency_Reports": {
                  "runAfter": {
                    "HTTP_-_Get_Addon_Reports": [
                      "Succeeded"
                    ]
                  },
                  "metadata": {
                    "operationMetadataId": "a2fd00d3-6f95-44b9-a0f1-a3410bc43114"
                  },
                  "type": "Compose",
                  "inputs": [
                    {
                      "currencyType": "AppPass",
                      "purchased": 1200,
                      "allocated": 950
                    },
                    {
                      "currencyType": "AI",
                      "purchased": 70350000,
                      "allocated": 69050000
                    },
                    {
                      "currencyType": "PortalLogins",
                      "purchased": 1300,
                      "allocated": 1100
                    },
                    {
                      "currencyType": "PortalViews",
                      "purchased": 0,
                      "allocated": 0
                    },
                    {
                      "currencyType": "PerFlowPlan",
                      "purchased": 150,
                      "allocated": 150
                    },
                    {
                      "currencyType": "AppPassForTeams",
                      "purchased": 0,
                      "allocated": 0
                    },
                    {
                      "currencyType": "PAUnattendedRPA",
                      "purchased": 10,
                      "allocated": 0
                    },
                    {
                      "currencyType": "PowerPagesAuthenticated",
                      "purchased": 0,
                      "allocated": 0
                    },
                    {
                      "currencyType": "PowerPagesAnonymous",
                      "purchased": 0,
                      "allocated": 0
                    },
                    {
                      "currencyType": "PAHostedRPA",
                      "purchased": 0,
                      "allocated": 0
                    },
                    {
                      "currencyType": "PowerAutomatePerProcess",
                      "purchased": 0,
                      "allocated": 0
                    },
                    {
                      "currencyType": "MCSSessions",
                      "purchased": 2000,
                      "allocated": 1500
                    },
                    {
                      "currencyType": "MCSMessages",
                      "purchased": 75000,
                      "allocated": 65000
                    },
                    {
                      "currencyType": "ProcessMiningDataStorage",
                      "purchased": 100000,
                      "allocated": 0
                    }
                  ]
                }
              },
              "runAfter": {
                "List_rows_-_Licenses": [
                  "Succeeded"
                ]
              },
              "metadata": {
                "operationMetadataId": "c44d37ca-c155-4cce-853b-cddd9b4d3ad2"
              },
              "type": "Scope"
            },
            "Scope_Update_Addon_Quantities_in_Daverse": {
              "actions": {
                "Apply_to_each_License_to_update_Addons_in_Dataverse_": {
                  "foreach": "@body('Filter_array_-_Keep_Addons_for_licenses_in_Dataverse_only')",
                  "actions": {
                    "List_rows_-_find_Corresponding_Dataverse_License_2": {
                      "runAfter": {},
                      "metadata": {
                        "operationMetadataId": "575818a6-2753-4603-a3e5-037b6ec028dc"
                      },
                      "type": "OpenApiConnection",
                      "inputs": {
                        "host": {
                          "connectionName": "shared_commondataserviceforapps",
                          "operationId": "ListRecords",
                          "apiId": "/providers/Microsoft.PowerApps/apis/shared_commondataserviceforapps"
                        },
                        "parameters": {
                          "entityName": "ptricks_licenses",
                          "$filter": "ptricks_addontypename eq '@{item()?['currencyType']}'"
                        },
                        "authentication": "@parameters('$authentication')"
                      }
                    },
                    "Update_a_row_-_Update_with_Quantities_2": {
                      "runAfter": {
                        "List_rows_-_find_Corresponding_Dataverse_License_2": [
                          "Succeeded"
                        ]
                      },
                      "metadata": {
                        "operationMetadataId": "ccf6f45f-b18f-4363-91a4-16818624171d"
                      },
                      "type": "OpenApiConnection",
                      "inputs": {
                        "host": {
                          "connectionName": "shared_commondataserviceforapps",
                          "operationId": "UpdateRecord",
                          "apiId": "/providers/Microsoft.PowerApps/apis/shared_commondataserviceforapps"
                        },
                        "parameters": {
                          "entityName": "ptricks_licenses",
                          "recordId": "@body('List_rows_-_find_Corresponding_Dataverse_License_2')?['value'][0]?['ptricks_licenseid']",
                          "item/ptricks_addonsallocated": "@item()?['allocated']",
                          "item/ptricks_addonsprovisioned": "@items('Apply_to_each_License_to_update_Addons_in_Dataverse_')?['purchased']"
                        },
                        "authentication": "@parameters('$authentication')"
                      }
                    }
                  },
                  "runAfter": {},
                  "metadata": {
                    "operationMetadataId": "4f2b55b0-f655-4ee7-969e-fc7eebe0a6fb"
                  },
                  "type": "Foreach",
                  "runtimeConfiguration": {
                    "concurrency": {
                      "repetitions": 50
                    }
                  }
                },
                "Apply_to_each_Addon_which_needs_to_be_zeroed_in_Dataverse": {
                  "foreach": "@body('Filter_array_-_Keep_Addons_in_Dataverse_which_are_not_listed_in_the_report')",
                  "actions": {
                    "Update_a_row_-_Update_with_Quantities_4": {
                      "runAfter": {},
                      "metadata": {
                        "operationMetadataId": "ccf6f45f-b18f-4363-91a4-16818624171d"
                      },
                      "type": "OpenApiConnection",
                      "inputs": {
                        "host": {
                          "connectionName": "shared_commondataserviceforapps",
                          "operationId": "UpdateRecord",
                          "apiId": "/providers/Microsoft.PowerApps/apis/shared_commondataserviceforapps"
                        },
                        "parameters": {
                          "entityName": "ptricks_licenses",
                          "recordId": "@item()?['ptricks_licenseid']",
                          "item/ptricks_addonsallocated": "@null",
                          "item/ptricks_addonsprovisioned": "@null"
                        },
                        "authentication": "@parameters('$authentication')"
                      }
                    }
                  },
                  "runAfter": {
                    "Apply_to_each_License_to_update_Addons_in_Dataverse_": [
                      "Succeeded"
                    ]
                  },
                  "metadata": {
                    "operationMetadataId": "7dc54fb3-b2fb-4e41-b10a-bd39a6a13e00"
                  },
                  "type": "Foreach"
                }
              },
              "runAfter": {
                "Scope_Get_Addon_Provisions": [
                  "Succeeded"
                ]
              },
              "metadata": {
                "operationMetadataId": "30cff4dd-3be1-492c-82af-a8a3bec5d7a0"
              },
              "type": "Scope"
            },
            "List_rows_-_Purchased_Skus": {
              "runAfter": {},
              "metadata": {
                "operationMetadataId": "e44f6430-9f45-401f-9fa8-d633adbe4eed"
              },
              "type": "OpenApiConnection",
              "inputs": {
                "host": {
                  "connectionName": "shared_commondataserviceforapps",
                  "operationId": "ListRecords",
                  "apiId": "/providers/Microsoft.PowerApps/apis/shared_commondataserviceforapps"
                },
                "parameters": {
                  "entityName": "ptricks_purchasedskus",
                  "$expand": "ptricks_RelatedLicense($select=ptricks_name,ptricks_type,ptricks_product)"
                },
                "authentication": "@parameters('$authentication')"
              },
              "runtimeConfiguration": {
                "paginationPolicy": {
                  "minimumItemCount": 1000
                }
              }
            },
            "Condition_Send_Email_If_Change": {
              "actions": {
                "Create_HTML_table": {
                  "runAfter": {},
                  "metadata": {
                    "operationMetadataId": "afe9f015-4273-45e3-8e3b-01cc8d106caa"
                  },
                  "type": "Table",
                  "inputs": {
                    "from": "@sort(variables('varArraySkuUpdates'),'License Name')",
                    "format": "HTML"
                  }
                },
                "Compose_Email_Notification": {
                  "runAfter": {
                    "Create_HTML_table": [
                      "Succeeded"
                    ]
                  },
                  "metadata": {
                    "operationMetadataId": "1ea474aa-9c9d-40ec-a705-b07147994e54"
                  },
                  "type": "Compose",
                  "inputs": "<style>\n    table {\n        border-collapse: collapse;\n        table-layout: auto;\n        width: 100%;\n        table-layout: fixed;\n    }\n    td,\n    th {\n        border: 1px solid #dddddd;\n        text-align: left;\n        padding: 10px;\n    }\n    td {\n        word-wrap: break-word;\n    }\n</style>\n<body>\n<p>This is an automated message to let you know that the purchased Skus (licenses) were successfully refreshed in\nDataverse and they have changed. Changes are presented below:<br>\n@{replace(body('Create_HTML_table'),'bbrr','<br>')}\n<br>\nKind regards,<br>\nVal from <a href=\"https://powertricks.io\">Powertricks</a></p>\n</body>"
                },
                "Send_an_email_(V2)_-_Inform_update": {
                  "runAfter": {
                    "Compose_Email_Notification": [
                      "Succeeded"
                    ]
                  },
                  "metadata": {
                    "operationMetadataId": "ee8e59eb-91b8-4114-bc5a-70dd9d20afb6"
                  },
                  "type": "OpenApiConnection",
                  "inputs": {
                    "host": {
                      "connectionName": "shared_office365_1",
                      "operationId": "SendEmailV2",
                      "apiId": "/providers/Microsoft.PowerApps/apis/shared_office365"
                    },
                    "parameters": {
                      "emailMessage/To": "@parameters('LpcTextEmail (ptricks_LpcTextEmail)')",
                      "emailMessage/Subject": "License Provisions Chceker - Quantity Update",
                      "emailMessage/Body": "@outputs('Compose_Email_Notification')",
                      "emailMessage/From": "@parameters('LpcTextEmail (ptricks_LpcTextEmail)')",
                      "emailMessage/Importance": "Normal"
                    },
                    "authentication": "@parameters('$authentication')"
                  }
                }
              },
              "runAfter": {
                "Scope_Update_Addon_Quantities_in_Daverse": [
                  "Succeeded"
                ],
                "Scope_update_Sku_Units_in_Dataverse": [
                  "Succeeded"
                ]
              },
              "expression": {
                "not": {
                  "equals": [
                    "@empty(variables('varArraySkuUpdates'))",
                    "@true"
                  ]
                }
              },
              "metadata": {
                "operationMetadataId": "a3fa4fd5-8f1a-4c9a-92d3-9f0cb5dde07d"
              },
              "type": "If"
            }
          },
          "runAfter": {
            "Initialize_varArraySkuUpdates": [
              "Succeeded"
            ]
          },
          "metadata": {
            "operationMetadataId": "c6920303-a2af-4ace-9040-3d96279b1df3"
          },
          "type": "Scope"
        },
        "Scope_Error": {
          "actions": {
            "Send_an_email_(V2)": {
              "runAfter": {},
              "metadata": {
                "operationMetadataId": "d7a9cd00-932e-4a87-9d04-61754077bb70"
              },
              "type": "OpenApiConnection",
              "inputs": {
                "host": {
                  "connectionName": "shared_office365_1",
                  "operationId": "SendEmailV2",
                  "apiId": "/providers/Microsoft.PowerApps/apis/shared_office365"
                },
                "parameters": {
                  "emailMessage/To": "@parameters('LpcTextEmail (ptricks_LpcTextEmail)')",
                  "emailMessage/Subject": "License Provisions Checker - Quantity Update Error",
                  "emailMessage/Body": "<p>This is an automated message to let you know that there has been an error to update the license quantities in Dataverse.<br>\n<a href=\"@{concat('https://make.powerautomate.com/manage/environments/',workflow()['tags']['environmentName'],'/flows/',workflow()['name'],'/runs/',workflow()['run']['name'])}\">Flow Run Url</a><br>\nKind regards,<br>\nVal from <a href=\"https://powertricks.io\">Powertricks</a></p>",
                  "emailMessage/From": "@parameters('LpcTextEmail (ptricks_LpcTextEmail)')",
                  "emailMessage/Importance": "Normal"
                },
                "authentication": "@parameters('$authentication')"
              }
            },
            "Terminate": {
              "runAfter": {
                "Send_an_email_(V2)": [
                  "Succeeded"
                ]
              },
              "metadata": {
                "operationMetadataId": "7a7cd313-8abf-4c0c-87fb-1252efafe64c"
              },
              "type": "Terminate",
              "inputs": {
                "runStatus": "Failed"
              }
            }
          },
          "runAfter": {
            "Scope_Main": [
              "Failed",
              "Skipped",
              "TimedOut"
            ]
          },
          "metadata": {
            "operationMetadataId": "5497ad35-c90d-4639-b2e6-29cca21ee329"
          },
          "type": "Scope"
        },
        "Compose_IsDemo": {
          "runAfter": {},
          "metadata": {
            "operationMetadataId": "293f184b-b7ce-462d-9d03-6bab3a5b8ff6"
          },
          "type": "Compose",
          "inputs": "@parameters('LpcBoolIsDemo (ptricks_LpcBoolIsDemo)')"
        },
        "Initialize_varArraySkuUpdates": {
          "runAfter": {
            "Compose_IsDemo": [
              "Succeeded"
            ]
          },
          "metadata": {
            "operationMetadataId": "a45fc81e-43e8-46a0-9db1-a3034729da58"
          },
          "type": "InitializeVariable",
          "inputs": {
            "variables": [
              {
                "name": "varArraySkuUpdates",
                "type": "array"
              }
            ]
          }
        }
      },
      "outputs": {}
    },
    "templateName": ""
  },
  "schemaVersion": "1.0.0.0"
}