{
  "properties": {
    "connectionReferences": {
      "shared_commondataserviceforapps_1": {
        "runtimeSource": "embedded",
        "connection": {
          "connectionReferenceLogicalName": "ptricks_sharedcommondataserviceforapps_05b98"
        },
        "api": {
          "name": "shared_commondataserviceforapps"
        }
      },
      "shared_office365_1": {
        "runtimeSource": "embedded",
        "connection": {
          "connectionReferenceLogicalName": "ptricks_sharedoffice365_c4d89"
        },
        "api": {
          "name": "shared_office365"
        }
      }
    },
    "definition": {
      "$schema": "https://schema.management.azure.com/providers/Microsoft.Logic/schemas/2016-06-01/workflowdefinition.json#",
      "contentVersion": "1.0.0.0",
      "parameters": {
        "$connections": {
          "defaultValue": {},
          "type": "Object"
        },
        "$authentication": {
          "defaultValue": {},
          "type": "SecureObject"
        },
        "LpcTextSnapshotFrequency (ptricks_LpcTextSnapshotFrequency)": {
          "defaultValue": "Minute",
          "type": "String",
          "metadata": {
            "schemaName": "ptricks_LpcTextSnapshotFrequency",
            "description": "Day, Week, or Month"
          }
        },
        "LpcNumberSnapshotInterval (ptricks_LpcNumberSnapshotInterval)": {
          "defaultValue": 5,
          "type": "Int",
          "metadata": {
            "schemaName": "ptricks_LpcNumberSnapshotInterval"
          }
        },
        "LpcTextEmail (ptricks_LpcTextEmail)": {
          "defaultValue": "valadmin@powertricks.onmicrosoft.com",
          "type": "String",
          "metadata": {
            "schemaName": "ptricks_LpcTextEmail"
          }
        }
      },
      "triggers": {
        "Recurrence": {
          "recurrence": {
            "frequency": "@{parameters('LpcTextSnapshotFrequency (ptricks_LpcTextSnapshotFrequency)')}",
            "interval": "@{int(parameters('LpcNumberSnapshotInterval (ptricks_LpcNumberSnapshotInterval)'))}"
          },
          "metadata": {
            "operationMetadataId": "f7d1f8a3-c409-4837-99bc-112a18763b17"
          },
          "type": "Recurrence"
        }
      },
      "actions": {
        "Scope_Main": {
          "actions": {
            "List_rows_-_Get_all_License_Quantities": {
              "runAfter": {},
              "metadata": {
                "operationMetadataId": "ca9f1947-3527-4675-a736-521d8545ef66"
              },
              "type": "OpenApiConnection",
              "inputs": {
                "host": {
                  "connectionName": "shared_commondataserviceforapps_1",
                  "operationId": "ListRecords",
                  "apiId": "/providers/Microsoft.PowerApps/apis/shared_commondataserviceforapps"
                },
                "parameters": {
                  "entityName": "ptricks_licenses"
                },
                "authentication": "@parameters('$authentication')"
              },
              "runtimeConfiguration": {
                "paginationPolicy": {
                  "minimumItemCount": 1000
                }
              }
            },
            "Apply_to_each_License": {
              "foreach": "@outputs('List_rows_-_Get_all_License_Quantities')?['body/value']",
              "actions": {
                "Add_a_new_row_-_Add_Snapshot": {
                  "runAfter": {},
                  "metadata": {
                    "operationMetadataId": "3194bce5-4569-4f54-9ee3-1d3683e57b55"
                  },
                  "type": "OpenApiConnection",
                  "inputs": {
                    "host": {
                      "connectionName": "shared_commondataserviceforapps_1",
                      "operationId": "CreateRecord",
                      "apiId": "/providers/Microsoft.PowerApps/apis/shared_commondataserviceforapps"
                    },
                    "parameters": {
                      "entityName": "ptricks_licensehistories",
                      "item/ptricks_name": "@items('Apply_to_each_License')?['ptricks_name']",
                      "item/ptricks_addonsallocated": "@items('Apply_to_each_License')?['ptricks_addonsallocated']",
                      "item/ptricks_addonsprovisioned": "@items('Apply_to_each_License')?['ptricks_addonsprovisioned']",
                      "item/ptricks_RelatedLicense@odata.bind": "ptricks_licenses(@{items('Apply_to_each_License')?['ptricks_licenseid']})",
                      "item/ptricks_snapshotdate": "@utcNow('yyyy-MM-dd')",
                      "item/ptricks_totalconsumedunits": "@items('Apply_to_each_License')?['ptricks_totalconsumedunits']",
                      "item/ptricks_totalenabledunits": "@items('Apply_to_each_License')?['ptricks_totalenabledunits']",
                      "item/ptricks_totallockedoutunits": "@items('Apply_to_each_License')?['ptricks_totallockedoutunits']",
                      "item/ptricks_totalquantityallocated": "@items('Apply_to_each_License')?['ptricks_totalquantityallocated']",
                      "item/ptricks_totalquantityavailable": "@items('Apply_to_each_License')?['ptricks_totalquantityavailable']",
                      "item/ptricks_totalquantityprovisioned": "@items('Apply_to_each_License')?['ptricks_totalquantityprovisioned']",
                      "item/ptricks_totalsuspendedunits": "@items('Apply_to_each_License')?['ptricks_totalsuspendedunits']",
                      "item/ptricks_totalwarningunits": "@items('Apply_to_each_License')?['ptricks_totalwarningunits']"
                    },
                    "authentication": "@parameters('$authentication')"
                  }
                }
              },
              "runAfter": {
                "List_rows_-_Get_all_License_Quantities": [
                  "Succeeded"
                ]
              },
              "metadata": {
                "operationMetadataId": "9d257382-df51-4433-bba0-877ed16b30fd"
              },
              "type": "Foreach",
              "runtimeConfiguration": {
                "concurrency": {
                  "repetitions": 50
                }
              }
            }
          },
          "runAfter": {},
          "metadata": {
            "operationMetadataId": "2bee8788-4bf8-4942-9a09-148e0d56a676"
          },
          "type": "Scope"
        },
        "Scope_Error": {
          "actions": {
            "Send_an_email_(V2)": {
              "runAfter": {},
              "metadata": {
                "operationMetadataId": "435f27ed-9db3-40f9-9a03-ebac3c938c39"
              },
              "type": "OpenApiConnection",
              "inputs": {
                "host": {
                  "connectionName": "shared_office365_1",
                  "operationId": "SendEmailV2",
                  "apiId": "/providers/Microsoft.PowerApps/apis/shared_office365"
                },
                "parameters": {
                  "emailMessage/To": "@parameters('LpcTextEmail (ptricks_LpcTextEmail)')",
                  "emailMessage/Subject": "License Provision Checker - Snapshot Failure",
                  "emailMessage/Body": "<p>This is an automated email to let you know that there has been an error to save a snapshot of license quantities for the date @{utcNow('yyyy-MM-dd')}.<br>\n<a href=\"@{concat('https://make.powerautomate.com/manage/environments/',workflow()['tags']['environmentName'],'/flows/',workflow()['name'],'/runs/',workflow()['run']['name'])}\">Flow Run Url</a><br>\nKind regards,<br>\nVal from <a href=\"https://powertricks.io\">Powertricks</a></p>",
                  "emailMessage/From": "@parameters('LpcTextEmail (ptricks_LpcTextEmail)')",
                  "emailMessage/Importance": "Normal"
                },
                "authentication": "@parameters('$authentication')"
              }
            },
            "Terminate": {
              "runAfter": {
                "Send_an_email_(V2)": [
                  "Succeeded"
                ]
              },
              "metadata": {
                "operationMetadataId": "43607442-779a-4832-a763-718c33c3619e"
              },
              "type": "Terminate",
              "inputs": {
                "runStatus": "Failed"
              }
            }
          },
          "runAfter": {
            "Scope_Main": [
              "Failed",
              "Skipped",
              "TimedOut"
            ]
          },
          "metadata": {
            "operationMetadataId": "cdd95dbd-d313-407f-9d65-0d567088f703"
          },
          "type": "Scope"
        }
      },
      "outputs": {}
    },
    "templateName": ""
  },
  "schemaVersion": "1.0.0.0"
}