{
  "properties": {
    "connectionReferences": {
      "shared_commondataserviceforapps_1": {
        "runtimeSource": "embedded",
        "connection": {
          "connectionReferenceLogicalName": "ptricks_sharedcommondataserviceforapps_05b98"
        },
        "api": {
          "name": "shared_commondataserviceforapps"
        }
      }
    },
    "definition": {
      "$schema": "https://schema.management.azure.com/providers/Microsoft.Logic/schemas/2016-06-01/workflowdefinition.json#",
      "contentVersion": "1.0.0.0",
      "parameters": {
        "$connections": {
          "defaultValue": {},
          "type": "Object"
        },
        "$authentication": {
          "defaultValue": {},
          "type": "SecureObject"
        }
      },
      "triggers": {
        "manual": {
          "metadata": {
            "operationMetadataId": "688693ba-dacd-4e15-a318-72616766587d"
          },
          "type": "Request",
          "kind": "Button",
          "inputs": {
            "schema": {
              "type": "object",
              "properties": {},
              "required": []
            }
          }
        }
      },
      "actions": {
        "Compose_License_Array": {
          "runAfter": {},
          "metadata": {
            "operationMetadataId": "d0d762dc-081f-48fa-8755-fc49e5dd0bfa"
          },
          "type": "Compose",
          "inputs": [
            {
              "ptricks_name": "AI Builder Credits",
              "ptricks_type": 1,
              "ptricks_addontypename": "AI",
              "ptricks_product": 5,
              "ptricks_licenseid": "d14641a9-8194-ef11-8a6a-7c1e520aa6ec"
            },
            {
              "ptricks_name": "Copilot Studio Chat Sessions",
              "ptricks_type": 1,
              "ptricks_addontypename": "MCSSessions",
              "ptricks_product": 3,
              "ptricks_licenseid": "d34641a9-8194-ef11-8a6a-7c1e520aa6ec"
            },
            {
              "ptricks_name": "Copilot Studio Messages",
              "ptricks_type": 1,
              "ptricks_addontypename": "MCSMessages",
              "ptricks_product": 3,
              "ptricks_licenseid": "d54641a9-8194-ef11-8a6a-7c1e520aa6ec"
            },
            {
              "ptricks_name": "Copilot Studio User",
              "ptricks_type": 0,
              "ptricks_addontypename": "N/A",
              "ptricks_product": 3,
              "ptricks_licenseid": "d74641a9-8194-ef11-8a6a-7c1e520aa6ec"
            },
            {
              "ptricks_name": "Dataverse Database Capacity",
              "ptricks_type": 1,
              "ptricks_addontypename": "N/A",
              "ptricks_product": 6,
              "ptricks_licenseid": "d94641a9-8194-ef11-8a6a-7c1e520aa6ec"
            },
            {
              "ptricks_name": "Dataverse File Capacity",
              "ptricks_type": 1,
              "ptricks_addontypename": "N/A",
              "ptricks_product": 6,
              "ptricks_licenseid": "db4641a9-8194-ef11-8a6a-7c1e520aa6ec"
            },
            {
              "ptricks_name": "Dataverse Log Capacity",
              "ptricks_type": 1,
              "ptricks_addontypename": "N/A",
              "ptricks_product": 6,
              "ptricks_licenseid": "dd4641a9-8194-ef11-8a6a-7c1e520aa6ec"
            },
            {
              "ptricks_name": "Portals login",
              "ptricks_type": 1,
              "ptricks_addontypename": "PortalLogins",
              "ptricks_product": 2,
              "ptricks_licenseid": "df4641a9-8194-ef11-8a6a-7c1e520aa6ec"
            },
            {
              "ptricks_name": "Portals page view",
              "ptricks_type": 1,
              "ptricks_addontypename": "PortalViews",
              "ptricks_product": 2,
              "ptricks_licenseid": "e54641a9-8194-ef11-8a6a-7c1e520aa6ec"
            },
            {
              "ptricks_name": "Power Apps per App",
              "ptricks_type": 1,
              "ptricks_addontypename": "AppPass",
              "ptricks_product": 0,
              "ptricks_licenseid": "e74641a9-8194-ef11-8a6a-7c1e520aa6ec"
            },
            {
              "ptricks_name": "Power Apps Premium",
              "ptricks_type": 0,
              "ptricks_addontypename": "N/A",
              "ptricks_product": 0,
              "ptricks_licenseid": "e94641a9-8194-ef11-8a6a-7c1e520aa6ec"
            },
            {
              "ptricks_name": "Power Automate Desktop Hosted RPA",
              "ptricks_type": 1,
              "ptricks_addontypename": "PAHostedRPA",
              "ptricks_product": 1,
              "ptricks_licenseid": "eb4641a9-8194-ef11-8a6a-7c1e520aa6ec"
            },
            {
              "ptricks_name": "Power Automate Desktop Unattended RPA",
              "ptricks_type": 1,
              "ptricks_addontypename": "PAUnattendedRPA",
              "ptricks_product": 1,
              "ptricks_licenseid": "ed4641a9-8194-ef11-8a6a-7c1e520aa6ec"
            },
            {
              "ptricks_name": "Power Automate per Flow",
              "ptricks_type": 1,
              "ptricks_addontypename": "PerFlowPlan",
              "ptricks_product": 1,
              "ptricks_licenseid": "ef4641a9-8194-ef11-8a6a-7c1e520aa6ec"
            },
            {
              "ptricks_name": "Power Automate Premium",
              "ptricks_type": 0,
              "ptricks_addontypename": "N/A",
              "ptricks_product": 1,
              "ptricks_licenseid": "f14641a9-8194-ef11-8a6a-7c1e520aa6ec"
            },
            {
              "ptricks_name": "Power Automate Process",
              "ptricks_type": 1,
              "ptricks_addontypename": "PowerAutomatePerProcess",
              "ptricks_product": 1,
              "ptricks_licenseid": "f34641a9-8194-ef11-8a6a-7c1e520aa6ec"
            },
            {
              "ptricks_name": "Power Pages anonymous users",
              "ptricks_type": 1,
              "ptricks_addontypename": "PowerPagesAnonymous",
              "ptricks_product": 2,
              "ptricks_licenseid": "f54641a9-8194-ef11-8a6a-7c1e520aa6ec"
            },
            {
              "ptricks_name": "Power Pages authenticated users",
              "ptricks_type": 1,
              "ptricks_addontypename": "PowerPagesAuthenticated",
              "ptricks_product": 2,
              "ptricks_licenseid": "f74641a9-8194-ef11-8a6a-7c1e520aa6ec"
            },
            {
              "ptricks_name": "Process mining data",
              "ptricks_type": 1,
              "ptricks_addontypename": "ProcessMiningDataStorage",
              "ptricks_product": 4,
              "ptricks_licenseid": "fd4641a9-8194-ef11-8a6a-7c1e520aa6ec"
            }
          ]
        },
        "Apply_to_each_License_to_Add": {
          "foreach": "@outputs('Compose_License_Array')",
          "actions": {
            "Update_a_row": {
              "runAfter": {},
              "metadata": {
                "operationMetadataId": "2df1092a-21d7-488a-903d-ee3ae22a3b36"
              },
              "type": "OpenApiConnection",
              "inputs": {
                "host": {
                  "connectionName": "shared_commondataserviceforapps_1",
                  "operationId": "UpdateRecord",
                  "apiId": "/providers/Microsoft.PowerApps/apis/shared_commondataserviceforapps"
                },
                "parameters": {
                  "entityName": "ptricks_licenses",
                  "recordId": "@item()?['ptricks_licenseid']",
                  "item/ptricks_name": "@item()?['ptricks_name']",
                  "item/ptricks_addontypename": "@item()?['ptricks_addontypename']",
                  "item/ptricks_type": "@item()?['ptricks_type']",
                  "item/ptricks_product": "@item()?['ptricks_product']"
                },
                "authentication": {
                  "type": "Raw",
                  "value": "@json(decodeBase64(triggerOutputs().headers['X-MS-APIM-Tokens']))['$ConnectionKey']"
                }
              }
            }
          },
          "runAfter": {
            "Compose_License_Array": [
              "Succeeded"
            ]
          },
          "metadata": {
            "operationMetadataId": "8f957d7a-a88a-4455-9767-3de824319bdf"
          },
          "type": "Foreach",
          "runtimeConfiguration": {
            "concurrency": {
              "repetitions": 50
            }
          }
        },
        "Compose_Sku_Array": {
          "runAfter": {
            "Apply_to_each_License_to_Add": [
              "Succeeded"
            ]
          },
          "metadata": {
            "operationMetadataId": "f541201b-928b-41a3-b2ea-627a286410be"
          },
          "type": "Compose",
          "inputs": [
            {
              "ptricks_name": "AI Builder Capacity Add-on T1",
              "ptricks_skupartnumber": "CDSAICAPACITY",
              "ptricks_licenseid": "d14641a9-8194-ef11-8a6a-7c1e520aa6ec",
              "ptricks_purchasedskuid": "d2dea78b-507c-4e56-b400-39447f4738f8"
            },
            {
              "ptricks_name": "AI Builder Capacity Add-on T2 (min 10 packs)",
              "ptricks_skupartnumber": "AI_Builder_Capacity_Add_on_T2_(min_10_packs)",
              "ptricks_licenseid": "d14641a9-8194-ef11-8a6a-7c1e520aa6ec",
              "ptricks_purchasedskuid": "607667d6-ca13-4668-81b4-9aeea2db04a4"
            },
            {
              "ptricks_name": "AI Builder Capacity Add-on T3 (min 50 packs)",
              "ptricks_skupartnumber": "AI_Builder_Capacity_Add_on_T3_(min_50_packs)",
              "ptricks_licenseid": "d14641a9-8194-ef11-8a6a-7c1e520aa6ec",
              "ptricks_purchasedskuid": "a1356212-e480-46f8-b08b-c4df7a49e8a0"
            },
            {
              "ptricks_name": "Copilot Studio Chat Sessions Base",
              "ptricks_skupartnumber": "VIRTUAL_AGENT_BASE",
              "ptricks_licenseid": "d34641a9-8194-ef11-8a6a-7c1e520aa6ec",
              "ptricks_purchasedskuid": "e4e55366-9635-46f4-a907-fc8c3b5ec81f"
            },
            {
              "ptricks_name": "Copilot Studio Messages",
              "ptricks_skupartnumber": "Power_Virtual_Agents",
              "ptricks_licenseid": "d54641a9-8194-ef11-8a6a-7c1e520aa6ec",
              "ptricks_purchasedskuid": "75564b9c-51e8-431c-b8fe-d472d5a545c8"
            },
            {
              "ptricks_name": "Copilot Studio User",
              "ptricks_skupartnumber": "VIRTUAL_AGENT_USL",
              "ptricks_licenseid": "d74641a9-8194-ef11-8a6a-7c1e520aa6ec",
              "ptricks_purchasedskuid": "4b74a65c-8b4a-4fc8-9f6b-5177ed11ddfa"
            },
            {
              "ptricks_name": "Dataverse Database Capacity",
              "ptricks_skupartnumber": "CDS_DB_CAPACITY",
              "ptricks_licenseid": "d94641a9-8194-ef11-8a6a-7c1e520aa6ec",
              "ptricks_purchasedskuid": "e612d426-6bc3-4181-9658-91aa906b0ac0"
            },
            {
              "ptricks_name": "Dataverse File Capacity",
              "ptricks_skupartnumber": "CDS_FILE_CAPACITY",
              "ptricks_licenseid": "db4641a9-8194-ef11-8a6a-7c1e520aa6ec",
              "ptricks_purchasedskuid": "631d5fb1-a668-4c2a-9427-8830665a742e"
            },
            {
              "ptricks_name": "Dataverse Log Capacity",
              "ptricks_skupartnumber": "CDS_LOG_CAPACITY",
              "ptricks_licenseid": "dd4641a9-8194-ef11-8a6a-7c1e520aa6ec",
              "ptricks_purchasedskuid": "448b063f-9cc6-42fc-a0e6-40e08724a395"
            },
            {
              "ptricks_name": "Portals login capacity add-on",
              "ptricks_skupartnumber": "POWERAPPS_PORTALS_LOGIN",
              "ptricks_licenseid": "df4641a9-8194-ef11-8a6a-7c1e520aa6ec",
              "ptricks_purchasedskuid": "5b340c18-f635-4a12-8623-cc33fae96ed4"
            },
            {
              "ptricks_name": "Portals login capacity add-on Tier 2 (10 unit min)",
              "ptricks_skupartnumber": "POWERAPPS_PORTALS_LOGIN_T2",
              "ptricks_licenseid": "df4641a9-8194-ef11-8a6a-7c1e520aa6ec",
              "ptricks_purchasedskuid": "57f3babd-73ce-40de-bcb2-dadbfbfff9f7"
            },
            {
              "ptricks_name": "Portals login capacity add-on Tier 3 (50 unit min)",
              "ptricks_skupartnumber": "POWERAPPS_PORTALS_LOGIN_T3",
              "ptricks_licenseid": "df4641a9-8194-ef11-8a6a-7c1e520aa6ec",
              "ptricks_purchasedskuid": "927d8402-8d3b-40e8-b779-34e859f7b497"
            },
            {
              "ptricks_name": "Portals page view capacity add-on",
              "ptricks_skupartnumber": "POWERAPPS_PORTALS_PAGEVIEW",
              "ptricks_licenseid": "e54641a9-8194-ef11-8a6a-7c1e520aa6ec",
              "ptricks_purchasedskuid": "a0de5e3a-2500-4a19-b8f4-ec1c64692d22"
            },
            {
              "ptricks_name": "Power Apps per App",
              "ptricks_skupartnumber": "POWERAPPS_PER_APP_NEW",
              "ptricks_licenseid": "e74641a9-8194-ef11-8a6a-7c1e520aa6ec",
              "ptricks_purchasedskuid": "b4d7b828-e8dc-4518-91f9-e123ae48440d"
            },
            {
              "ptricks_name": "Power Apps Premium",
              "ptricks_skupartnumber": "POWERAPPS_PER_USER",
              "ptricks_licenseid": "e94641a9-8194-ef11-8a6a-7c1e520aa6ec",
              "ptricks_purchasedskuid": "b30411f5-fea1-4a59-9ad9-3db7c7ead579"
            },
            {
              "ptricks_name": "Power Automate Desktop Hosted RPA",
              "ptricks_skupartnumber": "POWER_AUTOMATE_HOSTED_PROCESS",
              "ptricks_licenseid": "eb4641a9-8194-ef11-8a6a-7c1e520aa6ec",
              "ptricks_purchasedskuid": "5b6d511f-239b-40a1-9a5a-c54ec898b83a"
            },
            {
              "ptricks_name": "Power Automate Desktop Unattended RPA",
              "ptricks_skupartnumber": "POWERAUTOMATE_UNATTENDED_RPA",
              "ptricks_licenseid": "ed4641a9-8194-ef11-8a6a-7c1e520aa6ec",
              "ptricks_purchasedskuid": "3539d28c-6e35-4a30-b3a9-cd43d5d3e0e2"
            },
            {
              "ptricks_name": "Power Automate per Flow",
              "ptricks_skupartnumber": "FLOW_BUSINESS_PROCESS",
              "ptricks_licenseid": "ef4641a9-8194-ef11-8a6a-7c1e520aa6ec",
              "ptricks_purchasedskuid": "b3a42176-0a8c-4c3f-ba4e-f2b37fe5be6b"
            },
            {
              "ptricks_name": "Power Automate Premium",
              "ptricks_skupartnumber": "POWERAUTOMATE_ATTENDED_RPA",
              "ptricks_licenseid": "f14641a9-8194-ef11-8a6a-7c1e520aa6ec",
              "ptricks_purchasedskuid": "eda1941c-3c4f-4995-b5eb-e85a42175ab9"
            },
            {
              "ptricks_name": "Power Automate Process",
              "ptricks_skupartnumber": "Power_Automate_per_process",
              "ptricks_licenseid": "f34641a9-8194-ef11-8a6a-7c1e520aa6ec",
              "ptricks_purchasedskuid": "253ce8d3-6122-4240-8b04-f434a8fa831f"
            },
            {
              "ptricks_name": "Power Pages anonymous users T1 500 users/per site/month capacity pack",
              "ptricks_skupartnumber": "Power_Pages_anonymous_users_T1_500_users/per_site/month_capacity_pack",
              "ptricks_licenseid": "f54641a9-8194-ef11-8a6a-7c1e520aa6ec",
              "ptricks_purchasedskuid": "74a8790a-f2e7-41c4-98bf-dc25bf252af0"
            },
            {
              "ptricks_name": "Power Pages anonymous users T2 min 20 units - 500 users/per site/month capacity pack",
              "ptricks_skupartnumber": "Power_Pages_anonymous_users_T2_min_20_units_500_users/per_site/month_capacity_pack",
              "ptricks_licenseid": "f54641a9-8194-ef11-8a6a-7c1e520aa6ec",
              "ptricks_purchasedskuid": "03f73963-2763-467a-8c3d-b68017666d10"
            },
            {
              "ptricks_name": "Power Pages anonymous users T3 min 200 units - 500 users/per site/month capacity pack",
              "ptricks_skupartnumber": "Power_Pages_anonymous_users_T3_min_200_units_500_users/per_site/month_capacity_pack",
              "ptricks_licenseid": "f54641a9-8194-ef11-8a6a-7c1e520aa6ec",
              "ptricks_purchasedskuid": "f2c11523-949c-44f0-b4ad-97044b19464f"
            },
            {
              "ptricks_name": "Power Pages authenticated users T1 100 users/per site/month capacity pack",
              "ptricks_skupartnumber": "Power_Pages_authenticated_users_T1_100_users/per_site/month_capacity_pack",
              "ptricks_licenseid": "f74641a9-8194-ef11-8a6a-7c1e520aa6ec",
              "ptricks_purchasedskuid": "debc9e58-f2d7-412c-a0b6-575608564228"
            },
            {
              "ptricks_name": "Power Pages authenticated users T2 min 100 units - 100 users/per site/month capacity pack",
              "ptricks_skupartnumber": "Power_Pages_authenticated_users_T2_min_100_units_100_users/per_site/month_capacity_pack",
              "ptricks_licenseid": "f74641a9-8194-ef11-8a6a-7c1e520aa6ec",
              "ptricks_purchasedskuid": "6fe1e61a-91e5-40d7-a547-0d2dcc81bce8"
            },
            {
              "ptricks_name": "Power Pages authenticated users T3 min 1000 units - 100 users/per site/month capacity pack",
              "ptricks_skupartnumber": "Power_Pages_authenticated_users_T3_min_1,000_units_100_users/per_site/month_capacity_pack",
              "ptricks_licenseid": "f74641a9-8194-ef11-8a6a-7c1e520aa6ec",
              "ptricks_purchasedskuid": "878b8bbd-3cd0-4b44-9a56-3406741e65e0"
            },
            {
              "ptricks_name": "Process mining data",
              "ptricks_skupartnumber": "Power_Automate_Process_Mining",
              "ptricks_licenseid": "fd4641a9-8194-ef11-8a6a-7c1e520aa6ec",
              "ptricks_purchasedskuid": "8b106329-34fe-4b46-9946-4b5e603b7347"
            }
          ]
        },
        "Apply_to_each_Sku_to_add": {
          "foreach": "@outputs('Compose_Sku_Array')",
          "actions": {
            "Update_a_row_1": {
              "runAfter": {},
              "metadata": {
                "operationMetadataId": "501958e1-7fe2-4819-be00-34e4f984a077"
              },
              "type": "OpenApiConnection",
              "inputs": {
                "host": {
                  "connectionName": "shared_commondataserviceforapps_1",
                  "operationId": "UpdateRecord",
                  "apiId": "/providers/Microsoft.PowerApps/apis/shared_commondataserviceforapps"
                },
                "parameters": {
                  "entityName": "ptricks_purchasedskus",
                  "recordId": "@item()?['ptricks_purchasedskuid']",
                  "item/ptricks_name": "@item()?['ptricks_name']",
                  "item/ptricks_RelatedLicense@odata.bind": "ptricks_licenses(@{item()?['ptricks_licenseid']})",
                  "item/ptricks_skupartnumber": "@item()?['ptricks_skupartnumber']"
                },
                "authentication": {
                  "type": "Raw",
                  "value": "@json(decodeBase64(triggerOutputs().headers['X-MS-APIM-Tokens']))['$ConnectionKey']"
                }
              }
            }
          },
          "runAfter": {
            "Compose_Sku_Array": [
              "Succeeded"
            ]
          },
          "metadata": {
            "operationMetadataId": "013dae38-3500-4fb2-97ca-b0372eef17e9"
          },
          "type": "Foreach",
          "runtimeConfiguration": {
            "concurrency": {
              "repetitions": 50
            }
          }
        }
      },
      "outputs": {}
    },
    "templateName": ""
  },
  "schemaVersion": "1.0.0.0"
}