{
  "fxexpression": {
    "@uniquename": "ptricks_UpdateLicenseUnitsOnCreateSku",
    "category": "0",
    "context": "{\"Tables\":[\"ptricks_purchasedsku\",\"ptricks_license\"],\"CustomApis\":[],\"ConnectionReferences\":[],\"TabularConnectionReferences\":[],\"ActionConnectorConnectionReferences\":[]}",
    "entitylogicalname": "ptricks_purchasedsku",
    "iscustomizable": "1",
    "messagename": "Create",
    "name": "UpdateLicenseUnitsOnCreateSku",
    "statecode": "0",
    "statuscode": "1"
  }
}